# Blender 5.2.0 LTS
# www.blender.org
mtllib MejaBundarLuar.mtl
o Cylinder.010
v -11.853796 2.516228 20.926929
v -11.853796 2.482828 20.926929
v -11.621732 2.516228 20.948364
v -11.621732 2.482828 20.948364
v -11.398585 2.516228 21.011841
v -11.398585 2.482828 21.011841
v -11.192933 2.516228 21.114922
v -11.192933 2.482828 21.114922
v -11.012677 2.516228 21.253645
v -11.012677 2.482828 21.253645
v -10.864745 2.516228 21.422680
v -10.864745 2.482828 21.422680
v -10.754821 2.516228 21.615532
v -10.754821 2.482828 21.615532
v -10.687130 2.516228 21.824787
v -10.687130 2.482828 21.824787
v -10.664274 2.516228 22.042406
v -10.664274 2.482828 22.042406
v -10.687130 2.516228 22.260025
v -10.687130 2.482828 22.260025
v -10.754821 2.516228 22.469280
v -10.754821 2.482828 22.469280
v -10.864745 2.516228 22.662132
v -10.864745 2.482828 22.662132
v -11.012677 2.516228 22.831167
v -11.012677 2.482828 22.831167
v -11.192933 2.516228 22.969891
v -11.192933 2.482828 22.969891
v -11.398585 2.516228 23.072971
v -11.398585 2.482828 23.072971
v -11.621732 2.516228 23.136448
v -11.621732 2.482828 23.136448
v -11.853796 2.516228 23.157883
v -11.853796 2.482828 23.157883
v -12.085860 2.516228 23.136448
v -12.085860 2.482828 23.136448
v -12.309007 2.516228 23.072971
v -12.309007 2.482828 23.072971
v -12.514659 2.516228 22.969891
v -12.514659 2.482828 22.969891
v -12.694915 2.516228 22.831167
v -12.694915 2.482828 22.831167
v -12.842847 2.516228 22.662132
v -12.842847 2.482828 22.662132
v -12.952771 2.516228 22.469280
v -12.952771 2.482828 22.469280
v -13.020462 2.516228 22.260025
v -13.020462 2.482828 22.260025
v -13.043318 2.516228 22.042406
v -13.043318 2.482828 22.042406
v -13.020462 2.516228 21.824787
v -13.020462 2.482828 21.824787
v -12.952771 2.516228 21.615532
v -12.952771 2.482828 21.615532
v -12.842847 2.516228 21.422680
v -12.842847 2.482828 21.422680
v -12.694915 2.516228 21.253645
v -12.694915 2.482828 21.253645
v -12.514659 2.516228 21.114922
v -12.514659 2.482828 21.114922
v -12.309007 2.516228 21.011841
v -12.309007 2.482828 21.011841
v -12.085860 2.516228 20.948364
v -12.085860 2.482828 20.948364
vn 0.0920 -0.0000 -0.9958
vn 0.2736 -0.0000 -0.9618
vn 0.4481 -0.0000 -0.8940
vn 0.6099 -0.0000 -0.7925
vn 0.7525 -0.0000 -0.6586
vn 0.8688 -0.0000 -0.4952
vn 0.9515 -0.0000 -0.3078
vn 0.9945 -0.0000 -0.1045
vn 0.9945 -0.0000 0.1045
vn 0.9515 -0.0000 0.3078
vn 0.8688 -0.0000 0.4952
vn 0.7525 -0.0000 0.6586
vn 0.6099 -0.0000 0.7925
vn 0.4481 -0.0000 0.8940
vn 0.2736 -0.0000 0.9618
vn 0.0920 -0.0000 0.9958
vn -0.0920 -0.0000 0.9958
vn -0.2736 -0.0000 0.9618
vn -0.4481 -0.0000 0.8940
vn -0.6099 -0.0000 0.7925
vn -0.7525 -0.0000 0.6586
vn -0.8688 -0.0000 0.4952
vn -0.9515 -0.0000 0.3078
vn -0.9945 -0.0000 0.1045
vn -0.9945 -0.0000 -0.1045
vn -0.9515 -0.0000 -0.3078
vn -0.8688 -0.0000 -0.4952
vn -0.7525 -0.0000 -0.6586
vn -0.6099 -0.0000 -0.7925
vn -0.4481 -0.0000 -0.8940
vn -0.0000 -1.0000 -0.0000
vn -0.2736 -0.0000 -0.9618
vn -0.0920 -0.0000 -0.9958
vn -0.0000 1.0000 -0.0000
vt 1.000000 0.500000
vt 1.000000 1.000000
vt 0.968750 1.000000
vt 0.968750 0.500000
vt 0.937500 1.000000
vt 0.937500 0.500000
vt 0.906250 1.000000
vt 0.906250 0.500000
vt 0.875000 1.000000
vt 0.875000 0.500000
vt 0.843750 1.000000
vt 0.843750 0.500000
vt 0.812500 1.000000
vt 0.812500 0.500000
vt 0.781250 1.000000
vt 0.781250 0.500000
vt 0.750000 1.000000
vt 0.750000 0.500000
vt 0.718750 1.000000
vt 0.718750 0.500000
vt 0.687500 1.000000
vt 0.687500 0.500000
vt 0.656250 1.000000
vt 0.656250 0.500000
vt 0.625000 1.000000
vt 0.625000 0.500000
vt 0.593750 1.000000
vt 0.593750 0.500000
vt 0.562500 1.000000
vt 0.562500 0.500000
vt 0.531250 1.000000
vt 0.531250 0.500000
vt 0.500000 1.000000
vt 0.500000 0.500000
vt 0.468750 1.000000
vt 0.468750 0.500000
vt 0.437500 1.000000
vt 0.437500 0.500000
vt 0.406250 1.000000
vt 0.406250 0.500000
vt 0.375000 1.000000
vt 0.375000 0.500000
vt 0.343750 1.000000
vt 0.343750 0.500000
vt 0.312500 1.000000
vt 0.312500 0.500000
vt 0.281250 1.000000
vt 0.281250 0.500000
vt 0.250000 1.000000
vt 0.250000 0.500000
vt 0.218750 1.000000
vt 0.218750 0.500000
vt 0.187500 1.000000
vt 0.187500 0.500000
vt 0.156250 1.000000
vt 0.156250 0.500000
vt 0.125000 1.000000
vt 0.125000 0.500000
vt 0.093750 1.000000
vt 0.093750 0.500000
vt 0.062500 1.000000
vt 0.062500 0.500000
vt 0.296822 0.485388
vt 0.250000 0.490000
vt 0.203178 0.485388
vt 0.158156 0.471731
vt 0.116663 0.449553
vt 0.080294 0.419706
vt 0.050447 0.383337
vt 0.028269 0.341844
vt 0.014612 0.296822
vt 0.010000 0.250000
vt 0.014612 0.203178
vt 0.028269 0.158156
vt 0.050447 0.116663
vt 0.080294 0.080294
vt 0.116663 0.050447
vt 0.158156 0.028269
vt 0.203178 0.014612
vt 0.250000 0.010000
vt 0.296822 0.014612
vt 0.341844 0.028269
vt 0.383337 0.050447
vt 0.419706 0.080294
vt 0.449553 0.116663
vt 0.471731 0.158156
vt 0.485388 0.203178
vt 0.490000 0.250000
vt 0.485388 0.296822
vt 0.471731 0.341844
vt 0.449553 0.383337
vt 0.419706 0.419706
vt 0.383337 0.449553
vt 0.341844 0.471731
vt 0.031250 1.000000
vt 0.031250 0.500000
vt 0.000000 1.000000
vt 0.000000 0.500000
vt 0.750000 0.490000
vt 0.796822 0.485388
vt 0.841844 0.471731
vt 0.883337 0.449553
vt 0.919706 0.419706
vt 0.949553 0.383337
vt 0.971731 0.341844
vt 0.985388 0.296822
vt 0.990000 0.250000
vt 0.985388 0.203178
vt 0.971731 0.158156
vt 0.949553 0.116663
vt 0.919706 0.080294
vt 0.883337 0.050447
vt 0.841844 0.028269
vt 0.796822 0.014612
vt 0.750000 0.010000
vt 0.703178 0.014612
vt 0.658156 0.028269
vt 0.616663 0.050447
vt 0.580294 0.080294
vt 0.550447 0.116663
vt 0.528269 0.158156
vt 0.514612 0.203178
vt 0.510000 0.250000
vt 0.514612 0.296822
vt 0.528269 0.341844
vt 0.550447 0.383337
vt 0.580294 0.419706
vt 0.616663 0.449553
vt 0.658156 0.471731
vt 0.703178 0.485388
s 0
f 1/1/1 3/4/1 4/3/1 2/2/1
f 3/4/2 5/6/2 6/5/2 4/3/2
f 5/6/3 7/8/3 8/7/3 6/5/3
f 7/8/4 9/10/4 10/9/4 8/7/4
f 9/10/5 11/12/5 12/11/5 10/9/5
f 11/12/6 13/14/6 14/13/6 12/11/6
f 13/14/7 15/16/7 16/15/7 14/13/7
f 15/16/8 17/18/8 18/17/8 16/15/8
f 17/18/9 19/20/9 20/19/9 18/17/9
f 19/20/10 21/22/10 22/21/10 20/19/10
f 21/22/11 23/24/11 24/23/11 22/21/11
f 23/24/12 25/26/12 26/25/12 24/23/12
f 25/26/13 27/28/13 28/27/13 26/25/13
f 27/28/14 29/30/14 30/29/14 28/27/14
f 29/30/15 31/32/15 32/31/15 30/29/15
f 31/32/16 33/34/16 34/33/16 32/31/16
f 33/34/17 35/36/17 36/35/17 34/33/17
f 35/36/18 37/38/18 38/37/18 36/35/18
f 37/38/19 39/40/19 40/39/19 38/37/19
f 39/40/20 41/42/20 42/41/20 40/39/20
f 41/42/21 43/44/21 44/43/21 42/41/21
f 43/44/22 45/46/22 46/45/22 44/43/22
f 45/46/23 47/48/23 48/47/23 46/45/23
f 47/48/24 49/50/24 50/49/24 48/47/24
f 49/50/25 51/52/25 52/51/25 50/49/25
f 51/52/26 53/54/26 54/53/26 52/51/26
f 53/54/27 55/56/27 56/55/27 54/53/27
f 55/56/28 57/58/28 58/57/28 56/55/28
f 57/58/29 59/60/29 60/59/29 58/57/29
f 59/60/30 61/62/30 62/61/30 60/59/30
f 4/63/31 6/94/31 8/93/31 10/92/31 12/91/31 14/90/31 16/89/31 18/88/31 20/87/31 22/86/31 24/85/31 26/84/31 28/83/31 30/82/31 32/81/31 34/80/31 36/79/31 38/78/31 40/77/31 42/76/31 44/75/31 46/74/31 48/73/31 50/72/31 52/71/31 54/70/31 56/69/31 58/68/31 60/67/31 62/66/31 64/65/31 2/64/31
f 61/62/32 63/96/32 64/95/32 62/61/32
f 63/96/33 1/98/33 2/97/33 64/95/33
f 1/99/34 63/130/34 61/129/34 59/128/34 57/127/34 55/126/34 53/125/34 51/124/34 49/123/34 47/122/34 45/121/34 43/120/34 41/119/34 39/118/34 37/117/34 35/116/34 33/115/34 31/114/34 29/113/34 27/112/34 25/111/34 23/110/34 21/109/34 19/108/34 17/107/34 15/106/34 13/105/34 11/104/34 9/103/34 7/102/34 5/101/34 3/100/34
o Cube.224
v -11.834731 0.019313 21.157667
v -11.834731 0.019313 21.120962
v -11.873874 0.019313 21.157667
v -11.873874 0.019313 21.120962
v -11.834731 2.496471 21.157667
v -11.834731 2.496471 21.120962
v -11.873874 2.496471 21.157667
v -11.873874 2.496471 21.120962
vn -0.0000 -0.0000 1.0000
vn -1.0000 -0.0000 -0.0000
vn -0.0000 1.0000 -0.0000
vn -0.0000 -0.0000 -1.0000
vn -0.0000 -1.0000 -0.0000
vn 1.0000 -0.0000 -0.0000
vt 0.625000 0.500000
vt 0.875000 0.500000
vt 0.875000 0.750000
vt 0.625000 0.750000
vt 0.375000 0.750000
vt 0.625000 1.000000
vt 0.375000 1.000000
vt 0.375000 0.000000
vt 0.625000 0.000000
vt 0.625000 0.250000
vt 0.375000 0.250000
vt 0.125000 0.500000
vt 0.375000 0.500000
vt 0.125000 0.750000
s 0
usemtl Material.005
f 65/131/35 69/132/35 71/133/35 67/134/35
f 68/135/36 67/134/36 71/136/36 72/137/36
f 72/138/37 71/139/37 69/140/37 70/141/37
f 70/142/38 66/143/38 68/135/38 72/144/38
f 66/143/39 65/131/39 67/134/39 68/135/39
f 70/141/40 69/140/40 65/131/40 66/143/40
o Cube.225
v -11.834731 0.019313 22.964169
v -11.834731 0.019313 22.927464
v -11.873874 0.019313 22.964169
v -11.873874 0.019313 22.927464
v -11.834731 2.496471 22.964169
v -11.834731 2.496471 22.927464
v -11.873874 2.496471 22.964169
v -11.873874 2.496471 22.927464
vn -0.0000 -0.0000 1.0000
vn -1.0000 -0.0000 -0.0000
vn -0.0000 1.0000 -0.0000
vn -0.0000 -0.0000 -1.0000
vn -0.0000 -1.0000 -0.0000
vn 1.0000 -0.0000 -0.0000
vt 0.625000 0.500000
vt 0.875000 0.500000
vt 0.875000 0.750000
vt 0.625000 0.750000
vt 0.375000 0.750000
vt 0.625000 1.000000
vt 0.375000 1.000000
vt 0.375000 0.000000
vt 0.625000 0.000000
vt 0.625000 0.250000
vt 0.375000 0.250000
vt 0.125000 0.500000
vt 0.375000 0.500000
vt 0.125000 0.750000
s 0
usemtl Material.006
f 73/145/41 77/146/41 79/147/41 75/148/41
f 76/149/42 75/148/42 79/150/42 80/151/42
f 80/152/43 79/153/43 77/154/43 78/155/43
f 78/156/44 74/157/44 76/149/44 80/158/44
f 74/157/45 73/145/45 75/148/45 76/149/45
f 78/155/46 77/154/46 73/145/46 74/157/46
o Cube.226
v -10.870702 0.019313 22.060915
v -10.870702 0.019313 22.024210
v -10.909844 0.019313 22.060915
v -10.909844 0.019313 22.024210
v -10.870702 2.496471 22.060915
v -10.870702 2.496471 22.024210
v -10.909844 2.496471 22.060915
v -10.909844 2.496471 22.024210
vn -0.0000 -0.0000 1.0000
vn -1.0000 -0.0000 -0.0000
vn -0.0000 1.0000 -0.0000
vn -0.0000 -0.0000 -1.0000
vn -0.0000 -1.0000 -0.0000
vn 1.0000 -0.0000 -0.0000
vt 0.625000 0.500000
vt 0.875000 0.500000
vt 0.875000 0.750000
vt 0.625000 0.750000
vt 0.375000 0.750000
vt 0.625000 1.000000
vt 0.375000 1.000000
vt 0.375000 0.000000
vt 0.625000 0.000000
vt 0.625000 0.250000
vt 0.375000 0.250000
vt 0.125000 0.500000
vt 0.375000 0.500000
vt 0.125000 0.750000
s 0
usemtl Material.007
f 81/159/47 85/160/47 87/161/47 83/162/47
f 84/163/48 83/162/48 87/164/48 88/165/48
f 88/166/49 87/167/49 85/168/49 86/169/49
f 86/170/50 82/171/50 84/163/50 88/172/50
f 82/171/51 81/159/51 83/162/51 84/163/51
f 86/169/52 85/168/52 81/159/52 82/171/52
o Cube.227
v -12.797939 0.019313 22.060146
v -12.797939 0.019313 22.023441
v -12.837082 0.019313 22.060146
v -12.837082 0.019313 22.023441
v -12.797939 2.496471 22.060146
v -12.797939 2.496471 22.023441
v -12.837082 2.496471 22.060146
v -12.837082 2.496471 22.023441
vn -0.0000 -0.0000 1.0000
vn -1.0000 -0.0000 -0.0000
vn -0.0000 1.0000 -0.0000
vn -0.0000 -0.0000 -1.0000
vn -0.0000 -1.0000 -0.0000
vn 1.0000 -0.0000 -0.0000
vt 0.625000 0.500000
vt 0.875000 0.500000
vt 0.875000 0.750000
vt 0.625000 0.750000
vt 0.375000 0.750000
vt 0.625000 1.000000
vt 0.375000 1.000000
vt 0.375000 0.000000
vt 0.625000 0.000000
vt 0.625000 0.250000
vt 0.375000 0.250000
vt 0.125000 0.500000
vt 0.375000 0.500000
vt 0.125000 0.750000
s 0
usemtl Material.008
f 89/173/53 93/174/53 95/175/53 91/176/53
f 92/177/54 91/176/54 95/178/54 96/179/54
f 96/180/55 95/181/55 93/182/55 94/183/55
f 94/184/56 90/185/56 92/177/56 96/186/56
f 90/185/57 89/173/57 91/176/57 92/177/57
f 94/183/58 93/182/58 89/173/58 90/185/58
o Cube.228
v -11.834225 0.134129 22.963789
v -11.834225 0.084787 22.963789
v -11.873367 0.134129 22.963789
v -11.873367 0.084787 22.963789
v -11.834225 0.134129 21.121023
v -11.834225 0.084787 21.121023
v -11.873367 0.134129 21.121023
v -11.873367 0.084787 21.121023
vn -0.0000 1.0000 -0.0000
vn -1.0000 -0.0000 -0.0000
vn -0.0000 -0.0000 -1.0000
vn -0.0000 -1.0000 -0.0000
vn -0.0000 -0.0000 1.0000
vn 1.0000 -0.0000 -0.0000
vt 0.625000 0.500000
vt 0.875000 0.500000
vt 0.875000 0.750000
vt 0.625000 0.750000
vt 0.375000 0.750000
vt 0.625000 1.000000
vt 0.375000 1.000000
vt 0.375000 0.000000
vt 0.625000 0.000000
vt 0.625000 0.250000
vt 0.375000 0.250000
vt 0.125000 0.500000
vt 0.375000 0.500000
vt 0.125000 0.750000
s 0
usemtl Material.009
f 97/187/59 101/188/59 103/189/59 99/190/59
f 100/191/60 99/190/60 103/192/60 104/193/60
f 104/194/61 103/195/61 101/196/61 102/197/61
f 102/198/62 98/199/62 100/191/62 104/200/62
f 98/199/63 97/187/63 99/190/63 100/191/63
f 102/197/64 101/196/64 97/187/64 98/199/64
o Cube.229
v -10.871250 0.134129 22.024054
v -10.871250 0.084787 22.024054
v -10.871250 0.134129 22.060759
v -10.871250 0.084787 22.060759
v -12.836342 0.134129 22.024054
v -12.836342 0.084787 22.024054
v -12.836342 0.134129 22.060759
v -12.836342 0.084787 22.060759
vn -0.0000 1.0000 -0.0000
vn -0.0000 -0.0000 1.0000
vn -1.0000 -0.0000 -0.0000
vn -0.0000 -1.0000 -0.0000
vn 1.0000 -0.0000 -0.0000
vn -0.0000 -0.0000 -1.0000
vt 0.625000 0.500000
vt 0.875000 0.500000
vt 0.875000 0.750000
vt 0.625000 0.750000
vt 0.375000 0.750000
vt 0.625000 1.000000
vt 0.375000 1.000000
vt 0.375000 0.000000
vt 0.625000 0.000000
vt 0.625000 0.250000
vt 0.375000 0.250000
vt 0.125000 0.500000
vt 0.375000 0.500000
vt 0.125000 0.750000
s 0
usemtl Material.010
f 105/201/65 109/202/65 111/203/65 107/204/65
f 108/205/66 107/204/66 111/206/66 112/207/66
f 112/208/67 111/209/67 109/210/67 110/211/67
f 110/212/68 106/213/68 108/205/68 112/214/68
f 106/213/69 105/201/69 107/204/69 108/205/69
f 110/211/70 109/210/70 105/201/70 106/213/70
o Cylinder.011
v -7.021693 2.516228 20.926929
v -7.021693 2.482828 20.926929
v -6.789629 2.516228 20.948364
v -6.789629 2.482828 20.948364
v -6.566483 2.516228 21.011841
v -6.566483 2.482828 21.011841
v -6.360830 2.516228 21.114922
v -6.360830 2.482828 21.114922
v -6.180574 2.516228 21.253645
v -6.180574 2.482828 21.253645
v -6.032641 2.516228 21.422680
v -6.032641 2.482828 21.422680
v -5.922718 2.516228 21.615532
v -5.922718 2.482828 21.615532
v -5.855027 2.516228 21.824787
v -5.855027 2.482828 21.824787
v -5.832171 2.516228 22.042406
v -5.832171 2.482828 22.042406
v -5.855027 2.516228 22.260025
v -5.855027 2.482828 22.260025
v -5.922718 2.516228 22.469280
v -5.922718 2.482828 22.469280
v -6.032641 2.516228 22.662132
v -6.032641 2.482828 22.662132
v -6.180574 2.516228 22.831167
v -6.180574 2.482828 22.831167
v -6.360830 2.516228 22.969891
v -6.360830 2.482828 22.969891
v -6.566483 2.516228 23.072971
v -6.566483 2.482828 23.072971
v -6.789629 2.516228 23.136448
v -6.789629 2.482828 23.136448
v -7.021693 2.516228 23.157883
v -7.021693 2.482828 23.157883
v -7.253757 2.516228 23.136448
v -7.253757 2.482828 23.136448
v -7.476903 2.516228 23.072971
v -7.476903 2.482828 23.072971
v -7.682556 2.516228 22.969891
v -7.682556 2.482828 22.969891
v -7.862812 2.516228 22.831167
v -7.862812 2.482828 22.831167
v -8.010744 2.516228 22.662132
v -8.010744 2.482828 22.662132
v -8.120667 2.516228 22.469280
v -8.120667 2.482828 22.469280
v -8.188358 2.516228 22.260025
v -8.188358 2.482828 22.260025
v -8.211215 2.516228 22.042406
v -8.211215 2.482828 22.042406
v -8.188358 2.516228 21.824787
v -8.188358 2.482828 21.824787
v -8.120667 2.516228 21.615532
v -8.120667 2.482828 21.615532
v -8.010744 2.516228 21.422680
v -8.010744 2.482828 21.422680
v -7.862812 2.516228 21.253645
v -7.862812 2.482828 21.253645
v -7.682556 2.516228 21.114922
v -7.682556 2.482828 21.114922
v -7.476903 2.516228 21.011841
v -7.476903 2.482828 21.011841
v -7.253757 2.516228 20.948364
v -7.253757 2.482828 20.948364
vn 0.0920 -0.0000 -0.9958
vn 0.2736 -0.0000 -0.9618
vn 0.4481 -0.0000 -0.8940
vn 0.6099 -0.0000 -0.7925
vn 0.7525 -0.0000 -0.6586
vn 0.8688 -0.0000 -0.4952
vn 0.9515 -0.0000 -0.3078
vn 0.9945 -0.0000 -0.1045
vn 0.9945 -0.0000 0.1045
vn 0.9515 -0.0000 0.3078
vn 0.8688 -0.0000 0.4952
vn 0.7525 -0.0000 0.6586
vn 0.6099 -0.0000 0.7925
vn 0.4481 -0.0000 0.8940
vn 0.2736 -0.0000 0.9618
vn 0.0920 -0.0000 0.9958
vn -0.0920 -0.0000 0.9958
vn -0.2736 -0.0000 0.9618
vn -0.4481 -0.0000 0.8940
vn -0.6099 -0.0000 0.7925
vn -0.7525 -0.0000 0.6586
vn -0.8688 -0.0000 0.4952
vn -0.9515 -0.0000 0.3078
vn -0.9945 -0.0000 0.1045
vn -0.9945 -0.0000 -0.1045
vn -0.9515 -0.0000 -0.3078
vn -0.8688 -0.0000 -0.4952
vn -0.7525 -0.0000 -0.6586
vn -0.6099 -0.0000 -0.7925
vn -0.4481 -0.0000 -0.8940
vn -0.0000 -1.0000 -0.0000
vn -0.2736 -0.0000 -0.9618
vn -0.0920 -0.0000 -0.9958
vn -0.0000 1.0000 -0.0000
vt 1.000000 0.500000
vt 1.000000 1.000000
vt 0.968750 1.000000
vt 0.968750 0.500000
vt 0.937500 1.000000
vt 0.937500 0.500000
vt 0.906250 1.000000
vt 0.906250 0.500000
vt 0.875000 1.000000
vt 0.875000 0.500000
vt 0.843750 1.000000
vt 0.843750 0.500000
vt 0.812500 1.000000
vt 0.812500 0.500000
vt 0.781250 1.000000
vt 0.781250 0.500000
vt 0.750000 1.000000
vt 0.750000 0.500000
vt 0.718750 1.000000
vt 0.718750 0.500000
vt 0.687500 1.000000
vt 0.687500 0.500000
vt 0.656250 1.000000
vt 0.656250 0.500000
vt 0.625000 1.000000
vt 0.625000 0.500000
vt 0.593750 1.000000
vt 0.593750 0.500000
vt 0.562500 1.000000
vt 0.562500 0.500000
vt 0.531250 1.000000
vt 0.531250 0.500000
vt 0.500000 1.000000
vt 0.500000 0.500000
vt 0.468750 1.000000
vt 0.468750 0.500000
vt 0.437500 1.000000
vt 0.437500 0.500000
vt 0.406250 1.000000
vt 0.406250 0.500000
vt 0.375000 1.000000
vt 0.375000 0.500000
vt 0.343750 1.000000
vt 0.343750 0.500000
vt 0.312500 1.000000
vt 0.312500 0.500000
vt 0.281250 1.000000
vt 0.281250 0.500000
vt 0.250000 1.000000
vt 0.250000 0.500000
vt 0.218750 1.000000
vt 0.218750 0.500000
vt 0.187500 1.000000
vt 0.187500 0.500000
vt 0.156250 1.000000
vt 0.156250 0.500000
vt 0.125000 1.000000
vt 0.125000 0.500000
vt 0.093750 1.000000
vt 0.093750 0.500000
vt 0.062500 1.000000
vt 0.062500 0.500000
vt 0.296822 0.485388
vt 0.250000 0.490000
vt 0.203178 0.485388
vt 0.158156 0.471731
vt 0.116663 0.449553
vt 0.080294 0.419706
vt 0.050447 0.383337
vt 0.028269 0.341844
vt 0.014612 0.296822
vt 0.010000 0.250000
vt 0.014612 0.203178
vt 0.028269 0.158156
vt 0.050447 0.116663
vt 0.080294 0.080294
vt 0.116663 0.050447
vt 0.158156 0.028269
vt 0.203178 0.014612
vt 0.250000 0.010000
vt 0.296822 0.014612
vt 0.341844 0.028269
vt 0.383337 0.050447
vt 0.419706 0.080294
vt 0.449553 0.116663
vt 0.471731 0.158156
vt 0.485388 0.203178
vt 0.490000 0.250000
vt 0.485388 0.296822
vt 0.471731 0.341844
vt 0.449553 0.383337
vt 0.419706 0.419706
vt 0.383337 0.449553
vt 0.341844 0.471731
vt 0.031250 1.000000
vt 0.031250 0.500000
vt 0.000000 1.000000
vt 0.000000 0.500000
vt 0.750000 0.490000
vt 0.796822 0.485388
vt 0.841844 0.471731
vt 0.883337 0.449553
vt 0.919706 0.419706
vt 0.949553 0.383337
vt 0.971731 0.341844
vt 0.985388 0.296822
vt 0.990000 0.250000
vt 0.985388 0.203178
vt 0.971731 0.158156
vt 0.949553 0.116663
vt 0.919706 0.080294
vt 0.883337 0.050447
vt 0.841844 0.028269
vt 0.796822 0.014612
vt 0.750000 0.010000
vt 0.703178 0.014612
vt 0.658156 0.028269
vt 0.616663 0.050447
vt 0.580294 0.080294
vt 0.550447 0.116663
vt 0.528269 0.158156
vt 0.514612 0.203178
vt 0.510000 0.250000
vt 0.514612 0.296822
vt 0.528269 0.341844
vt 0.550447 0.383337
vt 0.580294 0.419706
vt 0.616663 0.449553
vt 0.658156 0.471731
vt 0.703178 0.485388
s 0
f 113/215/71 115/218/71 116/217/71 114/216/71
f 115/218/72 117/220/72 118/219/72 116/217/72
f 117/220/73 119/222/73 120/221/73 118/219/73
f 119/222/74 121/224/74 122/223/74 120/221/74
f 121/224/75 123/226/75 124/225/75 122/223/75
f 123/226/76 125/228/76 126/227/76 124/225/76
f 125/228/77 127/230/77 128/229/77 126/227/77
f 127/230/78 129/232/78 130/231/78 128/229/78
f 129/232/79 131/234/79 132/233/79 130/231/79
f 131/234/80 133/236/80 134/235/80 132/233/80
f 133/236/81 135/238/81 136/237/81 134/235/81
f 135/238/82 137/240/82 138/239/82 136/237/82
f 137/240/83 139/242/83 140/241/83 138/239/83
f 139/242/84 141/244/84 142/243/84 140/241/84
f 141/244/85 143/246/85 144/245/85 142/243/85
f 143/246/86 145/248/86 146/247/86 144/245/86
f 145/248/87 147/250/87 148/249/87 146/247/87
f 147/250/88 149/252/88 150/251/88 148/249/88
f 149/252/89 151/254/89 152/253/89 150/251/89
f 151/254/90 153/256/90 154/255/90 152/253/90
f 153/256/91 155/258/91 156/257/91 154/255/91
f 155/258/92 157/260/92 158/259/92 156/257/92
f 157/260/93 159/262/93 160/261/93 158/259/93
f 159/262/94 161/264/94 162/263/94 160/261/94
f 161/264/95 163/266/95 164/265/95 162/263/95
f 163/266/96 165/268/96 166/267/96 164/265/96
f 165/268/97 167/270/97 168/269/97 166/267/97
f 167/270/98 169/272/98 170/271/98 168/269/98
f 169/272/99 171/274/99 172/273/99 170/271/99
f 171/274/100 173/276/100 174/275/100 172/273/100
f 116/277/101 118/308/101 120/307/101 122/306/101 124/305/101 126/304/101 128/303/101 130/302/101 132/301/101 134/300/101 136/299/101 138/298/101 140/297/101 142/296/101 144/295/101 146/294/101 148/293/101 150/292/101 152/291/101 154/290/101 156/289/101 158/288/101 160/287/101 162/286/101 164/285/101 166/284/101 168/283/101 170/282/101 172/281/101 174/280/101 176/279/101 114/278/101
f 173/276/102 175/310/102 176/309/102 174/275/102
f 175/310/103 113/312/103 114/311/103 176/309/103
f 113/313/104 175/344/104 173/343/104 171/342/104 169/341/104 167/340/104 165/339/104 163/338/104 161/337/104 159/336/104 157/335/104 155/334/104 153/333/104 151/332/104 149/331/104 147/330/104 145/329/104 143/328/104 141/327/104 139/326/104 137/325/104 135/324/104 133/323/104 131/322/104 129/321/104 127/320/104 125/319/104 123/318/104 121/317/104 119/316/104 117/315/104 115/314/104
o Cube.230
v -7.002628 0.019313 21.157667
v -7.002628 0.019313 21.120962
v -7.041770 0.019313 21.157667
v -7.041770 0.019313 21.120962
v -7.002628 2.496471 21.157667
v -7.002628 2.496471 21.120962
v -7.041770 2.496471 21.157667
v -7.041770 2.496471 21.120962
vn -0.0000 -0.0000 1.0000
vn -1.0000 -0.0000 -0.0000
vn -0.0000 1.0000 -0.0000
vn -0.0000 -0.0000 -1.0000
vn -0.0000 -1.0000 -0.0000
vn 1.0000 -0.0000 -0.0000
vt 0.625000 0.500000
vt 0.875000 0.500000
vt 0.875000 0.750000
vt 0.625000 0.750000
vt 0.375000 0.750000
vt 0.625000 1.000000
vt 0.375000 1.000000
vt 0.375000 0.000000
vt 0.625000 0.000000
vt 0.625000 0.250000
vt 0.375000 0.250000
vt 0.125000 0.500000
vt 0.375000 0.500000
vt 0.125000 0.750000
s 0
usemtl Material.005
f 177/345/105 181/346/105 183/347/105 179/348/105
f 180/349/106 179/348/106 183/350/106 184/351/106
f 184/352/107 183/353/107 181/354/107 182/355/107
f 182/356/108 178/357/108 180/349/108 184/358/108
f 178/357/109 177/345/109 179/348/109 180/349/109
f 182/355/110 181/354/110 177/345/110 178/357/110
o Cube.231
v -7.002628 0.019313 22.964169
v -7.002628 0.019313 22.927464
v -7.041770 0.019313 22.964169
v -7.041770 0.019313 22.927464
v -7.002628 2.496471 22.964169
v -7.002628 2.496471 22.927464
v -7.041770 2.496471 22.964169
v -7.041770 2.496471 22.927464
vn -0.0000 -0.0000 1.0000
vn -1.0000 -0.0000 -0.0000
vn -0.0000 1.0000 -0.0000
vn -0.0000 -0.0000 -1.0000
vn -0.0000 -1.0000 -0.0000
vn 1.0000 -0.0000 -0.0000
vt 0.625000 0.500000
vt 0.875000 0.500000
vt 0.875000 0.750000
vt 0.625000 0.750000
vt 0.375000 0.750000
vt 0.625000 1.000000
vt 0.375000 1.000000
vt 0.375000 0.000000
vt 0.625000 0.000000
vt 0.625000 0.250000
vt 0.375000 0.250000
vt 0.125000 0.500000
vt 0.375000 0.500000
vt 0.125000 0.750000
s 0
usemtl Material.006
f 185/359/111 189/360/111 191/361/111 187/362/111
f 188/363/112 187/362/112 191/364/112 192/365/112
f 192/366/113 191/367/113 189/368/113 190/369/113
f 190/370/114 186/371/114 188/363/114 192/372/114
f 186/371/115 185/359/115 187/362/115 188/363/115
f 190/369/116 189/368/116 185/359/116 186/371/116
o Cube.232
v -6.038599 0.019313 22.060915
v -6.038599 0.019313 22.024210
v -6.077741 0.019313 22.060915
v -6.077741 0.019313 22.024210
v -6.038599 2.496471 22.060915
v -6.038599 2.496471 22.024210
v -6.077741 2.496471 22.060915
v -6.077741 2.496471 22.024210
vn -0.0000 -0.0000 1.0000
vn -1.0000 -0.0000 -0.0000
vn -0.0000 1.0000 -0.0000
vn -0.0000 -0.0000 -1.0000
vn -0.0000 -1.0000 -0.0000
vn 1.0000 -0.0000 -0.0000
vt 0.625000 0.500000
vt 0.875000 0.500000
vt 0.875000 0.750000
vt 0.625000 0.750000
vt 0.375000 0.750000
vt 0.625000 1.000000
vt 0.375000 1.000000
vt 0.375000 0.000000
vt 0.625000 0.000000
vt 0.625000 0.250000
vt 0.375000 0.250000
vt 0.125000 0.500000
vt 0.375000 0.500000
vt 0.125000 0.750000
s 0
usemtl Material.007
f 193/373/117 197/374/117 199/375/117 195/376/117
f 196/377/118 195/376/118 199/378/118 200/379/118
f 200/380/119 199/381/119 197/382/119 198/383/119
f 198/384/120 194/385/120 196/377/120 200/386/120
f 194/385/121 193/373/121 195/376/121 196/377/121
f 198/383/122 197/382/122 193/373/122 194/385/122
o Cube.233
v -7.965836 0.019313 22.060146
v -7.965836 0.019313 22.023441
v -8.004978 0.019313 22.060146
v -8.004978 0.019313 22.023441
v -7.965836 2.496471 22.060146
v -7.965836 2.496471 22.023441
v -8.004978 2.496471 22.060146
v -8.004978 2.496471 22.023441
vn -0.0000 -0.0000 1.0000
vn -1.0000 -0.0000 -0.0000
vn -0.0000 1.0000 -0.0000
vn -0.0000 -0.0000 -1.0000
vn -0.0000 -1.0000 -0.0000
vn 1.0000 -0.0000 -0.0000
vt 0.625000 0.500000
vt 0.875000 0.500000
vt 0.875000 0.750000
vt 0.625000 0.750000
vt 0.375000 0.750000
vt 0.625000 1.000000
vt 0.375000 1.000000
vt 0.375000 0.000000
vt 0.625000 0.000000
vt 0.625000 0.250000
vt 0.375000 0.250000
vt 0.125000 0.500000
vt 0.375000 0.500000
vt 0.125000 0.750000
s 0
usemtl Material.008
f 201/387/123 205/388/123 207/389/123 203/390/123
f 204/391/124 203/390/124 207/392/124 208/393/124
f 208/394/125 207/395/125 205/396/125 206/397/125
f 206/398/126 202/399/126 204/391/126 208/400/126
f 202/399/127 201/387/127 203/390/127 204/391/127
f 206/397/128 205/396/128 201/387/128 202/399/128
o Cube.234
v -7.002121 0.134129 22.963789
v -7.002121 0.084787 22.963789
v -7.041264 0.134129 22.963789
v -7.041264 0.084787 22.963789
v -7.002121 0.134129 21.121023
v -7.002121 0.084787 21.121023
v -7.041264 0.134129 21.121023
v -7.041264 0.084787 21.121023
vn -0.0000 1.0000 -0.0000
vn -1.0000 -0.0000 -0.0000
vn -0.0000 -0.0000 -1.0000
vn -0.0000 -1.0000 -0.0000
vn -0.0000 -0.0000 1.0000
vn 1.0000 -0.0000 -0.0000
vt 0.625000 0.500000
vt 0.875000 0.500000
vt 0.875000 0.750000
vt 0.625000 0.750000
vt 0.375000 0.750000
vt 0.625000 1.000000
vt 0.375000 1.000000
vt 0.375000 0.000000
vt 0.625000 0.000000
vt 0.625000 0.250000
vt 0.375000 0.250000
vt 0.125000 0.500000
vt 0.375000 0.500000
vt 0.125000 0.750000
s 0
usemtl Material.009
f 209/401/129 213/402/129 215/403/129 211/404/129
f 212/405/130 211/404/130 215/406/130 216/407/130
f 216/408/131 215/409/131 213/410/131 214/411/131
f 214/412/132 210/413/132 212/405/132 216/414/132
f 210/413/133 209/401/133 211/404/133 212/405/133
f 214/411/134 213/410/134 209/401/134 210/413/134
o Cube.235
v -6.039147 0.134129 22.024054
v -6.039147 0.084787 22.024054
v -6.039147 0.134129 22.060759
v -6.039147 0.084787 22.060759
v -8.004238 0.134129 22.024054
v -8.004238 0.084787 22.024054
v -8.004238 0.134129 22.060759
v -8.004238 0.084787 22.060759
vn -0.0000 1.0000 -0.0000
vn -0.0000 -0.0000 1.0000
vn -1.0000 -0.0000 -0.0000
vn -0.0000 -1.0000 -0.0000
vn 1.0000 -0.0000 -0.0000
vn -0.0000 -0.0000 -1.0000
vt 0.625000 0.500000
vt 0.875000 0.500000
vt 0.875000 0.750000
vt 0.625000 0.750000
vt 0.375000 0.750000
vt 0.625000 1.000000
vt 0.375000 1.000000
vt 0.375000 0.000000
vt 0.625000 0.000000
vt 0.625000 0.250000
vt 0.375000 0.250000
vt 0.125000 0.500000
vt 0.375000 0.500000
vt 0.125000 0.750000
s 0
usemtl Material.010
f 217/415/135 221/416/135 223/417/135 219/418/135
f 220/419/136 219/418/136 223/420/136 224/421/136
f 224/422/137 223/423/137 221/424/137 222/425/137
f 222/426/138 218/427/138 220/419/138 224/428/138
f 218/427/139 217/415/139 219/418/139 220/419/139
f 222/425/140 221/424/140 217/415/140 218/427/140
o Cylinder.012
v -1.943663 2.516228 20.926929
v -1.943663 2.482828 20.926929
v -1.711598 2.516228 20.948364
v -1.711598 2.482828 20.948364
v -1.488452 2.516228 21.011841
v -1.488452 2.482828 21.011841
v -1.282800 2.516228 21.114922
v -1.282800 2.482828 21.114922
v -1.102544 2.516228 21.253645
v -1.102544 2.482828 21.253645
v -0.954611 2.516228 21.422680
v -0.954611 2.482828 21.422680
v -0.844688 2.516228 21.615532
v -0.844688 2.482828 21.615532
v -0.776997 2.516228 21.824787
v -0.776997 2.482828 21.824787
v -0.754141 2.516228 22.042406
v -0.754141 2.482828 22.042406
v -0.776997 2.516228 22.260025
v -0.776997 2.482828 22.260025
v -0.844688 2.516228 22.469280
v -0.844688 2.482828 22.469280
v -0.954611 2.516228 22.662132
v -0.954611 2.482828 22.662132
v -1.102544 2.516228 22.831167
v -1.102544 2.482828 22.831167
v -1.282800 2.516228 22.969891
v -1.282800 2.482828 22.969891
v -1.488452 2.516228 23.072971
v -1.488452 2.482828 23.072971
v -1.711598 2.516228 23.136448
v -1.711598 2.482828 23.136448
v -1.943663 2.516228 23.157883
v -1.943663 2.482828 23.157883
v -2.175727 2.516228 23.136448
v -2.175727 2.482828 23.136448
v -2.398873 2.516228 23.072971
v -2.398873 2.482828 23.072971
v -2.604526 2.516228 22.969891
v -2.604526 2.482828 22.969891
v -2.784782 2.516228 22.831167
v -2.784782 2.482828 22.831167
v -2.932714 2.516228 22.662132
v -2.932714 2.482828 22.662132
v -3.042638 2.516228 22.469280
v -3.042638 2.482828 22.469280
v -3.110328 2.516228 22.260025
v -3.110328 2.482828 22.260025
v -3.133184 2.516228 22.042406
v -3.133184 2.482828 22.042406
v -3.110328 2.516228 21.824787
v -3.110328 2.482828 21.824787
v -3.042638 2.516228 21.615532
v -3.042638 2.482828 21.615532
v -2.932714 2.516228 21.422680
v -2.932714 2.482828 21.422680
v -2.784782 2.516228 21.253645
v -2.784782 2.482828 21.253645
v -2.604526 2.516228 21.114922
v -2.604526 2.482828 21.114922
v -2.398873 2.516228 21.011841
v -2.398873 2.482828 21.011841
v -2.175727 2.516228 20.948364
v -2.175727 2.482828 20.948364
vn 0.0920 -0.0000 -0.9958
vn 0.2736 -0.0000 -0.9618
vn 0.4481 -0.0000 -0.8940
vn 0.6099 -0.0000 -0.7925
vn 0.7525 -0.0000 -0.6586
vn 0.8688 -0.0000 -0.4952
vn 0.9515 -0.0000 -0.3078
vn 0.9945 -0.0000 -0.1045
vn 0.9945 -0.0000 0.1045
vn 0.9515 -0.0000 0.3078
vn 0.8688 -0.0000 0.4952
vn 0.7525 -0.0000 0.6586
vn 0.6099 -0.0000 0.7925
vn 0.4481 -0.0000 0.8940
vn 0.2736 -0.0000 0.9618
vn 0.0920 -0.0000 0.9958
vn -0.0920 -0.0000 0.9958
vn -0.2736 -0.0000 0.9618
vn -0.4481 -0.0000 0.8940
vn -0.6099 -0.0000 0.7925
vn -0.7525 -0.0000 0.6586
vn -0.8688 -0.0000 0.4952
vn -0.9515 -0.0000 0.3078
vn -0.9945 -0.0000 0.1045
vn -0.9945 -0.0000 -0.1045
vn -0.9515 -0.0000 -0.3078
vn -0.8688 -0.0000 -0.4952
vn -0.7525 -0.0000 -0.6586
vn -0.6099 -0.0000 -0.7925
vn -0.4481 -0.0000 -0.8940
vn -0.0000 -1.0000 -0.0000
vn -0.2736 -0.0000 -0.9618
vn -0.0920 -0.0000 -0.9958
vn -0.0000 1.0000 -0.0000
vt 1.000000 0.500000
vt 1.000000 1.000000
vt 0.968750 1.000000
vt 0.968750 0.500000
vt 0.937500 1.000000
vt 0.937500 0.500000
vt 0.906250 1.000000
vt 0.906250 0.500000
vt 0.875000 1.000000
vt 0.875000 0.500000
vt 0.843750 1.000000
vt 0.843750 0.500000
vt 0.812500 1.000000
vt 0.812500 0.500000
vt 0.781250 1.000000
vt 0.781250 0.500000
vt 0.750000 1.000000
vt 0.750000 0.500000
vt 0.718750 1.000000
vt 0.718750 0.500000
vt 0.687500 1.000000
vt 0.687500 0.500000
vt 0.656250 1.000000
vt 0.656250 0.500000
vt 0.625000 1.000000
vt 0.625000 0.500000
vt 0.593750 1.000000
vt 0.593750 0.500000
vt 0.562500 1.000000
vt 0.562500 0.500000
vt 0.531250 1.000000
vt 0.531250 0.500000
vt 0.500000 1.000000
vt 0.500000 0.500000
vt 0.468750 1.000000
vt 0.468750 0.500000
vt 0.437500 1.000000
vt 0.437500 0.500000
vt 0.406250 1.000000
vt 0.406250 0.500000
vt 0.375000 1.000000
vt 0.375000 0.500000
vt 0.343750 1.000000
vt 0.343750 0.500000
vt 0.312500 1.000000
vt 0.312500 0.500000
vt 0.281250 1.000000
vt 0.281250 0.500000
vt 0.250000 1.000000
vt 0.250000 0.500000
vt 0.218750 1.000000
vt 0.218750 0.500000
vt 0.187500 1.000000
vt 0.187500 0.500000
vt 0.156250 1.000000
vt 0.156250 0.500000
vt 0.125000 1.000000
vt 0.125000 0.500000
vt 0.093750 1.000000
vt 0.093750 0.500000
vt 0.062500 1.000000
vt 0.062500 0.500000
vt 0.296822 0.485388
vt 0.250000 0.490000
vt 0.203178 0.485388
vt 0.158156 0.471731
vt 0.116663 0.449553
vt 0.080294 0.419706
vt 0.050447 0.383337
vt 0.028269 0.341844
vt 0.014612 0.296822
vt 0.010000 0.250000
vt 0.014612 0.203178
vt 0.028269 0.158156
vt 0.050447 0.116663
vt 0.080294 0.080294
vt 0.116663 0.050447
vt 0.158156 0.028269
vt 0.203178 0.014612
vt 0.250000 0.010000
vt 0.296822 0.014612
vt 0.341844 0.028269
vt 0.383337 0.050447
vt 0.419706 0.080294
vt 0.449553 0.116663
vt 0.471731 0.158156
vt 0.485388 0.203178
vt 0.490000 0.250000
vt 0.485388 0.296822
vt 0.471731 0.341844
vt 0.449553 0.383337
vt 0.419706 0.419706
vt 0.383337 0.449553
vt 0.341844 0.471731
vt 0.031250 1.000000
vt 0.031250 0.500000
vt 0.000000 1.000000
vt 0.000000 0.500000
vt 0.750000 0.490000
vt 0.796822 0.485388
vt 0.841844 0.471731
vt 0.883337 0.449553
vt 0.919706 0.419706
vt 0.949553 0.383337
vt 0.971731 0.341844
vt 0.985388 0.296822
vt 0.990000 0.250000
vt 0.985388 0.203178
vt 0.971731 0.158156
vt 0.949553 0.116663
vt 0.919706 0.080294
vt 0.883337 0.050447
vt 0.841844 0.028269
vt 0.796822 0.014612
vt 0.750000 0.010000
vt 0.703178 0.014612
vt 0.658156 0.028269
vt 0.616663 0.050447
vt 0.580294 0.080294
vt 0.550447 0.116663
vt 0.528269 0.158156
vt 0.514612 0.203178
vt 0.510000 0.250000
vt 0.514612 0.296822
vt 0.528269 0.341844
vt 0.550447 0.383337
vt 0.580294 0.419706
vt 0.616663 0.449553
vt 0.658156 0.471731
vt 0.703178 0.485388
s 0
f 225/429/141 227/432/141 228/431/141 226/430/141
f 227/432/142 229/434/142 230/433/142 228/431/142
f 229/434/143 231/436/143 232/435/143 230/433/143
f 231/436/144 233/438/144 234/437/144 232/435/144
f 233/438/145 235/440/145 236/439/145 234/437/145
f 235/440/146 237/442/146 238/441/146 236/439/146
f 237/442/147 239/444/147 240/443/147 238/441/147
f 239/444/148 241/446/148 242/445/148 240/443/148
f 241/446/149 243/448/149 244/447/149 242/445/149
f 243/448/150 245/450/150 246/449/150 244/447/150
f 245/450/151 247/452/151 248/451/151 246/449/151
f 247/452/152 249/454/152 250/453/152 248/451/152
f 249/454/153 251/456/153 252/455/153 250/453/153
f 251/456/154 253/458/154 254/457/154 252/455/154
f 253/458/155 255/460/155 256/459/155 254/457/155
f 255/460/156 257/462/156 258/461/156 256/459/156
f 257/462/157 259/464/157 260/463/157 258/461/157
f 259/464/158 261/466/158 262/465/158 260/463/158
f 261/466/159 263/468/159 264/467/159 262/465/159
f 263/468/160 265/470/160 266/469/160 264/467/160
f 265/470/161 267/472/161 268/471/161 266/469/161
f 267/472/162 269/474/162 270/473/162 268/471/162
f 269/474/163 271/476/163 272/475/163 270/473/163
f 271/476/164 273/478/164 274/477/164 272/475/164
f 273/478/165 275/480/165 276/479/165 274/477/165
f 275/480/166 277/482/166 278/481/166 276/479/166
f 277/482/167 279/484/167 280/483/167 278/481/167
f 279/484/168 281/486/168 282/485/168 280/483/168
f 281/486/169 283/488/169 284/487/169 282/485/169
f 283/488/170 285/490/170 286/489/170 284/487/170
f 228/491/171 230/522/171 232/521/171 234/520/171 236/519/171 238/518/171 240/517/171 242/516/171 244/515/171 246/514/171 248/513/171 250/512/171 252/511/171 254/510/171 256/509/171 258/508/171 260/507/171 262/506/171 264/505/171 266/504/171 268/503/171 270/502/171 272/501/171 274/500/171 276/499/171 278/498/171 280/497/171 282/496/171 284/495/171 286/494/171 288/493/171 226/492/171
f 285/490/172 287/524/172 288/523/172 286/489/172
f 287/524/173 225/526/173 226/525/173 288/523/173
f 225/527/174 287/558/174 285/557/174 283/556/174 281/555/174 279/554/174 277/553/174 275/552/174 273/551/174 271/550/174 269/549/174 267/548/174 265/547/174 263/546/174 261/545/174 259/544/174 257/543/174 255/542/174 253/541/174 251/540/174 249/539/174 247/538/174 245/537/174 243/536/174 241/535/174 239/534/174 237/533/174 235/532/174 233/531/174 231/530/174 229/529/174 227/528/174
o Cube.236
v -1.924598 0.019313 21.157667
v -1.924598 0.019313 21.120962
v -1.963740 0.019313 21.157667
v -1.963740 0.019313 21.120962
v -1.924598 2.496471 21.157667
v -1.924598 2.496471 21.120962
v -1.963740 2.496471 21.157667
v -1.963740 2.496471 21.120962
vn -0.0000 -0.0000 1.0000
vn -1.0000 -0.0000 -0.0000
vn -0.0000 1.0000 -0.0000
vn -0.0000 -0.0000 -1.0000
vn -0.0000 -1.0000 -0.0000
vn 1.0000 -0.0000 -0.0000
vt 0.625000 0.500000
vt 0.875000 0.500000
vt 0.875000 0.750000
vt 0.625000 0.750000
vt 0.375000 0.750000
vt 0.625000 1.000000
vt 0.375000 1.000000
vt 0.375000 0.000000
vt 0.625000 0.000000
vt 0.625000 0.250000
vt 0.375000 0.250000
vt 0.125000 0.500000
vt 0.375000 0.500000
vt 0.125000 0.750000
s 0
usemtl Material.005
f 289/559/175 293/560/175 295/561/175 291/562/175
f 292/563/176 291/562/176 295/564/176 296/565/176
f 296/566/177 295/567/177 293/568/177 294/569/177
f 294/570/178 290/571/178 292/563/178 296/572/178
f 290/571/179 289/559/179 291/562/179 292/563/179
f 294/569/180 293/568/180 289/559/180 290/571/180
o Cube.237
v -1.924598 0.019313 22.964169
v -1.924598 0.019313 22.927464
v -1.963740 0.019313 22.964169
v -1.963740 0.019313 22.927464
v -1.924598 2.496471 22.964169
v -1.924598 2.496471 22.927464
v -1.963740 2.496471 22.964169
v -1.963740 2.496471 22.927464
vn -0.0000 -0.0000 1.0000
vn -1.0000 -0.0000 -0.0000
vn -0.0000 1.0000 -0.0000
vn -0.0000 -0.0000 -1.0000
vn -0.0000 -1.0000 -0.0000
vn 1.0000 -0.0000 -0.0000
vt 0.625000 0.500000
vt 0.875000 0.500000
vt 0.875000 0.750000
vt 0.625000 0.750000
vt 0.375000 0.750000
vt 0.625000 1.000000
vt 0.375000 1.000000
vt 0.375000 0.000000
vt 0.625000 0.000000
vt 0.625000 0.250000
vt 0.375000 0.250000
vt 0.125000 0.500000
vt 0.375000 0.500000
vt 0.125000 0.750000
s 0
usemtl Material.006
f 297/573/181 301/574/181 303/575/181 299/576/181
f 300/577/182 299/576/182 303/578/182 304/579/182
f 304/580/183 303/581/183 301/582/183 302/583/183
f 302/584/184 298/585/184 300/577/184 304/586/184
f 298/585/185 297/573/185 299/576/185 300/577/185
f 302/583/186 301/582/186 297/573/186 298/585/186
o Cube.238
v -0.960569 0.019313 22.060915
v -0.960569 0.019313 22.024210
v -0.999711 0.019313 22.060915
v -0.999711 0.019313 22.024210
v -0.960569 2.496471 22.060915
v -0.960569 2.496471 22.024210
v -0.999711 2.496471 22.060915
v -0.999711 2.496471 22.024210
vn -0.0000 -0.0000 1.0000
vn -1.0000 -0.0000 -0.0000
vn -0.0000 1.0000 -0.0000
vn -0.0000 -0.0000 -1.0000
vn -0.0000 -1.0000 -0.0000
vn 1.0000 -0.0000 -0.0000
vt 0.625000 0.500000
vt 0.875000 0.500000
vt 0.875000 0.750000
vt 0.625000 0.750000
vt 0.375000 0.750000
vt 0.625000 1.000000
vt 0.375000 1.000000
vt 0.375000 0.000000
vt 0.625000 0.000000
vt 0.625000 0.250000
vt 0.375000 0.250000
vt 0.125000 0.500000
vt 0.375000 0.500000
vt 0.125000 0.750000
s 0
usemtl Material.007
f 305/587/187 309/588/187 311/589/187 307/590/187
f 308/591/188 307/590/188 311/592/188 312/593/188
f 312/594/189 311/595/189 309/596/189 310/597/189
f 310/598/190 306/599/190 308/591/190 312/600/190
f 306/599/191 305/587/191 307/590/191 308/591/191
f 310/597/192 309/596/192 305/587/192 306/599/192
o Cube.239
v -2.887806 0.019313 22.060146
v -2.887806 0.019313 22.023441
v -2.926948 0.019313 22.060146
v -2.926948 0.019313 22.023441
v -2.887806 2.496471 22.060146
v -2.887806 2.496471 22.023441
v -2.926948 2.496471 22.060146
v -2.926948 2.496471 22.023441
vn -0.0000 -0.0000 1.0000
vn -1.0000 -0.0000 -0.0000
vn -0.0000 1.0000 -0.0000
vn -0.0000 -0.0000 -1.0000
vn -0.0000 -1.0000 -0.0000
vn 1.0000 -0.0000 -0.0000
vt 0.625000 0.500000
vt 0.875000 0.500000
vt 0.875000 0.750000
vt 0.625000 0.750000
vt 0.375000 0.750000
vt 0.625000 1.000000
vt 0.375000 1.000000
vt 0.375000 0.000000
vt 0.625000 0.000000
vt 0.625000 0.250000
vt 0.375000 0.250000
vt 0.125000 0.500000
vt 0.375000 0.500000
vt 0.125000 0.750000
s 0
usemtl Material.008
f 313/601/193 317/602/193 319/603/193 315/604/193
f 316/605/194 315/604/194 319/606/194 320/607/194
f 320/608/195 319/609/195 317/610/195 318/611/195
f 318/612/196 314/613/196 316/605/196 320/614/196
f 314/613/197 313/601/197 315/604/197 316/605/197
f 318/611/198 317/610/198 313/601/198 314/613/198
o Cube.240
v -1.924092 0.134129 22.963789
v -1.924092 0.084787 22.963789
v -1.963234 0.134129 22.963789
v -1.963234 0.084787 22.963789
v -1.924091 0.134129 21.121023
v -1.924091 0.084787 21.121023
v -1.963234 0.134129 21.121023
v -1.963234 0.084787 21.121023
vn -0.0000 1.0000 -0.0000
vn -1.0000 -0.0000 -0.0000
vn -0.0000 -0.0000 -1.0000
vn -0.0000 -1.0000 -0.0000
vn -0.0000 -0.0000 1.0000
vn 1.0000 -0.0000 -0.0000
vt 0.625000 0.500000
vt 0.875000 0.500000
vt 0.875000 0.750000
vt 0.625000 0.750000
vt 0.375000 0.750000
vt 0.625000 1.000000
vt 0.375000 1.000000
vt 0.375000 0.000000
vt 0.625000 0.000000
vt 0.625000 0.250000
vt 0.375000 0.250000
vt 0.125000 0.500000
vt 0.375000 0.500000
vt 0.125000 0.750000
s 0
usemtl Material.009
f 321/615/199 325/616/199 327/617/199 323/618/199
f 324/619/200 323/618/200 327/620/200 328/621/200
f 328/622/201 327/623/201 325/624/201 326/625/201
f 326/626/202 322/627/202 324/619/202 328/628/202
f 322/627/203 321/615/203 323/618/203 324/619/203
f 326/625/204 325/624/204 321/615/204 322/627/204
o Cube.241
v -0.961117 0.134129 22.024054
v -0.961117 0.084787 22.024054
v -0.961117 0.134129 22.060759
v -0.961117 0.084787 22.060759
v -2.926208 0.134129 22.024054
v -2.926208 0.084787 22.024054
v -2.926208 0.134129 22.060759
v -2.926208 0.084787 22.060759
vn -0.0000 1.0000 -0.0000
vn -0.0000 -0.0000 1.0000
vn -1.0000 -0.0000 -0.0000
vn -0.0000 -1.0000 -0.0000
vn 1.0000 -0.0000 -0.0000
vn -0.0000 -0.0000 -1.0000
vt 0.625000 0.500000
vt 0.875000 0.500000
vt 0.875000 0.750000
vt 0.625000 0.750000
vt 0.375000 0.750000
vt 0.625000 1.000000
vt 0.375000 1.000000
vt 0.375000 0.000000
vt 0.625000 0.000000
vt 0.625000 0.250000
vt 0.375000 0.250000
vt 0.125000 0.500000
vt 0.375000 0.500000
vt 0.125000 0.750000
s 0
usemtl Material.010
f 329/629/205 333/630/205 335/631/205 331/632/205
f 332/633/206 331/632/206 335/634/206 336/635/206
f 336/636/207 335/637/207 333/638/207 334/639/207
f 334/640/208 330/641/208 332/633/208 336/642/208
f 330/641/209 329/629/209 331/632/209 332/633/209
f 334/639/210 333/638/210 329/629/210 330/641/210
o Cylinder.013
v 2.794333 2.516228 20.926929
v 2.794333 2.482828 20.926929
v 3.026398 2.516228 20.948364
v 3.026398 2.482828 20.948364
v 3.249544 2.516228 21.011841
v 3.249544 2.482828 21.011841
v 3.455196 2.516228 21.114922
v 3.455196 2.482828 21.114922
v 3.635453 2.516228 21.253645
v 3.635453 2.482828 21.253645
v 3.783385 2.516228 21.422680
v 3.783385 2.482828 21.422680
v 3.893308 2.516228 21.615532
v 3.893308 2.482828 21.615532
v 3.960999 2.516228 21.824787
v 3.960999 2.482828 21.824787
v 3.983855 2.516228 22.042406
v 3.983855 2.482828 22.042406
v 3.960999 2.516228 22.260025
v 3.960999 2.482828 22.260025
v 3.893308 2.516228 22.469280
v 3.893308 2.482828 22.469280
v 3.783385 2.516228 22.662132
v 3.783385 2.482828 22.662132
v 3.635453 2.516228 22.831167
v 3.635453 2.482828 22.831167
v 3.455196 2.516228 22.969891
v 3.455196 2.482828 22.969891
v 3.249544 2.516228 23.072971
v 3.249544 2.482828 23.072971
v 3.026398 2.516228 23.136448
v 3.026398 2.482828 23.136448
v 2.794333 2.516228 23.157883
v 2.794333 2.482828 23.157883
v 2.562269 2.516228 23.136448
v 2.562269 2.482828 23.136448
v 2.339123 2.516228 23.072971
v 2.339123 2.482828 23.072971
v 2.133471 2.516228 22.969891
v 2.133471 2.482828 22.969891
v 1.953214 2.516228 22.831167
v 1.953214 2.482828 22.831167
v 1.805282 2.516228 22.662132
v 1.805282 2.482828 22.662132
v 1.695359 2.516228 22.469280
v 1.695359 2.482828 22.469280
v 1.627668 2.516228 22.260025
v 1.627668 2.482828 22.260025
v 1.604812 2.516228 22.042406
v 1.604812 2.482828 22.042406
v 1.627668 2.516228 21.824787
v 1.627668 2.482828 21.824787
v 1.695359 2.516228 21.615532
v 1.695359 2.482828 21.615532
v 1.805282 2.516228 21.422680
v 1.805282 2.482828 21.422680
v 1.953214 2.516228 21.253645
v 1.953214 2.482828 21.253645
v 2.133471 2.516228 21.114922
v 2.133471 2.482828 21.114922
v 2.339123 2.516228 21.011841
v 2.339123 2.482828 21.011841
v 2.562269 2.516228 20.948364
v 2.562269 2.482828 20.948364
vn 0.0920 -0.0000 -0.9958
vn 0.2736 -0.0000 -0.9618
vn 0.4481 -0.0000 -0.8940
vn 0.6099 -0.0000 -0.7925
vn 0.7525 -0.0000 -0.6586
vn 0.8688 -0.0000 -0.4952
vn 0.9515 -0.0000 -0.3078
vn 0.9945 -0.0000 -0.1045
vn 0.9945 -0.0000 0.1045
vn 0.9515 -0.0000 0.3078
vn 0.8688 -0.0000 0.4952
vn 0.7525 -0.0000 0.6586
vn 0.6099 -0.0000 0.7925
vn 0.4481 -0.0000 0.8940
vn 0.2736 -0.0000 0.9618
vn 0.0920 -0.0000 0.9958
vn -0.0920 -0.0000 0.9958
vn -0.2736 -0.0000 0.9618
vn -0.4481 -0.0000 0.8940
vn -0.6099 -0.0000 0.7925
vn -0.7525 -0.0000 0.6586
vn -0.8688 -0.0000 0.4952
vn -0.9515 -0.0000 0.3078
vn -0.9945 -0.0000 0.1045
vn -0.9945 -0.0000 -0.1045
vn -0.9515 -0.0000 -0.3078
vn -0.8688 -0.0000 -0.4952
vn -0.7525 -0.0000 -0.6586
vn -0.6099 -0.0000 -0.7925
vn -0.4481 -0.0000 -0.8940
vn -0.0000 -1.0000 -0.0000
vn -0.2736 -0.0000 -0.9618
vn -0.0920 -0.0000 -0.9958
vn -0.0000 1.0000 -0.0000
vt 1.000000 0.500000
vt 1.000000 1.000000
vt 0.968750 1.000000
vt 0.968750 0.500000
vt 0.937500 1.000000
vt 0.937500 0.500000
vt 0.906250 1.000000
vt 0.906250 0.500000
vt 0.875000 1.000000
vt 0.875000 0.500000
vt 0.843750 1.000000
vt 0.843750 0.500000
vt 0.812500 1.000000
vt 0.812500 0.500000
vt 0.781250 1.000000
vt 0.781250 0.500000
vt 0.750000 1.000000
vt 0.750000 0.500000
vt 0.718750 1.000000
vt 0.718750 0.500000
vt 0.687500 1.000000
vt 0.687500 0.500000
vt 0.656250 1.000000
vt 0.656250 0.500000
vt 0.625000 1.000000
vt 0.625000 0.500000
vt 0.593750 1.000000
vt 0.593750 0.500000
vt 0.562500 1.000000
vt 0.562500 0.500000
vt 0.531250 1.000000
vt 0.531250 0.500000
vt 0.500000 1.000000
vt 0.500000 0.500000
vt 0.468750 1.000000
vt 0.468750 0.500000
vt 0.437500 1.000000
vt 0.437500 0.500000
vt 0.406250 1.000000
vt 0.406250 0.500000
vt 0.375000 1.000000
vt 0.375000 0.500000
vt 0.343750 1.000000
vt 0.343750 0.500000
vt 0.312500 1.000000
vt 0.312500 0.500000
vt 0.281250 1.000000
vt 0.281250 0.500000
vt 0.250000 1.000000
vt 0.250000 0.500000
vt 0.218750 1.000000
vt 0.218750 0.500000
vt 0.187500 1.000000
vt 0.187500 0.500000
vt 0.156250 1.000000
vt 0.156250 0.500000
vt 0.125000 1.000000
vt 0.125000 0.500000
vt 0.093750 1.000000
vt 0.093750 0.500000
vt 0.062500 1.000000
vt 0.062500 0.500000
vt 0.296822 0.485388
vt 0.250000 0.490000
vt 0.203178 0.485388
vt 0.158156 0.471731
vt 0.116663 0.449553
vt 0.080294 0.419706
vt 0.050447 0.383337
vt 0.028269 0.341844
vt 0.014612 0.296822
vt 0.010000 0.250000
vt 0.014612 0.203178
vt 0.028269 0.158156
vt 0.050447 0.116663
vt 0.080294 0.080294
vt 0.116663 0.050447
vt 0.158156 0.028269
vt 0.203178 0.014612
vt 0.250000 0.010000
vt 0.296822 0.014612
vt 0.341844 0.028269
vt 0.383337 0.050447
vt 0.419706 0.080294
vt 0.449553 0.116663
vt 0.471731 0.158156
vt 0.485388 0.203178
vt 0.490000 0.250000
vt 0.485388 0.296822
vt 0.471731 0.341844
vt 0.449553 0.383337
vt 0.419706 0.419706
vt 0.383337 0.449553
vt 0.341844 0.471731
vt 0.031250 1.000000
vt 0.031250 0.500000
vt 0.000000 1.000000
vt 0.000000 0.500000
vt 0.750000 0.490000
vt 0.796822 0.485388
vt 0.841844 0.471731
vt 0.883337 0.449553
vt 0.919706 0.419706
vt 0.949553 0.383337
vt 0.971731 0.341844
vt 0.985388 0.296822
vt 0.990000 0.250000
vt 0.985388 0.203178
vt 0.971731 0.158156
vt 0.949553 0.116663
vt 0.919706 0.080294
vt 0.883337 0.050447
vt 0.841844 0.028269
vt 0.796822 0.014612
vt 0.750000 0.010000
vt 0.703178 0.014612
vt 0.658156 0.028269
vt 0.616663 0.050447
vt 0.580294 0.080294
vt 0.550447 0.116663
vt 0.528269 0.158156
vt 0.514612 0.203178
vt 0.510000 0.250000
vt 0.514612 0.296822
vt 0.528269 0.341844
vt 0.550447 0.383337
vt 0.580294 0.419706
vt 0.616663 0.449553
vt 0.658156 0.471731
vt 0.703178 0.485388
s 0
f 337/643/211 339/646/211 340/645/211 338/644/211
f 339/646/212 341/648/212 342/647/212 340/645/212
f 341/648/213 343/650/213 344/649/213 342/647/213
f 343/650/214 345/652/214 346/651/214 344/649/214
f 345/652/215 347/654/215 348/653/215 346/651/215
f 347/654/216 349/656/216 350/655/216 348/653/216
f 349/656/217 351/658/217 352/657/217 350/655/217
f 351/658/218 353/660/218 354/659/218 352/657/218
f 353/660/219 355/662/219 356/661/219 354/659/219
f 355/662/220 357/664/220 358/663/220 356/661/220
f 357/664/221 359/666/221 360/665/221 358/663/221
f 359/666/222 361/668/222 362/667/222 360/665/222
f 361/668/223 363/670/223 364/669/223 362/667/223
f 363/670/224 365/672/224 366/671/224 364/669/224
f 365/672/225 367/674/225 368/673/225 366/671/225
f 367/674/226 369/676/226 370/675/226 368/673/226
f 369/676/227 371/678/227 372/677/227 370/675/227
f 371/678/228 373/680/228 374/679/228 372/677/228
f 373/680/229 375/682/229 376/681/229 374/679/229
f 375/682/230 377/684/230 378/683/230 376/681/230
f 377/684/231 379/686/231 380/685/231 378/683/231
f 379/686/232 381/688/232 382/687/232 380/685/232
f 381/688/233 383/690/233 384/689/233 382/687/233
f 383/690/234 385/692/234 386/691/234 384/689/234
f 385/692/235 387/694/235 388/693/235 386/691/235
f 387/694/236 389/696/236 390/695/236 388/693/236
f 389/696/237 391/698/237 392/697/237 390/695/237
f 391/698/238 393/700/238 394/699/238 392/697/238
f 393/700/239 395/702/239 396/701/239 394/699/239
f 395/702/240 397/704/240 398/703/240 396/701/240
f 340/705/241 342/736/241 344/735/241 346/734/241 348/733/241 350/732/241 352/731/241 354/730/241 356/729/241 358/728/241 360/727/241 362/726/241 364/725/241 366/724/241 368/723/241 370/722/241 372/721/241 374/720/241 376/719/241 378/718/241 380/717/241 382/716/241 384/715/241 386/714/241 388/713/241 390/712/241 392/711/241 394/710/241 396/709/241 398/708/241 400/707/241 338/706/241
f 397/704/242 399/738/242 400/737/242 398/703/242
f 399/738/243 337/740/243 338/739/243 400/737/243
f 337/741/244 399/772/244 397/771/244 395/770/244 393/769/244 391/768/244 389/767/244 387/766/244 385/765/244 383/764/244 381/763/244 379/762/244 377/761/244 375/760/244 373/759/244 371/758/244 369/757/244 367/756/244 365/755/244 363/754/244 361/753/244 359/752/244 357/751/244 355/750/244 353/749/244 351/748/244 349/747/244 347/746/244 345/745/244 343/744/244 341/743/244 339/742/244
o Cube.242
v 2.813398 0.019313 21.157667
v 2.813398 0.019313 21.120962
v 2.774256 0.019313 21.157667
v 2.774256 0.019313 21.120962
v 2.813398 2.496471 21.157667
v 2.813398 2.496471 21.120962
v 2.774256 2.496471 21.157667
v 2.774256 2.496471 21.120962
vn -0.0000 -0.0000 1.0000
vn -1.0000 -0.0000 -0.0000
vn -0.0000 1.0000 -0.0000
vn -0.0000 -0.0000 -1.0000
vn -0.0000 -1.0000 -0.0000
vn 1.0000 -0.0000 -0.0000
vt 0.625000 0.500000
vt 0.875000 0.500000
vt 0.875000 0.750000
vt 0.625000 0.750000
vt 0.375000 0.750000
vt 0.625000 1.000000
vt 0.375000 1.000000
vt 0.375000 0.000000
vt 0.625000 0.000000
vt 0.625000 0.250000
vt 0.375000 0.250000
vt 0.125000 0.500000
vt 0.375000 0.500000
vt 0.125000 0.750000
s 0
usemtl Material.005
f 401/773/245 405/774/245 407/775/245 403/776/245
f 404/777/246 403/776/246 407/778/246 408/779/246
f 408/780/247 407/781/247 405/782/247 406/783/247
f 406/784/248 402/785/248 404/777/248 408/786/248
f 402/785/249 401/773/249 403/776/249 404/777/249
f 406/783/250 405/782/250 401/773/250 402/785/250
o Cube.243
v 2.813398 0.019313 22.964169
v 2.813398 0.019313 22.927464
v 2.774256 0.019313 22.964169
v 2.774256 0.019313 22.927464
v 2.813398 2.496471 22.964169
v 2.813398 2.496471 22.927464
v 2.774256 2.496471 22.964169
v 2.774256 2.496471 22.927464
vn -0.0000 -0.0000 1.0000
vn -1.0000 -0.0000 -0.0000
vn -0.0000 1.0000 -0.0000
vn -0.0000 -0.0000 -1.0000
vn -0.0000 -1.0000 -0.0000
vn 1.0000 -0.0000 -0.0000
vt 0.625000 0.500000
vt 0.875000 0.500000
vt 0.875000 0.750000
vt 0.625000 0.750000
vt 0.375000 0.750000
vt 0.625000 1.000000
vt 0.375000 1.000000
vt 0.375000 0.000000
vt 0.625000 0.000000
vt 0.625000 0.250000
vt 0.375000 0.250000
vt 0.125000 0.500000
vt 0.375000 0.500000
vt 0.125000 0.750000
s 0
usemtl Material.006
f 409/787/251 413/788/251 415/789/251 411/790/251
f 412/791/252 411/790/252 415/792/252 416/793/252
f 416/794/253 415/795/253 413/796/253 414/797/253
f 414/798/254 410/799/254 412/791/254 416/800/254
f 410/799/255 409/787/255 411/790/255 412/791/255
f 414/797/256 413/796/256 409/787/256 410/799/256
o Cube.244
v 3.777427 0.019313 22.060915
v 3.777427 0.019313 22.024210
v 3.738285 0.019313 22.060915
v 3.738285 0.019313 22.024210
v 3.777427 2.496471 22.060915
v 3.777427 2.496471 22.024210
v 3.738285 2.496471 22.060915
v 3.738285 2.496471 22.024210
vn -0.0000 -0.0000 1.0000
vn -1.0000 -0.0000 -0.0000
vn -0.0000 1.0000 -0.0000
vn -0.0000 -0.0000 -1.0000
vn -0.0000 -1.0000 -0.0000
vn 1.0000 -0.0000 -0.0000
vt 0.625000 0.500000
vt 0.875000 0.500000
vt 0.875000 0.750000
vt 0.625000 0.750000
vt 0.375000 0.750000
vt 0.625000 1.000000
vt 0.375000 1.000000
vt 0.375000 0.000000
vt 0.625000 0.000000
vt 0.625000 0.250000
vt 0.375000 0.250000
vt 0.125000 0.500000
vt 0.375000 0.500000
vt 0.125000 0.750000
s 0
usemtl Material.007
f 417/801/257 421/802/257 423/803/257 419/804/257
f 420/805/258 419/804/258 423/806/258 424/807/258
f 424/808/259 423/809/259 421/810/259 422/811/259
f 422/812/260 418/813/260 420/805/260 424/814/260
f 418/813/261 417/801/261 419/804/261 420/805/261
f 422/811/262 421/810/262 417/801/262 418/813/262
o Cube.245
v 1.850190 0.019313 22.060146
v 1.850190 0.019313 22.023441
v 1.811048 0.019313 22.060146
v 1.811048 0.019313 22.023441
v 1.850190 2.496471 22.060146
v 1.850190 2.496471 22.023441
v 1.811048 2.496471 22.060146
v 1.811048 2.496471 22.023441
vn -0.0000 -0.0000 1.0000
vn -1.0000 -0.0000 -0.0000
vn -0.0000 1.0000 -0.0000
vn -0.0000 -0.0000 -1.0000
vn -0.0000 -1.0000 -0.0000
vn 1.0000 -0.0000 -0.0000
vt 0.625000 0.500000
vt 0.875000 0.500000
vt 0.875000 0.750000
vt 0.625000 0.750000
vt 0.375000 0.750000
vt 0.625000 1.000000
vt 0.375000 1.000000
vt 0.375000 0.000000
vt 0.625000 0.000000
vt 0.625000 0.250000
vt 0.375000 0.250000
vt 0.125000 0.500000
vt 0.375000 0.500000
vt 0.125000 0.750000
s 0
usemtl Material.008
f 425/815/263 429/816/263 431/817/263 427/818/263
f 428/819/264 427/818/264 431/820/264 432/821/264
f 432/822/265 431/823/265 429/824/265 430/825/265
f 430/826/266 426/827/266 428/819/266 432/828/266
f 426/827/267 425/815/267 427/818/267 428/819/267
f 430/825/268 429/824/268 425/815/268 426/827/268
o Cube.246
v 2.813905 0.134129 22.963789
v 2.813905 0.084787 22.963789
v 2.774762 0.134129 22.963789
v 2.774762 0.084787 22.963789
v 2.813905 0.134129 21.121023
v 2.813905 0.084787 21.121023
v 2.774762 0.134129 21.121023
v 2.774762 0.084787 21.121023
vn -0.0000 1.0000 -0.0000
vn -1.0000 -0.0000 -0.0000
vn -0.0000 -0.0000 -1.0000
vn -0.0000 -1.0000 -0.0000
vn -0.0000 -0.0000 1.0000
vn 1.0000 -0.0000 -0.0000
vt 0.625000 0.500000
vt 0.875000 0.500000
vt 0.875000 0.750000
vt 0.625000 0.750000
vt 0.375000 0.750000
vt 0.625000 1.000000
vt 0.375000 1.000000
vt 0.375000 0.000000
vt 0.625000 0.000000
vt 0.625000 0.250000
vt 0.375000 0.250000
vt 0.125000 0.500000
vt 0.375000 0.500000
vt 0.125000 0.750000
s 0
usemtl Material.009
f 433/829/269 437/830/269 439/831/269 435/832/269
f 436/833/270 435/832/270 439/834/270 440/835/270
f 440/836/271 439/837/271 437/838/271 438/839/271
f 438/840/272 434/841/272 436/833/272 440/842/272
f 434/841/273 433/829/273 435/832/273 436/833/273
f 438/839/274 437/838/274 433/829/274 434/841/274
o Cube.247
v 3.776879 0.134129 22.024054
v 3.776879 0.084787 22.024054
v 3.776879 0.134129 22.060759
v 3.776879 0.084787 22.060759
v 1.811788 0.134129 22.024054
v 1.811788 0.084787 22.024054
v 1.811788 0.134129 22.060759
v 1.811788 0.084787 22.060759
vn -0.0000 1.0000 -0.0000
vn -0.0000 -0.0000 1.0000
vn -1.0000 -0.0000 -0.0000
vn -0.0000 -1.0000 -0.0000
vn 1.0000 -0.0000 -0.0000
vn -0.0000 -0.0000 -1.0000
vt 0.625000 0.500000
vt 0.875000 0.500000
vt 0.875000 0.750000
vt 0.625000 0.750000
vt 0.375000 0.750000
vt 0.625000 1.000000
vt 0.375000 1.000000
vt 0.375000 0.000000
vt 0.625000 0.000000
vt 0.625000 0.250000
vt 0.375000 0.250000
vt 0.125000 0.500000
vt 0.375000 0.500000
vt 0.125000 0.750000
s 0
usemtl Material.010
f 441/843/275 445/844/275 447/845/275 443/846/275
f 444/847/276 443/846/276 447/848/276 448/849/276
f 448/850/277 447/851/277 445/852/277 446/853/277
f 446/854/278 442/855/278 444/847/278 448/856/278
f 442/855/279 441/843/279 443/846/279 444/847/279
f 446/853/280 445/852/280 441/843/280 442/855/280
o Cylinder.014
v -11.853796 2.516228 28.400301
v -11.853796 2.482828 28.400301
v -11.621732 2.516228 28.421736
v -11.621732 2.482828 28.421736
v -11.398585 2.516228 28.485212
v -11.398585 2.482828 28.485212
v -11.192933 2.516228 28.588293
v -11.192933 2.482828 28.588293
v -11.012677 2.516228 28.727016
v -11.012677 2.482828 28.727016
v -10.864745 2.516228 28.896053
v -10.864745 2.482828 28.896053
v -10.754821 2.516228 29.088903
v -10.754821 2.482828 29.088903
v -10.687130 2.516228 29.298159
v -10.687130 2.482828 29.298159
v -10.664274 2.516228 29.515778
v -10.664274 2.482828 29.515778
v -10.687130 2.516228 29.733397
v -10.687130 2.482828 29.733397
v -10.754821 2.516228 29.942652
v -10.754821 2.482828 29.942652
v -10.864745 2.516228 30.135502
v -10.864745 2.482828 30.135502
v -11.012677 2.516228 30.304539
v -11.012677 2.482828 30.304539
v -11.192933 2.516228 30.443262
v -11.192933 2.482828 30.443262
v -11.398585 2.516228 30.546343
v -11.398585 2.482828 30.546343
v -11.621732 2.516228 30.609819
v -11.621732 2.482828 30.609819
v -11.853796 2.516228 30.631254
v -11.853796 2.482828 30.631254
v -12.085860 2.516228 30.609819
v -12.085860 2.482828 30.609819
v -12.309007 2.516228 30.546343
v -12.309007 2.482828 30.546343
v -12.514659 2.516228 30.443262
v -12.514659 2.482828 30.443262
v -12.694915 2.516228 30.304539
v -12.694915 2.482828 30.304539
v -12.842847 2.516228 30.135502
v -12.842847 2.482828 30.135502
v -12.952771 2.516228 29.942652
v -12.952771 2.482828 29.942652
v -13.020462 2.516228 29.733397
v -13.020462 2.482828 29.733397
v -13.043318 2.516228 29.515778
v -13.043318 2.482828 29.515778
v -13.020462 2.516228 29.298159
v -13.020462 2.482828 29.298159
v -12.952771 2.516228 29.088903
v -12.952771 2.482828 29.088903
v -12.842847 2.516228 28.896053
v -12.842847 2.482828 28.896053
v -12.694915 2.516228 28.727016
v -12.694915 2.482828 28.727016
v -12.514659 2.516228 28.588293
v -12.514659 2.482828 28.588293
v -12.309007 2.516228 28.485212
v -12.309007 2.482828 28.485212
v -12.085860 2.516228 28.421736
v -12.085860 2.482828 28.421736
vn 0.0920 -0.0000 -0.9958
vn 0.2736 -0.0000 -0.9618
vn 0.4481 -0.0000 -0.8940
vn 0.6099 -0.0000 -0.7925
vn 0.7525 -0.0000 -0.6586
vn 0.8688 -0.0000 -0.4952
vn 0.9515 -0.0000 -0.3078
vn 0.9945 -0.0000 -0.1045
vn 0.9945 -0.0000 0.1045
vn 0.9515 -0.0000 0.3078
vn 0.8688 -0.0000 0.4952
vn 0.7525 -0.0000 0.6586
vn 0.6099 -0.0000 0.7925
vn 0.4481 -0.0000 0.8940
vn 0.2736 -0.0000 0.9618
vn 0.0920 -0.0000 0.9958
vn -0.0920 -0.0000 0.9958
vn -0.2736 -0.0000 0.9618
vn -0.4481 -0.0000 0.8940
vn -0.6099 -0.0000 0.7925
vn -0.7525 -0.0000 0.6586
vn -0.8688 -0.0000 0.4952
vn -0.9515 -0.0000 0.3078
vn -0.9945 -0.0000 0.1045
vn -0.9945 -0.0000 -0.1045
vn -0.9515 -0.0000 -0.3078
vn -0.8688 -0.0000 -0.4952
vn -0.7525 -0.0000 -0.6586
vn -0.6099 -0.0000 -0.7925
vn -0.4481 -0.0000 -0.8940
vn -0.0000 -1.0000 -0.0000
vn -0.2736 -0.0000 -0.9618
vn -0.0920 -0.0000 -0.9958
vn -0.0000 1.0000 -0.0000
vt 1.000000 0.500000
vt 1.000000 1.000000
vt 0.968750 1.000000
vt 0.968750 0.500000
vt 0.937500 1.000000
vt 0.937500 0.500000
vt 0.906250 1.000000
vt 0.906250 0.500000
vt 0.875000 1.000000
vt 0.875000 0.500000
vt 0.843750 1.000000
vt 0.843750 0.500000
vt 0.812500 1.000000
vt 0.812500 0.500000
vt 0.781250 1.000000
vt 0.781250 0.500000
vt 0.750000 1.000000
vt 0.750000 0.500000
vt 0.718750 1.000000
vt 0.718750 0.500000
vt 0.687500 1.000000
vt 0.687500 0.500000
vt 0.656250 1.000000
vt 0.656250 0.500000
vt 0.625000 1.000000
vt 0.625000 0.500000
vt 0.593750 1.000000
vt 0.593750 0.500000
vt 0.562500 1.000000
vt 0.562500 0.500000
vt 0.531250 1.000000
vt 0.531250 0.500000
vt 0.500000 1.000000
vt 0.500000 0.500000
vt 0.468750 1.000000
vt 0.468750 0.500000
vt 0.437500 1.000000
vt 0.437500 0.500000
vt 0.406250 1.000000
vt 0.406250 0.500000
vt 0.375000 1.000000
vt 0.375000 0.500000
vt 0.343750 1.000000
vt 0.343750 0.500000
vt 0.312500 1.000000
vt 0.312500 0.500000
vt 0.281250 1.000000
vt 0.281250 0.500000
vt 0.250000 1.000000
vt 0.250000 0.500000
vt 0.218750 1.000000
vt 0.218750 0.500000
vt 0.187500 1.000000
vt 0.187500 0.500000
vt 0.156250 1.000000
vt 0.156250 0.500000
vt 0.125000 1.000000
vt 0.125000 0.500000
vt 0.093750 1.000000
vt 0.093750 0.500000
vt 0.062500 1.000000
vt 0.062500 0.500000
vt 0.296822 0.485388
vt 0.250000 0.490000
vt 0.203178 0.485388
vt 0.158156 0.471731
vt 0.116663 0.449553
vt 0.080294 0.419706
vt 0.050447 0.383337
vt 0.028269 0.341844
vt 0.014612 0.296822
vt 0.010000 0.250000
vt 0.014612 0.203178
vt 0.028269 0.158156
vt 0.050447 0.116663
vt 0.080294 0.080294
vt 0.116663 0.050447
vt 0.158156 0.028269
vt 0.203178 0.014612
vt 0.250000 0.010000
vt 0.296822 0.014612
vt 0.341844 0.028269
vt 0.383337 0.050447
vt 0.419706 0.080294
vt 0.449553 0.116663
vt 0.471731 0.158156
vt 0.485388 0.203178
vt 0.490000 0.250000
vt 0.485388 0.296822
vt 0.471731 0.341844
vt 0.449553 0.383337
vt 0.419706 0.419706
vt 0.383337 0.449553
vt 0.341844 0.471731
vt 0.031250 1.000000
vt 0.031250 0.500000
vt 0.000000 1.000000
vt 0.000000 0.500000
vt 0.750000 0.490000
vt 0.796822 0.485388
vt 0.841844 0.471731
vt 0.883337 0.449553
vt 0.919706 0.419706
vt 0.949553 0.383337
vt 0.971731 0.341844
vt 0.985388 0.296822
vt 0.990000 0.250000
vt 0.985388 0.203178
vt 0.971731 0.158156
vt 0.949553 0.116663
vt 0.919706 0.080294
vt 0.883337 0.050447
vt 0.841844 0.028269
vt 0.796822 0.014612
vt 0.750000 0.010000
vt 0.703178 0.014612
vt 0.658156 0.028269
vt 0.616663 0.050447
vt 0.580294 0.080294
vt 0.550447 0.116663
vt 0.528269 0.158156
vt 0.514612 0.203178
vt 0.510000 0.250000
vt 0.514612 0.296822
vt 0.528269 0.341844
vt 0.550447 0.383337
vt 0.580294 0.419706
vt 0.616663 0.449553
vt 0.658156 0.471731
vt 0.703178 0.485388
s 0
f 449/857/281 451/860/281 452/859/281 450/858/281
f 451/860/282 453/862/282 454/861/282 452/859/282
f 453/862/283 455/864/283 456/863/283 454/861/283
f 455/864/284 457/866/284 458/865/284 456/863/284
f 457/866/285 459/868/285 460/867/285 458/865/285
f 459/868/286 461/870/286 462/869/286 460/867/286
f 461/870/287 463/872/287 464/871/287 462/869/287
f 463/872/288 465/874/288 466/873/288 464/871/288
f 465/874/289 467/876/289 468/875/289 466/873/289
f 467/876/290 469/878/290 470/877/290 468/875/290
f 469/878/291 471/880/291 472/879/291 470/877/291
f 471/880/292 473/882/292 474/881/292 472/879/292
f 473/882/293 475/884/293 476/883/293 474/881/293
f 475/884/294 477/886/294 478/885/294 476/883/294
f 477/886/295 479/888/295 480/887/295 478/885/295
f 479/888/296 481/890/296 482/889/296 480/887/296
f 481/890/297 483/892/297 484/891/297 482/889/297
f 483/892/298 485/894/298 486/893/298 484/891/298
f 485/894/299 487/896/299 488/895/299 486/893/299
f 487/896/300 489/898/300 490/897/300 488/895/300
f 489/898/301 491/900/301 492/899/301 490/897/301
f 491/900/302 493/902/302 494/901/302 492/899/302
f 493/902/303 495/904/303 496/903/303 494/901/303
f 495/904/304 497/906/304 498/905/304 496/903/304
f 497/906/305 499/908/305 500/907/305 498/905/305
f 499/908/306 501/910/306 502/909/306 500/907/306
f 501/910/307 503/912/307 504/911/307 502/909/307
f 503/912/308 505/914/308 506/913/308 504/911/308
f 505/914/309 507/916/309 508/915/309 506/913/309
f 507/916/310 509/918/310 510/917/310 508/915/310
f 452/919/311 454/950/311 456/949/311 458/948/311 460/947/311 462/946/311 464/945/311 466/944/311 468/943/311 470/942/311 472/941/311 474/940/311 476/939/311 478/938/311 480/937/311 482/936/311 484/935/311 486/934/311 488/933/311 490/932/311 492/931/311 494/930/311 496/929/311 498/928/311 500/927/311 502/926/311 504/925/311 506/924/311 508/923/311 510/922/311 512/921/311 450/920/311
f 509/918/312 511/952/312 512/951/312 510/917/312
f 511/952/313 449/954/313 450/953/313 512/951/313
f 449/955/314 511/986/314 509/985/314 507/984/314 505/983/314 503/982/314 501/981/314 499/980/314 497/979/314 495/978/314 493/977/314 491/976/314 489/975/314 487/974/314 485/973/314 483/972/314 481/971/314 479/970/314 477/969/314 475/968/314 473/967/314 471/966/314 469/965/314 467/964/314 465/963/314 463/962/314 461/961/314 459/960/314 457/959/314 455/958/314 453/957/314 451/956/314
o Cube.248
v -11.834731 0.019313 28.631039
v -11.834731 0.019313 28.594334
v -11.873874 0.019313 28.631039
v -11.873874 0.019313 28.594334
v -11.834731 2.496471 28.631039
v -11.834731 2.496471 28.594334
v -11.873874 2.496471 28.631039
v -11.873874 2.496471 28.594334
vn -0.0000 -0.0000 1.0000
vn -1.0000 -0.0000 -0.0000
vn -0.0000 1.0000 -0.0000
vn -0.0000 -0.0000 -1.0000
vn -0.0000 -1.0000 -0.0000
vn 1.0000 -0.0000 -0.0000
vt 0.625000 0.500000
vt 0.875000 0.500000
vt 0.875000 0.750000
vt 0.625000 0.750000
vt 0.375000 0.750000
vt 0.625000 1.000000
vt 0.375000 1.000000
vt 0.375000 0.000000
vt 0.625000 0.000000
vt 0.625000 0.250000
vt 0.375000 0.250000
vt 0.125000 0.500000
vt 0.375000 0.500000
vt 0.125000 0.750000
s 0
usemtl Material.005
f 513/987/315 517/988/315 519/989/315 515/990/315
f 516/991/316 515/990/316 519/992/316 520/993/316
f 520/994/317 519/995/317 517/996/317 518/997/317
f 518/998/318 514/999/318 516/991/318 520/1000/318
f 514/999/319 513/987/319 515/990/319 516/991/319
f 518/997/320 517/996/320 513/987/320 514/999/320
o Cube.249
v -11.834731 0.019313 30.437540
v -11.834731 0.019313 30.400835
v -11.873874 0.019313 30.437540
v -11.873874 0.019313 30.400835
v -11.834731 2.496471 30.437540
v -11.834731 2.496471 30.400835
v -11.873874 2.496471 30.437540
v -11.873874 2.496471 30.400835
vn -0.0000 -0.0000 1.0000
vn -1.0000 -0.0000 -0.0000
vn -0.0000 1.0000 -0.0000
vn -0.0000 -0.0000 -1.0000
vn -0.0000 -1.0000 -0.0000
vn 1.0000 -0.0000 -0.0000
vt 0.625000 0.500000
vt 0.875000 0.500000
vt 0.875000 0.750000
vt 0.625000 0.750000
vt 0.375000 0.750000
vt 0.625000 1.000000
vt 0.375000 1.000000
vt 0.375000 0.000000
vt 0.625000 0.000000
vt 0.625000 0.250000
vt 0.375000 0.250000
vt 0.125000 0.500000
vt 0.375000 0.500000
vt 0.125000 0.750000
s 0
usemtl Material.006
f 521/1001/321 525/1002/321 527/1003/321 523/1004/321
f 524/1005/322 523/1004/322 527/1006/322 528/1007/322
f 528/1008/323 527/1009/323 525/1010/323 526/1011/323
f 526/1012/324 522/1013/324 524/1005/324 528/1014/324
f 522/1013/325 521/1001/325 523/1004/325 524/1005/325
f 526/1011/326 525/1010/326 521/1001/326 522/1013/326
o Cube.250
v -10.870702 0.019313 29.534286
v -10.870702 0.019313 29.497581
v -10.909844 0.019313 29.534286
v -10.909844 0.019313 29.497581
v -10.870702 2.496471 29.534286
v -10.870702 2.496471 29.497581
v -10.909844 2.496471 29.534286
v -10.909844 2.496471 29.497581
vn -0.0000 -0.0000 1.0000
vn -1.0000 -0.0000 -0.0000
vn -0.0000 1.0000 -0.0000
vn -0.0000 -0.0000 -1.0000
vn -0.0000 -1.0000 -0.0000
vn 1.0000 -0.0000 -0.0000
vt 0.625000 0.500000
vt 0.875000 0.500000
vt 0.875000 0.750000
vt 0.625000 0.750000
vt 0.375000 0.750000
vt 0.625000 1.000000
vt 0.375000 1.000000
vt 0.375000 0.000000
vt 0.625000 0.000000
vt 0.625000 0.250000
vt 0.375000 0.250000
vt 0.125000 0.500000
vt 0.375000 0.500000
vt 0.125000 0.750000
s 0
usemtl Material.007
f 529/1015/327 533/1016/327 535/1017/327 531/1018/327
f 532/1019/328 531/1018/328 535/1020/328 536/1021/328
f 536/1022/329 535/1023/329 533/1024/329 534/1025/329
f 534/1026/330 530/1027/330 532/1019/330 536/1028/330
f 530/1027/331 529/1015/331 531/1018/331 532/1019/331
f 534/1025/332 533/1024/332 529/1015/332 530/1027/332
o Cube.251
v -12.797939 0.019313 29.533518
v -12.797939 0.019313 29.496813
v -12.837082 0.019313 29.533518
v -12.837082 0.019313 29.496813
v -12.797939 2.496471 29.533518
v -12.797939 2.496471 29.496813
v -12.837082 2.496471 29.533518
v -12.837082 2.496471 29.496813
vn -0.0000 -0.0000 1.0000
vn -1.0000 -0.0000 -0.0000
vn -0.0000 1.0000 -0.0000
vn -0.0000 -0.0000 -1.0000
vn -0.0000 -1.0000 -0.0000
vn 1.0000 -0.0000 -0.0000
vt 0.625000 0.500000
vt 0.875000 0.500000
vt 0.875000 0.750000
vt 0.625000 0.750000
vt 0.375000 0.750000
vt 0.625000 1.000000
vt 0.375000 1.000000
vt 0.375000 0.000000
vt 0.625000 0.000000
vt 0.625000 0.250000
vt 0.375000 0.250000
vt 0.125000 0.500000
vt 0.375000 0.500000
vt 0.125000 0.750000
s 0
usemtl Material.008
f 537/1029/333 541/1030/333 543/1031/333 539/1032/333
f 540/1033/334 539/1032/334 543/1034/334 544/1035/334
f 544/1036/335 543/1037/335 541/1038/335 542/1039/335
f 542/1040/336 538/1041/336 540/1033/336 544/1042/336
f 538/1041/337 537/1029/337 539/1032/337 540/1033/337
f 542/1039/338 541/1038/338 537/1029/338 538/1041/338
o Cube.252
v -11.834225 0.134129 30.437160
v -11.834225 0.084787 30.437160
v -11.873367 0.134129 30.437160
v -11.873367 0.084787 30.437160
v -11.834225 0.134129 28.594395
v -11.834225 0.084787 28.594395
v -11.873367 0.134129 28.594395
v -11.873367 0.084787 28.594395
vn -0.0000 1.0000 -0.0000
vn -1.0000 -0.0000 -0.0000
vn -0.0000 -0.0000 -1.0000
vn -0.0000 -1.0000 -0.0000
vn -0.0000 -0.0000 1.0000
vn 1.0000 -0.0000 -0.0000
vt 0.625000 0.500000
vt 0.875000 0.500000
vt 0.875000 0.750000
vt 0.625000 0.750000
vt 0.375000 0.750000
vt 0.625000 1.000000
vt 0.375000 1.000000
vt 0.375000 0.000000
vt 0.625000 0.000000
vt 0.625000 0.250000
vt 0.375000 0.250000
vt 0.125000 0.500000
vt 0.375000 0.500000
vt 0.125000 0.750000
s 0
usemtl Material.009
f 545/1043/339 549/1044/339 551/1045/339 547/1046/339
f 548/1047/340 547/1046/340 551/1048/340 552/1049/340
f 552/1050/341 551/1051/341 549/1052/341 550/1053/341
f 550/1054/342 546/1055/342 548/1047/342 552/1056/342
f 546/1055/343 545/1043/343 547/1046/343 548/1047/343
f 550/1053/344 549/1052/344 545/1043/344 546/1055/344
o Cube.253
v -10.871250 0.134129 29.497425
v -10.871250 0.084787 29.497425
v -10.871250 0.134129 29.534130
v -10.871250 0.084787 29.534130
v -12.836342 0.134129 29.497425
v -12.836342 0.084787 29.497425
v -12.836342 0.134129 29.534130
v -12.836342 0.084787 29.534130
vn -0.0000 1.0000 -0.0000
vn -0.0000 -0.0000 1.0000
vn -1.0000 -0.0000 -0.0000
vn -0.0000 -1.0000 -0.0000
vn 1.0000 -0.0000 -0.0000
vn -0.0000 -0.0000 -1.0000
vt 0.625000 0.500000
vt 0.875000 0.500000
vt 0.875000 0.750000
vt 0.625000 0.750000
vt 0.375000 0.750000
vt 0.625000 1.000000
vt 0.375000 1.000000
vt 0.375000 0.000000
vt 0.625000 0.000000
vt 0.625000 0.250000
vt 0.375000 0.250000
vt 0.125000 0.500000
vt 0.375000 0.500000
vt 0.125000 0.750000
s 0
usemtl Material.010
f 553/1057/345 557/1058/345 559/1059/345 555/1060/345
f 556/1061/346 555/1060/346 559/1062/346 560/1063/346
f 560/1064/347 559/1065/347 557/1066/347 558/1067/347
f 558/1068/348 554/1069/348 556/1061/348 560/1070/348
f 554/1069/349 553/1057/349 555/1060/349 556/1061/349
f 558/1067/350 557/1066/350 553/1057/350 554/1069/350
o Cylinder.015
v -7.021693 2.516228 28.400301
v -7.021693 2.482828 28.400301
v -6.789629 2.516228 28.421736
v -6.789629 2.482828 28.421736
v -6.566483 2.516228 28.485212
v -6.566483 2.482828 28.485212
v -6.360830 2.516228 28.588293
v -6.360830 2.482828 28.588293
v -6.180574 2.516228 28.727016
v -6.180574 2.482828 28.727016
v -6.032641 2.516228 28.896053
v -6.032641 2.482828 28.896053
v -5.922718 2.516228 29.088903
v -5.922718 2.482828 29.088903
v -5.855027 2.516228 29.298159
v -5.855027 2.482828 29.298159
v -5.832171 2.516228 29.515778
v -5.832171 2.482828 29.515778
v -5.855027 2.516228 29.733397
v -5.855027 2.482828 29.733397
v -5.922718 2.516228 29.942652
v -5.922718 2.482828 29.942652
v -6.032641 2.516228 30.135502
v -6.032641 2.482828 30.135502
v -6.180574 2.516228 30.304539
v -6.180574 2.482828 30.304539
v -6.360830 2.516228 30.443262
v -6.360830 2.482828 30.443262
v -6.566483 2.516228 30.546343
v -6.566483 2.482828 30.546343
v -6.789629 2.516228 30.609819
v -6.789629 2.482828 30.609819
v -7.021693 2.516228 30.631254
v -7.021693 2.482828 30.631254
v -7.253757 2.516228 30.609819
v -7.253757 2.482828 30.609819
v -7.476903 2.516228 30.546343
v -7.476903 2.482828 30.546343
v -7.682556 2.516228 30.443262
v -7.682556 2.482828 30.443262
v -7.862812 2.516228 30.304539
v -7.862812 2.482828 30.304539
v -8.010744 2.516228 30.135502
v -8.010744 2.482828 30.135502
v -8.120667 2.516228 29.942652
v -8.120667 2.482828 29.942652
v -8.188358 2.516228 29.733397
v -8.188358 2.482828 29.733397
v -8.211215 2.516228 29.515778
v -8.211215 2.482828 29.515778
v -8.188358 2.516228 29.298159
v -8.188358 2.482828 29.298159
v -8.120667 2.516228 29.088903
v -8.120667 2.482828 29.088903
v -8.010744 2.516228 28.896053
v -8.010744 2.482828 28.896053
v -7.862812 2.516228 28.727016
v -7.862812 2.482828 28.727016
v -7.682556 2.516228 28.588293
v -7.682556 2.482828 28.588293
v -7.476903 2.516228 28.485212
v -7.476903 2.482828 28.485212
v -7.253757 2.516228 28.421736
v -7.253757 2.482828 28.421736
vn 0.0920 -0.0000 -0.9958
vn 0.2736 -0.0000 -0.9618
vn 0.4481 -0.0000 -0.8940
vn 0.6099 -0.0000 -0.7925
vn 0.7525 -0.0000 -0.6586
vn 0.8688 -0.0000 -0.4952
vn 0.9515 -0.0000 -0.3078
vn 0.9945 -0.0000 -0.1045
vn 0.9945 -0.0000 0.1045
vn 0.9515 -0.0000 0.3078
vn 0.8688 -0.0000 0.4952
vn 0.7525 -0.0000 0.6586
vn 0.6099 -0.0000 0.7925
vn 0.4481 -0.0000 0.8940
vn 0.2736 -0.0000 0.9618
vn 0.0920 -0.0000 0.9958
vn -0.0920 -0.0000 0.9958
vn -0.2736 -0.0000 0.9618
vn -0.4481 -0.0000 0.8940
vn -0.6099 -0.0000 0.7925
vn -0.7525 -0.0000 0.6586
vn -0.8688 -0.0000 0.4952
vn -0.9515 -0.0000 0.3078
vn -0.9945 -0.0000 0.1045
vn -0.9945 -0.0000 -0.1045
vn -0.9515 -0.0000 -0.3078
vn -0.8688 -0.0000 -0.4952
vn -0.7525 -0.0000 -0.6586
vn -0.6099 -0.0000 -0.7925
vn -0.4481 -0.0000 -0.8940
vn -0.0000 -1.0000 -0.0000
vn -0.2736 -0.0000 -0.9618
vn -0.0920 -0.0000 -0.9958
vn -0.0000 1.0000 -0.0000
vt 1.000000 0.500000
vt 1.000000 1.000000
vt 0.968750 1.000000
vt 0.968750 0.500000
vt 0.937500 1.000000
vt 0.937500 0.500000
vt 0.906250 1.000000
vt 0.906250 0.500000
vt 0.875000 1.000000
vt 0.875000 0.500000
vt 0.843750 1.000000
vt 0.843750 0.500000
vt 0.812500 1.000000
vt 0.812500 0.500000
vt 0.781250 1.000000
vt 0.781250 0.500000
vt 0.750000 1.000000
vt 0.750000 0.500000
vt 0.718750 1.000000
vt 0.718750 0.500000
vt 0.687500 1.000000
vt 0.687500 0.500000
vt 0.656250 1.000000
vt 0.656250 0.500000
vt 0.625000 1.000000
vt 0.625000 0.500000
vt 0.593750 1.000000
vt 0.593750 0.500000
vt 0.562500 1.000000
vt 0.562500 0.500000
vt 0.531250 1.000000
vt 0.531250 0.500000
vt 0.500000 1.000000
vt 0.500000 0.500000
vt 0.468750 1.000000
vt 0.468750 0.500000
vt 0.437500 1.000000
vt 0.437500 0.500000
vt 0.406250 1.000000
vt 0.406250 0.500000
vt 0.375000 1.000000
vt 0.375000 0.500000
vt 0.343750 1.000000
vt 0.343750 0.500000
vt 0.312500 1.000000
vt 0.312500 0.500000
vt 0.281250 1.000000
vt 0.281250 0.500000
vt 0.250000 1.000000
vt 0.250000 0.500000
vt 0.218750 1.000000
vt 0.218750 0.500000
vt 0.187500 1.000000
vt 0.187500 0.500000
vt 0.156250 1.000000
vt 0.156250 0.500000
vt 0.125000 1.000000
vt 0.125000 0.500000
vt 0.093750 1.000000
vt 0.093750 0.500000
vt 0.062500 1.000000
vt 0.062500 0.500000
vt 0.296822 0.485388
vt 0.250000 0.490000
vt 0.203178 0.485388
vt 0.158156 0.471731
vt 0.116663 0.449553
vt 0.080294 0.419706
vt 0.050447 0.383337
vt 0.028269 0.341844
vt 0.014612 0.296822
vt 0.010000 0.250000
vt 0.014612 0.203178
vt 0.028269 0.158156
vt 0.050447 0.116663
vt 0.080294 0.080294
vt 0.116663 0.050447
vt 0.158156 0.028269
vt 0.203178 0.014612
vt 0.250000 0.010000
vt 0.296822 0.014612
vt 0.341844 0.028269
vt 0.383337 0.050447
vt 0.419706 0.080294
vt 0.449553 0.116663
vt 0.471731 0.158156
vt 0.485388 0.203178
vt 0.490000 0.250000
vt 0.485388 0.296822
vt 0.471731 0.341844
vt 0.449553 0.383337
vt 0.419706 0.419706
vt 0.383337 0.449553
vt 0.341844 0.471731
vt 0.031250 1.000000
vt 0.031250 0.500000
vt 0.000000 1.000000
vt 0.000000 0.500000
vt 0.750000 0.490000
vt 0.796822 0.485388
vt 0.841844 0.471731
vt 0.883337 0.449553
vt 0.919706 0.419706
vt 0.949553 0.383337
vt 0.971731 0.341844
vt 0.985388 0.296822
vt 0.990000 0.250000
vt 0.985388 0.203178
vt 0.971731 0.158156
vt 0.949553 0.116663
vt 0.919706 0.080294
vt 0.883337 0.050447
vt 0.841844 0.028269
vt 0.796822 0.014612
vt 0.750000 0.010000
vt 0.703178 0.014612
vt 0.658156 0.028269
vt 0.616663 0.050447
vt 0.580294 0.080294
vt 0.550447 0.116663
vt 0.528269 0.158156
vt 0.514612 0.203178
vt 0.510000 0.250000
vt 0.514612 0.296822
vt 0.528269 0.341844
vt 0.550447 0.383337
vt 0.580294 0.419706
vt 0.616663 0.449553
vt 0.658156 0.471731
vt 0.703178 0.485388
s 0
f 561/1071/351 563/1074/351 564/1073/351 562/1072/351
f 563/1074/352 565/1076/352 566/1075/352 564/1073/352
f 565/1076/353 567/1078/353 568/1077/353 566/1075/353
f 567/1078/354 569/1080/354 570/1079/354 568/1077/354
f 569/1080/355 571/1082/355 572/1081/355 570/1079/355
f 571/1082/356 573/1084/356 574/1083/356 572/1081/356
f 573/1084/357 575/1086/357 576/1085/357 574/1083/357
f 575/1086/358 577/1088/358 578/1087/358 576/1085/358
f 577/1088/359 579/1090/359 580/1089/359 578/1087/359
f 579/1090/360 581/1092/360 582/1091/360 580/1089/360
f 581/1092/361 583/1094/361 584/1093/361 582/1091/361
f 583/1094/362 585/1096/362 586/1095/362 584/1093/362
f 585/1096/363 587/1098/363 588/1097/363 586/1095/363
f 587/1098/364 589/1100/364 590/1099/364 588/1097/364
f 589/1100/365 591/1102/365 592/1101/365 590/1099/365
f 591/1102/366 593/1104/366 594/1103/366 592/1101/366
f 593/1104/367 595/1106/367 596/1105/367 594/1103/367
f 595/1106/368 597/1108/368 598/1107/368 596/1105/368
f 597/1108/369 599/1110/369 600/1109/369 598/1107/369
f 599/1110/370 601/1112/370 602/1111/370 600/1109/370
f 601/1112/371 603/1114/371 604/1113/371 602/1111/371
f 603/1114/372 605/1116/372 606/1115/372 604/1113/372
f 605/1116/373 607/1118/373 608/1117/373 606/1115/373
f 607/1118/374 609/1120/374 610/1119/374 608/1117/374
f 609/1120/375 611/1122/375 612/1121/375 610/1119/375
f 611/1122/376 613/1124/376 614/1123/376 612/1121/376
f 613/1124/377 615/1126/377 616/1125/377 614/1123/377
f 615/1126/378 617/1128/378 618/1127/378 616/1125/378
f 617/1128/379 619/1130/379 620/1129/379 618/1127/379
f 619/1130/380 621/1132/380 622/1131/380 620/1129/380
f 564/1133/381 566/1164/381 568/1163/381 570/1162/381 572/1161/381 574/1160/381 576/1159/381 578/1158/381 580/1157/381 582/1156/381 584/1155/381 586/1154/381 588/1153/381 590/1152/381 592/1151/381 594/1150/381 596/1149/381 598/1148/381 600/1147/381 602/1146/381 604/1145/381 606/1144/381 608/1143/381 610/1142/381 612/1141/381 614/1140/381 616/1139/381 618/1138/381 620/1137/381 622/1136/381 624/1135/381 562/1134/381
f 621/1132/382 623/1166/382 624/1165/382 622/1131/382
f 623/1166/383 561/1168/383 562/1167/383 624/1165/383
f 561/1169/384 623/1200/384 621/1199/384 619/1198/384 617/1197/384 615/1196/384 613/1195/384 611/1194/384 609/1193/384 607/1192/384 605/1191/384 603/1190/384 601/1189/384 599/1188/384 597/1187/384 595/1186/384 593/1185/384 591/1184/384 589/1183/384 587/1182/384 585/1181/384 583/1180/384 581/1179/384 579/1178/384 577/1177/384 575/1176/384 573/1175/384 571/1174/384 569/1173/384 567/1172/384 565/1171/384 563/1170/384
o Cube.254
v -7.002628 0.019313 28.631039
v -7.002628 0.019313 28.594334
v -7.041770 0.019313 28.631039
v -7.041770 0.019313 28.594334
v -7.002628 2.496471 28.631039
v -7.002628 2.496471 28.594334
v -7.041770 2.496471 28.631039
v -7.041770 2.496471 28.594334
vn -0.0000 -0.0000 1.0000
vn -1.0000 -0.0000 -0.0000
vn -0.0000 1.0000 -0.0000
vn -0.0000 -0.0000 -1.0000
vn -0.0000 -1.0000 -0.0000
vn 1.0000 -0.0000 -0.0000
vt 0.625000 0.500000
vt 0.875000 0.500000
vt 0.875000 0.750000
vt 0.625000 0.750000
vt 0.375000 0.750000
vt 0.625000 1.000000
vt 0.375000 1.000000
vt 0.375000 0.000000
vt 0.625000 0.000000
vt 0.625000 0.250000
vt 0.375000 0.250000
vt 0.125000 0.500000
vt 0.375000 0.500000
vt 0.125000 0.750000
s 0
usemtl Material.005
f 625/1201/385 629/1202/385 631/1203/385 627/1204/385
f 628/1205/386 627/1204/386 631/1206/386 632/1207/386
f 632/1208/387 631/1209/387 629/1210/387 630/1211/387
f 630/1212/388 626/1213/388 628/1205/388 632/1214/388
f 626/1213/389 625/1201/389 627/1204/389 628/1205/389
f 630/1211/390 629/1210/390 625/1201/390 626/1213/390
o Cube.255
v -7.002628 0.019313 30.437540
v -7.002628 0.019313 30.400835
v -7.041770 0.019313 30.437540
v -7.041770 0.019313 30.400835
v -7.002628 2.496471 30.437540
v -7.002628 2.496471 30.400835
v -7.041770 2.496471 30.437540
v -7.041770 2.496471 30.400835
vn -0.0000 -0.0000 1.0000
vn -1.0000 -0.0000 -0.0000
vn -0.0000 1.0000 -0.0000
vn -0.0000 -0.0000 -1.0000
vn -0.0000 -1.0000 -0.0000
vn 1.0000 -0.0000 -0.0000
vt 0.625000 0.500000
vt 0.875000 0.500000
vt 0.875000 0.750000
vt 0.625000 0.750000
vt 0.375000 0.750000
vt 0.625000 1.000000
vt 0.375000 1.000000
vt 0.375000 0.000000
vt 0.625000 0.000000
vt 0.625000 0.250000
vt 0.375000 0.250000
vt 0.125000 0.500000
vt 0.375000 0.500000
vt 0.125000 0.750000
s 0
usemtl Material.006
f 633/1215/391 637/1216/391 639/1217/391 635/1218/391
f 636/1219/392 635/1218/392 639/1220/392 640/1221/392
f 640/1222/393 639/1223/393 637/1224/393 638/1225/393
f 638/1226/394 634/1227/394 636/1219/394 640/1228/394
f 634/1227/395 633/1215/395 635/1218/395 636/1219/395
f 638/1225/396 637/1224/396 633/1215/396 634/1227/396
o Cube.256
v -6.038599 0.019313 29.534286
v -6.038599 0.019313 29.497581
v -6.077741 0.019313 29.534286
v -6.077741 0.019313 29.497581
v -6.038599 2.496471 29.534286
v -6.038599 2.496471 29.497581
v -6.077741 2.496471 29.534286
v -6.077741 2.496471 29.497581
vn -0.0000 -0.0000 1.0000
vn -1.0000 -0.0000 -0.0000
vn -0.0000 1.0000 -0.0000
vn -0.0000 -0.0000 -1.0000
vn -0.0000 -1.0000 -0.0000
vn 1.0000 -0.0000 -0.0000
vt 0.625000 0.500000
vt 0.875000 0.500000
vt 0.875000 0.750000
vt 0.625000 0.750000
vt 0.375000 0.750000
vt 0.625000 1.000000
vt 0.375000 1.000000
vt 0.375000 0.000000
vt 0.625000 0.000000
vt 0.625000 0.250000
vt 0.375000 0.250000
vt 0.125000 0.500000
vt 0.375000 0.500000
vt 0.125000 0.750000
s 0
usemtl Material.007
f 641/1229/397 645/1230/397 647/1231/397 643/1232/397
f 644/1233/398 643/1232/398 647/1234/398 648/1235/398
f 648/1236/399 647/1237/399 645/1238/399 646/1239/399
f 646/1240/400 642/1241/400 644/1233/400 648/1242/400
f 642/1241/401 641/1229/401 643/1232/401 644/1233/401
f 646/1239/402 645/1238/402 641/1229/402 642/1241/402
o Cube.257
v -7.965836 0.019313 29.533518
v -7.965836 0.019313 29.496813
v -8.004978 0.019313 29.533518
v -8.004978 0.019313 29.496813
v -7.965836 2.496471 29.533518
v -7.965836 2.496471 29.496813
v -8.004978 2.496471 29.533518
v -8.004978 2.496471 29.496813
vn -0.0000 -0.0000 1.0000
vn -1.0000 -0.0000 -0.0000
vn -0.0000 1.0000 -0.0000
vn -0.0000 -0.0000 -1.0000
vn -0.0000 -1.0000 -0.0000
vn 1.0000 -0.0000 -0.0000
vt 0.625000 0.500000
vt 0.875000 0.500000
vt 0.875000 0.750000
vt 0.625000 0.750000
vt 0.375000 0.750000
vt 0.625000 1.000000
vt 0.375000 1.000000
vt 0.375000 0.000000
vt 0.625000 0.000000
vt 0.625000 0.250000
vt 0.375000 0.250000
vt 0.125000 0.500000
vt 0.375000 0.500000
vt 0.125000 0.750000
s 0
usemtl Material.008
f 649/1243/403 653/1244/403 655/1245/403 651/1246/403
f 652/1247/404 651/1246/404 655/1248/404 656/1249/404
f 656/1250/405 655/1251/405 653/1252/405 654/1253/405
f 654/1254/406 650/1255/406 652/1247/406 656/1256/406
f 650/1255/407 649/1243/407 651/1246/407 652/1247/407
f 654/1253/408 653/1252/408 649/1243/408 650/1255/408
o Cube.258
v -7.002121 0.134129 30.437160
v -7.002121 0.084787 30.437160
v -7.041264 0.134129 30.437160
v -7.041264 0.084787 30.437160
v -7.002121 0.134129 28.594395
v -7.002121 0.084787 28.594395
v -7.041264 0.134129 28.594395
v -7.041264 0.084787 28.594395
vn -0.0000 1.0000 -0.0000
vn -1.0000 -0.0000 -0.0000
vn -0.0000 -0.0000 -1.0000
vn -0.0000 -1.0000 -0.0000
vn -0.0000 -0.0000 1.0000
vn 1.0000 -0.0000 -0.0000
vt 0.625000 0.500000
vt 0.875000 0.500000
vt 0.875000 0.750000
vt 0.625000 0.750000
vt 0.375000 0.750000
vt 0.625000 1.000000
vt 0.375000 1.000000
vt 0.375000 0.000000
vt 0.625000 0.000000
vt 0.625000 0.250000
vt 0.375000 0.250000
vt 0.125000 0.500000
vt 0.375000 0.500000
vt 0.125000 0.750000
s 0
usemtl Material.009
f 657/1257/409 661/1258/409 663/1259/409 659/1260/409
f 660/1261/410 659/1260/410 663/1262/410 664/1263/410
f 664/1264/411 663/1265/411 661/1266/411 662/1267/411
f 662/1268/412 658/1269/412 660/1261/412 664/1270/412
f 658/1269/413 657/1257/413 659/1260/413 660/1261/413
f 662/1267/414 661/1266/414 657/1257/414 658/1269/414
o Cube.259
v -6.039147 0.134129 29.497425
v -6.039147 0.084787 29.497425
v -6.039147 0.134129 29.534130
v -6.039147 0.084787 29.534130
v -8.004238 0.134129 29.497425
v -8.004238 0.084787 29.497425
v -8.004238 0.134129 29.534130
v -8.004238 0.084787 29.534130
vn -0.0000 1.0000 -0.0000
vn -0.0000 -0.0000 1.0000
vn -1.0000 -0.0000 -0.0000
vn -0.0000 -1.0000 -0.0000
vn 1.0000 -0.0000 -0.0000
vn -0.0000 -0.0000 -1.0000
vt 0.625000 0.500000
vt 0.875000 0.500000
vt 0.875000 0.750000
vt 0.625000 0.750000
vt 0.375000 0.750000
vt 0.625000 1.000000
vt 0.375000 1.000000
vt 0.375000 0.000000
vt 0.625000 0.000000
vt 0.625000 0.250000
vt 0.375000 0.250000
vt 0.125000 0.500000
vt 0.375000 0.500000
vt 0.125000 0.750000
s 0
usemtl Material.010
f 665/1271/415 669/1272/415 671/1273/415 667/1274/415
f 668/1275/416 667/1274/416 671/1276/416 672/1277/416
f 672/1278/417 671/1279/417 669/1280/417 670/1281/417
f 670/1282/418 666/1283/418 668/1275/418 672/1284/418
f 666/1283/419 665/1271/419 667/1274/419 668/1275/419
f 670/1281/420 669/1280/420 665/1271/420 666/1283/420
o Cylinder.016
v -1.943663 2.516228 28.400301
v -1.943663 2.482828 28.400301
v -1.711598 2.516228 28.421736
v -1.711598 2.482828 28.421736
v -1.488452 2.516228 28.485212
v -1.488452 2.482828 28.485212
v -1.282800 2.516228 28.588293
v -1.282800 2.482828 28.588293
v -1.102544 2.516228 28.727016
v -1.102544 2.482828 28.727016
v -0.954611 2.516228 28.896053
v -0.954611 2.482828 28.896053
v -0.844688 2.516228 29.088903
v -0.844688 2.482828 29.088903
v -0.776997 2.516228 29.298159
v -0.776997 2.482828 29.298159
v -0.754141 2.516228 29.515778
v -0.754141 2.482828 29.515778
v -0.776997 2.516228 29.733397
v -0.776997 2.482828 29.733397
v -0.844688 2.516228 29.942652
v -0.844688 2.482828 29.942652
v -0.954611 2.516228 30.135502
v -0.954611 2.482828 30.135502
v -1.102544 2.516228 30.304539
v -1.102544 2.482828 30.304539
v -1.282800 2.516228 30.443262
v -1.282800 2.482828 30.443262
v -1.488452 2.516228 30.546343
v -1.488452 2.482828 30.546343
v -1.711598 2.516228 30.609819
v -1.711598 2.482828 30.609819
v -1.943663 2.516228 30.631254
v -1.943663 2.482828 30.631254
v -2.175727 2.516228 30.609819
v -2.175727 2.482828 30.609819
v -2.398873 2.516228 30.546343
v -2.398873 2.482828 30.546343
v -2.604526 2.516228 30.443262
v -2.604526 2.482828 30.443262
v -2.784782 2.516228 30.304539
v -2.784782 2.482828 30.304539
v -2.932714 2.516228 30.135502
v -2.932714 2.482828 30.135502
v -3.042638 2.516228 29.942652
v -3.042638 2.482828 29.942652
v -3.110328 2.516228 29.733397
v -3.110328 2.482828 29.733397
v -3.133184 2.516228 29.515778
v -3.133184 2.482828 29.515778
v -3.110328 2.516228 29.298159
v -3.110328 2.482828 29.298159
v -3.042638 2.516228 29.088903
v -3.042638 2.482828 29.088903
v -2.932714 2.516228 28.896053
v -2.932714 2.482828 28.896053
v -2.784782 2.516228 28.727016
v -2.784782 2.482828 28.727016
v -2.604526 2.516228 28.588293
v -2.604526 2.482828 28.588293
v -2.398873 2.516228 28.485212
v -2.398873 2.482828 28.485212
v -2.175727 2.516228 28.421736
v -2.175727 2.482828 28.421736
vn 0.0920 -0.0000 -0.9958
vn 0.2736 -0.0000 -0.9618
vn 0.4481 -0.0000 -0.8940
vn 0.6099 -0.0000 -0.7925
vn 0.7525 -0.0000 -0.6586
vn 0.8688 -0.0000 -0.4952
vn 0.9515 -0.0000 -0.3078
vn 0.9945 -0.0000 -0.1045
vn 0.9945 -0.0000 0.1045
vn 0.9515 -0.0000 0.3078
vn 0.8688 -0.0000 0.4952
vn 0.7525 -0.0000 0.6586
vn 0.6099 -0.0000 0.7925
vn 0.4481 -0.0000 0.8940
vn 0.2736 -0.0000 0.9618
vn 0.0920 -0.0000 0.9958
vn -0.0920 -0.0000 0.9958
vn -0.2736 -0.0000 0.9618
vn -0.4481 -0.0000 0.8940
vn -0.6099 -0.0000 0.7925
vn -0.7525 -0.0000 0.6586
vn -0.8688 -0.0000 0.4952
vn -0.9515 -0.0000 0.3078
vn -0.9945 -0.0000 0.1045
vn -0.9945 -0.0000 -0.1045
vn -0.9515 -0.0000 -0.3078
vn -0.8688 -0.0000 -0.4952
vn -0.7525 -0.0000 -0.6586
vn -0.6099 -0.0000 -0.7925
vn -0.4481 -0.0000 -0.8940
vn -0.0000 -1.0000 -0.0000
vn -0.2736 -0.0000 -0.9618
vn -0.0920 -0.0000 -0.9958
vn -0.0000 1.0000 -0.0000
vt 1.000000 0.500000
vt 1.000000 1.000000
vt 0.968750 1.000000
vt 0.968750 0.500000
vt 0.937500 1.000000
vt 0.937500 0.500000
vt 0.906250 1.000000
vt 0.906250 0.500000
vt 0.875000 1.000000
vt 0.875000 0.500000
vt 0.843750 1.000000
vt 0.843750 0.500000
vt 0.812500 1.000000
vt 0.812500 0.500000
vt 0.781250 1.000000
vt 0.781250 0.500000
vt 0.750000 1.000000
vt 0.750000 0.500000
vt 0.718750 1.000000
vt 0.718750 0.500000
vt 0.687500 1.000000
vt 0.687500 0.500000
vt 0.656250 1.000000
vt 0.656250 0.500000
vt 0.625000 1.000000
vt 0.625000 0.500000
vt 0.593750 1.000000
vt 0.593750 0.500000
vt 0.562500 1.000000
vt 0.562500 0.500000
vt 0.531250 1.000000
vt 0.531250 0.500000
vt 0.500000 1.000000
vt 0.500000 0.500000
vt 0.468750 1.000000
vt 0.468750 0.500000
vt 0.437500 1.000000
vt 0.437500 0.500000
vt 0.406250 1.000000
vt 0.406250 0.500000
vt 0.375000 1.000000
vt 0.375000 0.500000
vt 0.343750 1.000000
vt 0.343750 0.500000
vt 0.312500 1.000000
vt 0.312500 0.500000
vt 0.281250 1.000000
vt 0.281250 0.500000
vt 0.250000 1.000000
vt 0.250000 0.500000
vt 0.218750 1.000000
vt 0.218750 0.500000
vt 0.187500 1.000000
vt 0.187500 0.500000
vt 0.156250 1.000000
vt 0.156250 0.500000
vt 0.125000 1.000000
vt 0.125000 0.500000
vt 0.093750 1.000000
vt 0.093750 0.500000
vt 0.062500 1.000000
vt 0.062500 0.500000
vt 0.296822 0.485388
vt 0.250000 0.490000
vt 0.203178 0.485388
vt 0.158156 0.471731
vt 0.116663 0.449553
vt 0.080294 0.419706
vt 0.050447 0.383337
vt 0.028269 0.341844
vt 0.014612 0.296822
vt 0.010000 0.250000
vt 0.014612 0.203178
vt 0.028269 0.158156
vt 0.050447 0.116663
vt 0.080294 0.080294
vt 0.116663 0.050447
vt 0.158156 0.028269
vt 0.203178 0.014612
vt 0.250000 0.010000
vt 0.296822 0.014612
vt 0.341844 0.028269
vt 0.383337 0.050447
vt 0.419706 0.080294
vt 0.449553 0.116663
vt 0.471731 0.158156
vt 0.485388 0.203178
vt 0.490000 0.250000
vt 0.485388 0.296822
vt 0.471731 0.341844
vt 0.449553 0.383337
vt 0.419706 0.419706
vt 0.383337 0.449553
vt 0.341844 0.471731
vt 0.031250 1.000000
vt 0.031250 0.500000
vt 0.000000 1.000000
vt 0.000000 0.500000
vt 0.750000 0.490000
vt 0.796822 0.485388
vt 0.841844 0.471731
vt 0.883337 0.449553
vt 0.919706 0.419706
vt 0.949553 0.383337
vt 0.971731 0.341844
vt 0.985388 0.296822
vt 0.990000 0.250000
vt 0.985388 0.203178
vt 0.971731 0.158156
vt 0.949553 0.116663
vt 0.919706 0.080294
vt 0.883337 0.050447
vt 0.841844 0.028269
vt 0.796822 0.014612
vt 0.750000 0.010000
vt 0.703178 0.014612
vt 0.658156 0.028269
vt 0.616663 0.050447
vt 0.580294 0.080294
vt 0.550447 0.116663
vt 0.528269 0.158156
vt 0.514612 0.203178
vt 0.510000 0.250000
vt 0.514612 0.296822
vt 0.528269 0.341844
vt 0.550447 0.383337
vt 0.580294 0.419706
vt 0.616663 0.449553
vt 0.658156 0.471731
vt 0.703178 0.485388
s 0
f 673/1285/421 675/1288/421 676/1287/421 674/1286/421
f 675/1288/422 677/1290/422 678/1289/422 676/1287/422
f 677/1290/423 679/1292/423 680/1291/423 678/1289/423
f 679/1292/424 681/1294/424 682/1293/424 680/1291/424
f 681/1294/425 683/1296/425 684/1295/425 682/1293/425
f 683/1296/426 685/1298/426 686/1297/426 684/1295/426
f 685/1298/427 687/1300/427 688/1299/427 686/1297/427
f 687/1300/428 689/1302/428 690/1301/428 688/1299/428
f 689/1302/429 691/1304/429 692/1303/429 690/1301/429
f 691/1304/430 693/1306/430 694/1305/430 692/1303/430
f 693/1306/431 695/1308/431 696/1307/431 694/1305/431
f 695/1308/432 697/1310/432 698/1309/432 696/1307/432
f 697/1310/433 699/1312/433 700/1311/433 698/1309/433
f 699/1312/434 701/1314/434 702/1313/434 700/1311/434
f 701/1314/435 703/1316/435 704/1315/435 702/1313/435
f 703/1316/436 705/1318/436 706/1317/436 704/1315/436
f 705/1318/437 707/1320/437 708/1319/437 706/1317/437
f 707/1320/438 709/1322/438 710/1321/438 708/1319/438
f 709/1322/439 711/1324/439 712/1323/439 710/1321/439
f 711/1324/440 713/1326/440 714/1325/440 712/1323/440
f 713/1326/441 715/1328/441 716/1327/441 714/1325/441
f 715/1328/442 717/1330/442 718/1329/442 716/1327/442
f 717/1330/443 719/1332/443 720/1331/443 718/1329/443
f 719/1332/444 721/1334/444 722/1333/444 720/1331/444
f 721/1334/445 723/1336/445 724/1335/445 722/1333/445
f 723/1336/446 725/1338/446 726/1337/446 724/1335/446
f 725/1338/447 727/1340/447 728/1339/447 726/1337/447
f 727/1340/448 729/1342/448 730/1341/448 728/1339/448
f 729/1342/449 731/1344/449 732/1343/449 730/1341/449
f 731/1344/450 733/1346/450 734/1345/450 732/1343/450
f 676/1347/451 678/1378/451 680/1377/451 682/1376/451 684/1375/451 686/1374/451 688/1373/451 690/1372/451 692/1371/451 694/1370/451 696/1369/451 698/1368/451 700/1367/451 702/1366/451 704/1365/451 706/1364/451 708/1363/451 710/1362/451 712/1361/451 714/1360/451 716/1359/451 718/1358/451 720/1357/451 722/1356/451 724/1355/451 726/1354/451 728/1353/451 730/1352/451 732/1351/451 734/1350/451 736/1349/451 674/1348/451
f 733/1346/452 735/1380/452 736/1379/452 734/1345/452
f 735/1380/453 673/1382/453 674/1381/453 736/1379/453
f 673/1383/454 735/1414/454 733/1413/454 731/1412/454 729/1411/454 727/1410/454 725/1409/454 723/1408/454 721/1407/454 719/1406/454 717/1405/454 715/1404/454 713/1403/454 711/1402/454 709/1401/454 707/1400/454 705/1399/454 703/1398/454 701/1397/454 699/1396/454 697/1395/454 695/1394/454 693/1393/454 691/1392/454 689/1391/454 687/1390/454 685/1389/454 683/1388/454 681/1387/454 679/1386/454 677/1385/454 675/1384/454
o Cube.260
v -1.924598 0.019313 28.631039
v -1.924598 0.019313 28.594334
v -1.963740 0.019313 28.631039
v -1.963740 0.019313 28.594334
v -1.924598 2.496471 28.631039
v -1.924598 2.496471 28.594334
v -1.963740 2.496471 28.631039
v -1.963740 2.496471 28.594334
vn -0.0000 -0.0000 1.0000
vn -1.0000 -0.0000 -0.0000
vn -0.0000 1.0000 -0.0000
vn -0.0000 -0.0000 -1.0000
vn -0.0000 -1.0000 -0.0000
vn 1.0000 -0.0000 -0.0000
vt 0.625000 0.500000
vt 0.875000 0.500000
vt 0.875000 0.750000
vt 0.625000 0.750000
vt 0.375000 0.750000
vt 0.625000 1.000000
vt 0.375000 1.000000
vt 0.375000 0.000000
vt 0.625000 0.000000
vt 0.625000 0.250000
vt 0.375000 0.250000
vt 0.125000 0.500000
vt 0.375000 0.500000
vt 0.125000 0.750000
s 0
usemtl Material.005
f 737/1415/455 741/1416/455 743/1417/455 739/1418/455
f 740/1419/456 739/1418/456 743/1420/456 744/1421/456
f 744/1422/457 743/1423/457 741/1424/457 742/1425/457
f 742/1426/458 738/1427/458 740/1419/458 744/1428/458
f 738/1427/459 737/1415/459 739/1418/459 740/1419/459
f 742/1425/460 741/1424/460 737/1415/460 738/1427/460
o Cube.261
v -1.924598 0.019313 30.437540
v -1.924598 0.019313 30.400835
v -1.963740 0.019313 30.437540
v -1.963740 0.019313 30.400835
v -1.924598 2.496471 30.437540
v -1.924598 2.496471 30.400835
v -1.963740 2.496471 30.437540
v -1.963740 2.496471 30.400835
vn -0.0000 -0.0000 1.0000
vn -1.0000 -0.0000 -0.0000
vn -0.0000 1.0000 -0.0000
vn -0.0000 -0.0000 -1.0000
vn -0.0000 -1.0000 -0.0000
vn 1.0000 -0.0000 -0.0000
vt 0.625000 0.500000
vt 0.875000 0.500000
vt 0.875000 0.750000
vt 0.625000 0.750000
vt 0.375000 0.750000
vt 0.625000 1.000000
vt 0.375000 1.000000
vt 0.375000 0.000000
vt 0.625000 0.000000
vt 0.625000 0.250000
vt 0.375000 0.250000
vt 0.125000 0.500000
vt 0.375000 0.500000
vt 0.125000 0.750000
s 0
usemtl Material.006
f 745/1429/461 749/1430/461 751/1431/461 747/1432/461
f 748/1433/462 747/1432/462 751/1434/462 752/1435/462
f 752/1436/463 751/1437/463 749/1438/463 750/1439/463
f 750/1440/464 746/1441/464 748/1433/464 752/1442/464
f 746/1441/465 745/1429/465 747/1432/465 748/1433/465
f 750/1439/466 749/1438/466 745/1429/466 746/1441/466
o Cube.262
v -0.960569 0.019313 29.534286
v -0.960569 0.019313 29.497581
v -0.999711 0.019313 29.534286
v -0.999711 0.019313 29.497581
v -0.960569 2.496471 29.534286
v -0.960569 2.496471 29.497581
v -0.999711 2.496471 29.534286
v -0.999711 2.496471 29.497581
vn -0.0000 -0.0000 1.0000
vn -1.0000 -0.0000 -0.0000
vn -0.0000 1.0000 -0.0000
vn -0.0000 -0.0000 -1.0000
vn -0.0000 -1.0000 -0.0000
vn 1.0000 -0.0000 -0.0000
vt 0.625000 0.500000
vt 0.875000 0.500000
vt 0.875000 0.750000
vt 0.625000 0.750000
vt 0.375000 0.750000
vt 0.625000 1.000000
vt 0.375000 1.000000
vt 0.375000 0.000000
vt 0.625000 0.000000
vt 0.625000 0.250000
vt 0.375000 0.250000
vt 0.125000 0.500000
vt 0.375000 0.500000
vt 0.125000 0.750000
s 0
usemtl Material.007
f 753/1443/467 757/1444/467 759/1445/467 755/1446/467
f 756/1447/468 755/1446/468 759/1448/468 760/1449/468
f 760/1450/469 759/1451/469 757/1452/469 758/1453/469
f 758/1454/470 754/1455/470 756/1447/470 760/1456/470
f 754/1455/471 753/1443/471 755/1446/471 756/1447/471
f 758/1453/472 757/1452/472 753/1443/472 754/1455/472
o Cube.263
v -2.887806 0.019313 29.533518
v -2.887806 0.019313 29.496813
v -2.926948 0.019313 29.533518
v -2.926948 0.019313 29.496813
v -2.887806 2.496471 29.533518
v -2.887806 2.496471 29.496813
v -2.926948 2.496471 29.533518
v -2.926948 2.496471 29.496813
vn -0.0000 -0.0000 1.0000
vn -1.0000 -0.0000 -0.0000
vn -0.0000 1.0000 -0.0000
vn -0.0000 -0.0000 -1.0000
vn -0.0000 -1.0000 -0.0000
vn 1.0000 -0.0000 -0.0000
vt 0.625000 0.500000
vt 0.875000 0.500000
vt 0.875000 0.750000
vt 0.625000 0.750000
vt 0.375000 0.750000
vt 0.625000 1.000000
vt 0.375000 1.000000
vt 0.375000 0.000000
vt 0.625000 0.000000
vt 0.625000 0.250000
vt 0.375000 0.250000
vt 0.125000 0.500000
vt 0.375000 0.500000
vt 0.125000 0.750000
s 0
usemtl Material.008
f 761/1457/473 765/1458/473 767/1459/473 763/1460/473
f 764/1461/474 763/1460/474 767/1462/474 768/1463/474
f 768/1464/475 767/1465/475 765/1466/475 766/1467/475
f 766/1468/476 762/1469/476 764/1461/476 768/1470/476
f 762/1469/477 761/1457/477 763/1460/477 764/1461/477
f 766/1467/478 765/1466/478 761/1457/478 762/1469/478
o Cube.264
v -1.924092 0.134129 30.437160
v -1.924092 0.084787 30.437160
v -1.963234 0.134129 30.437160
v -1.963234 0.084787 30.437160
v -1.924091 0.134129 28.594395
v -1.924091 0.084787 28.594395
v -1.963234 0.134129 28.594395
v -1.963234 0.084787 28.594395
vn -0.0000 1.0000 -0.0000
vn -1.0000 -0.0000 -0.0000
vn -0.0000 -0.0000 -1.0000
vn -0.0000 -1.0000 -0.0000
vn -0.0000 -0.0000 1.0000
vn 1.0000 -0.0000 -0.0000
vt 0.625000 0.500000
vt 0.875000 0.500000
vt 0.875000 0.750000
vt 0.625000 0.750000
vt 0.375000 0.750000
vt 0.625000 1.000000
vt 0.375000 1.000000
vt 0.375000 0.000000
vt 0.625000 0.000000
vt 0.625000 0.250000
vt 0.375000 0.250000
vt 0.125000 0.500000
vt 0.375000 0.500000
vt 0.125000 0.750000
s 0
usemtl Material.009
f 769/1471/479 773/1472/479 775/1473/479 771/1474/479
f 772/1475/480 771/1474/480 775/1476/480 776/1477/480
f 776/1478/481 775/1479/481 773/1480/481 774/1481/481
f 774/1482/482 770/1483/482 772/1475/482 776/1484/482
f 770/1483/483 769/1471/483 771/1474/483 772/1475/483
f 774/1481/484 773/1480/484 769/1471/484 770/1483/484
o Cube.265
v -0.961117 0.134129 29.497425
v -0.961117 0.084787 29.497425
v -0.961117 0.134129 29.534130
v -0.961117 0.084787 29.534130
v -2.926208 0.134129 29.497425
v -2.926208 0.084787 29.497425
v -2.926208 0.134129 29.534130
v -2.926208 0.084787 29.534130
vn -0.0000 1.0000 -0.0000
vn -0.0000 -0.0000 1.0000
vn -1.0000 -0.0000 -0.0000
vn -0.0000 -1.0000 -0.0000
vn 1.0000 -0.0000 -0.0000
vn -0.0000 -0.0000 -1.0000
vt 0.625000 0.500000
vt 0.875000 0.500000
vt 0.875000 0.750000
vt 0.625000 0.750000
vt 0.375000 0.750000
vt 0.625000 1.000000
vt 0.375000 1.000000
vt 0.375000 0.000000
vt 0.625000 0.000000
vt 0.625000 0.250000
vt 0.375000 0.250000
vt 0.125000 0.500000
vt 0.375000 0.500000
vt 0.125000 0.750000
s 0
usemtl Material.010
f 777/1485/485 781/1486/485 783/1487/485 779/1488/485
f 780/1489/486 779/1488/486 783/1490/486 784/1491/486
f 784/1492/487 783/1493/487 781/1494/487 782/1495/487
f 782/1496/488 778/1497/488 780/1489/488 784/1498/488
f 778/1497/489 777/1485/489 779/1488/489 780/1489/489
f 782/1495/490 781/1494/490 777/1485/490 778/1497/490
o Cylinder.017
v 2.794333 2.516228 28.400301
v 2.794333 2.482828 28.400301
v 3.026398 2.516228 28.421736
v 3.026398 2.482828 28.421736
v 3.249544 2.516228 28.485212
v 3.249544 2.482828 28.485212
v 3.455196 2.516228 28.588293
v 3.455196 2.482828 28.588293
v 3.635453 2.516228 28.727016
v 3.635453 2.482828 28.727016
v 3.783385 2.516228 28.896053
v 3.783385 2.482828 28.896053
v 3.893308 2.516228 29.088903
v 3.893308 2.482828 29.088903
v 3.960999 2.516228 29.298159
v 3.960999 2.482828 29.298159
v 3.983855 2.516228 29.515778
v 3.983855 2.482828 29.515778
v 3.960999 2.516228 29.733397
v 3.960999 2.482828 29.733397
v 3.893308 2.516228 29.942652
v 3.893308 2.482828 29.942652
v 3.783385 2.516228 30.135502
v 3.783385 2.482828 30.135502
v 3.635453 2.516228 30.304539
v 3.635453 2.482828 30.304539
v 3.455196 2.516228 30.443262
v 3.455196 2.482828 30.443262
v 3.249544 2.516228 30.546343
v 3.249544 2.482828 30.546343
v 3.026398 2.516228 30.609819
v 3.026398 2.482828 30.609819
v 2.794333 2.516228 30.631254
v 2.794333 2.482828 30.631254
v 2.562269 2.516228 30.609819
v 2.562269 2.482828 30.609819
v 2.339123 2.516228 30.546343
v 2.339123 2.482828 30.546343
v 2.133471 2.516228 30.443262
v 2.133471 2.482828 30.443262
v 1.953214 2.516228 30.304539
v 1.953214 2.482828 30.304539
v 1.805282 2.516228 30.135502
v 1.805282 2.482828 30.135502
v 1.695359 2.516228 29.942652
v 1.695359 2.482828 29.942652
v 1.627668 2.516228 29.733397
v 1.627668 2.482828 29.733397
v 1.604812 2.516228 29.515778
v 1.604812 2.482828 29.515778
v 1.627668 2.516228 29.298159
v 1.627668 2.482828 29.298159
v 1.695359 2.516228 29.088903
v 1.695359 2.482828 29.088903
v 1.805282 2.516228 28.896053
v 1.805282 2.482828 28.896053
v 1.953214 2.516228 28.727016
v 1.953214 2.482828 28.727016
v 2.133471 2.516228 28.588293
v 2.133471 2.482828 28.588293
v 2.339123 2.516228 28.485212
v 2.339123 2.482828 28.485212
v 2.562269 2.516228 28.421736
v 2.562269 2.482828 28.421736
vn 0.0920 -0.0000 -0.9958
vn 0.2736 -0.0000 -0.9618
vn 0.4481 -0.0000 -0.8940
vn 0.6099 -0.0000 -0.7925
vn 0.7525 -0.0000 -0.6586
vn 0.8688 -0.0000 -0.4952
vn 0.9515 -0.0000 -0.3078
vn 0.9945 -0.0000 -0.1045
vn 0.9945 -0.0000 0.1045
vn 0.9515 -0.0000 0.3078
vn 0.8688 -0.0000 0.4952
vn 0.7525 -0.0000 0.6586
vn 0.6099 -0.0000 0.7925
vn 0.4481 -0.0000 0.8940
vn 0.2736 -0.0000 0.9618
vn 0.0920 -0.0000 0.9958
vn -0.0920 -0.0000 0.9958
vn -0.2736 -0.0000 0.9618
vn -0.4481 -0.0000 0.8940
vn -0.6099 -0.0000 0.7925
vn -0.7525 -0.0000 0.6586
vn -0.8688 -0.0000 0.4952
vn -0.9515 -0.0000 0.3078
vn -0.9945 -0.0000 0.1045
vn -0.9945 -0.0000 -0.1045
vn -0.9515 -0.0000 -0.3078
vn -0.8688 -0.0000 -0.4952
vn -0.7525 -0.0000 -0.6586
vn -0.6099 -0.0000 -0.7925
vn -0.4481 -0.0000 -0.8940
vn -0.0000 -1.0000 -0.0000
vn -0.2736 -0.0000 -0.9618
vn -0.0920 -0.0000 -0.9958
vn -0.0000 1.0000 -0.0000
vt 1.000000 0.500000
vt 1.000000 1.000000
vt 0.968750 1.000000
vt 0.968750 0.500000
vt 0.937500 1.000000
vt 0.937500 0.500000
vt 0.906250 1.000000
vt 0.906250 0.500000
vt 0.875000 1.000000
vt 0.875000 0.500000
vt 0.843750 1.000000
vt 0.843750 0.500000
vt 0.812500 1.000000
vt 0.812500 0.500000
vt 0.781250 1.000000
vt 0.781250 0.500000
vt 0.750000 1.000000
vt 0.750000 0.500000
vt 0.718750 1.000000
vt 0.718750 0.500000
vt 0.687500 1.000000
vt 0.687500 0.500000
vt 0.656250 1.000000
vt 0.656250 0.500000
vt 0.625000 1.000000
vt 0.625000 0.500000
vt 0.593750 1.000000
vt 0.593750 0.500000
vt 0.562500 1.000000
vt 0.562500 0.500000
vt 0.531250 1.000000
vt 0.531250 0.500000
vt 0.500000 1.000000
vt 0.500000 0.500000
vt 0.468750 1.000000
vt 0.468750 0.500000
vt 0.437500 1.000000
vt 0.437500 0.500000
vt 0.406250 1.000000
vt 0.406250 0.500000
vt 0.375000 1.000000
vt 0.375000 0.500000
vt 0.343750 1.000000
vt 0.343750 0.500000
vt 0.312500 1.000000
vt 0.312500 0.500000
vt 0.281250 1.000000
vt 0.281250 0.500000
vt 0.250000 1.000000
vt 0.250000 0.500000
vt 0.218750 1.000000
vt 0.218750 0.500000
vt 0.187500 1.000000
vt 0.187500 0.500000
vt 0.156250 1.000000
vt 0.156250 0.500000
vt 0.125000 1.000000
vt 0.125000 0.500000
vt 0.093750 1.000000
vt 0.093750 0.500000
vt 0.062500 1.000000
vt 0.062500 0.500000
vt 0.296822 0.485388
vt 0.250000 0.490000
vt 0.203178 0.485388
vt 0.158156 0.471731
vt 0.116663 0.449553
vt 0.080294 0.419706
vt 0.050447 0.383337
vt 0.028269 0.341844
vt 0.014612 0.296822
vt 0.010000 0.250000
vt 0.014612 0.203178
vt 0.028269 0.158156
vt 0.050447 0.116663
vt 0.080294 0.080294
vt 0.116663 0.050447
vt 0.158156 0.028269
vt 0.203178 0.014612
vt 0.250000 0.010000
vt 0.296822 0.014612
vt 0.341844 0.028269
vt 0.383337 0.050447
vt 0.419706 0.080294
vt 0.449553 0.116663
vt 0.471731 0.158156
vt 0.485388 0.203178
vt 0.490000 0.250000
vt 0.485388 0.296822
vt 0.471731 0.341844
vt 0.449553 0.383337
vt 0.419706 0.419706
vt 0.383337 0.449553
vt 0.341844 0.471731
vt 0.031250 1.000000
vt 0.031250 0.500000
vt 0.000000 1.000000
vt 0.000000 0.500000
vt 0.750000 0.490000
vt 0.796822 0.485388
vt 0.841844 0.471731
vt 0.883337 0.449553
vt 0.919706 0.419706
vt 0.949553 0.383337
vt 0.971731 0.341844
vt 0.985388 0.296822
vt 0.990000 0.250000
vt 0.985388 0.203178
vt 0.971731 0.158156
vt 0.949553 0.116663
vt 0.919706 0.080294
vt 0.883337 0.050447
vt 0.841844 0.028269
vt 0.796822 0.014612
vt 0.750000 0.010000
vt 0.703178 0.014612
vt 0.658156 0.028269
vt 0.616663 0.050447
vt 0.580294 0.080294
vt 0.550447 0.116663
vt 0.528269 0.158156
vt 0.514612 0.203178
vt 0.510000 0.250000
vt 0.514612 0.296822
vt 0.528269 0.341844
vt 0.550447 0.383337
vt 0.580294 0.419706
vt 0.616663 0.449553
vt 0.658156 0.471731
vt 0.703178 0.485388
s 0
f 785/1499/491 787/1502/491 788/1501/491 786/1500/491
f 787/1502/492 789/1504/492 790/1503/492 788/1501/492
f 789/1504/493 791/1506/493 792/1505/493 790/1503/493
f 791/1506/494 793/1508/494 794/1507/494 792/1505/494
f 793/1508/495 795/1510/495 796/1509/495 794/1507/495
f 795/1510/496 797/1512/496 798/1511/496 796/1509/496
f 797/1512/497 799/1514/497 800/1513/497 798/1511/497
f 799/1514/498 801/1516/498 802/1515/498 800/1513/498
f 801/1516/499 803/1518/499 804/1517/499 802/1515/499
f 803/1518/500 805/1520/500 806/1519/500 804/1517/500
f 805/1520/501 807/1522/501 808/1521/501 806/1519/501
f 807/1522/502 809/1524/502 810/1523/502 808/1521/502
f 809/1524/503 811/1526/503 812/1525/503 810/1523/503
f 811/1526/504 813/1528/504 814/1527/504 812/1525/504
f 813/1528/505 815/1530/505 816/1529/505 814/1527/505
f 815/1530/506 817/1532/506 818/1531/506 816/1529/506
f 817/1532/507 819/1534/507 820/1533/507 818/1531/507
f 819/1534/508 821/1536/508 822/1535/508 820/1533/508
f 821/1536/509 823/1538/509 824/1537/509 822/1535/509
f 823/1538/510 825/1540/510 826/1539/510 824/1537/510
f 825/1540/511 827/1542/511 828/1541/511 826/1539/511
f 827/1542/512 829/1544/512 830/1543/512 828/1541/512
f 829/1544/513 831/1546/513 832/1545/513 830/1543/513
f 831/1546/514 833/1548/514 834/1547/514 832/1545/514
f 833/1548/515 835/1550/515 836/1549/515 834/1547/515
f 835/1550/516 837/1552/516 838/1551/516 836/1549/516
f 837/1552/517 839/1554/517 840/1553/517 838/1551/517
f 839/1554/518 841/1556/518 842/1555/518 840/1553/518
f 841/1556/519 843/1558/519 844/1557/519 842/1555/519
f 843/1558/520 845/1560/520 846/1559/520 844/1557/520
f 788/1561/521 790/1592/521 792/1591/521 794/1590/521 796/1589/521 798/1588/521 800/1587/521 802/1586/521 804/1585/521 806/1584/521 808/1583/521 810/1582/521 812/1581/521 814/1580/521 816/1579/521 818/1578/521 820/1577/521 822/1576/521 824/1575/521 826/1574/521 828/1573/521 830/1572/521 832/1571/521 834/1570/521 836/1569/521 838/1568/521 840/1567/521 842/1566/521 844/1565/521 846/1564/521 848/1563/521 786/1562/521
f 845/1560/522 847/1594/522 848/1593/522 846/1559/522
f 847/1594/523 785/1596/523 786/1595/523 848/1593/523
f 785/1597/524 847/1628/524 845/1627/524 843/1626/524 841/1625/524 839/1624/524 837/1623/524 835/1622/524 833/1621/524 831/1620/524 829/1619/524 827/1618/524 825/1617/524 823/1616/524 821/1615/524 819/1614/524 817/1613/524 815/1612/524 813/1611/524 811/1610/524 809/1609/524 807/1608/524 805/1607/524 803/1606/524 801/1605/524 799/1604/524 797/1603/524 795/1602/524 793/1601/524 791/1600/524 789/1599/524 787/1598/524
o Cube.266
v 2.813398 0.019313 28.631039
v 2.813398 0.019313 28.594334
v 2.774256 0.019313 28.631039
v 2.774256 0.019313 28.594334
v 2.813398 2.496471 28.631039
v 2.813398 2.496471 28.594334
v 2.774256 2.496471 28.631039
v 2.774256 2.496471 28.594334
vn -0.0000 -0.0000 1.0000
vn -1.0000 -0.0000 -0.0000
vn -0.0000 1.0000 -0.0000
vn -0.0000 -0.0000 -1.0000
vn -0.0000 -1.0000 -0.0000
vn 1.0000 -0.0000 -0.0000
vt 0.625000 0.500000
vt 0.875000 0.500000
vt 0.875000 0.750000
vt 0.625000 0.750000
vt 0.375000 0.750000
vt 0.625000 1.000000
vt 0.375000 1.000000
vt 0.375000 0.000000
vt 0.625000 0.000000
vt 0.625000 0.250000
vt 0.375000 0.250000
vt 0.125000 0.500000
vt 0.375000 0.500000
vt 0.125000 0.750000
s 0
usemtl Material.005
f 849/1629/525 853/1630/525 855/1631/525 851/1632/525
f 852/1633/526 851/1632/526 855/1634/526 856/1635/526
f 856/1636/527 855/1637/527 853/1638/527 854/1639/527
f 854/1640/528 850/1641/528 852/1633/528 856/1642/528
f 850/1641/529 849/1629/529 851/1632/529 852/1633/529
f 854/1639/530 853/1638/530 849/1629/530 850/1641/530
o Cube.267
v 2.813398 0.019313 30.437540
v 2.813398 0.019313 30.400835
v 2.774256 0.019313 30.437540
v 2.774256 0.019313 30.400835
v 2.813398 2.496471 30.437540
v 2.813398 2.496471 30.400835
v 2.774256 2.496471 30.437540
v 2.774256 2.496471 30.400835
vn -0.0000 -0.0000 1.0000
vn -1.0000 -0.0000 -0.0000
vn -0.0000 1.0000 -0.0000
vn -0.0000 -0.0000 -1.0000
vn -0.0000 -1.0000 -0.0000
vn 1.0000 -0.0000 -0.0000
vt 0.625000 0.500000
vt 0.875000 0.500000
vt 0.875000 0.750000
vt 0.625000 0.750000
vt 0.375000 0.750000
vt 0.625000 1.000000
vt 0.375000 1.000000
vt 0.375000 0.000000
vt 0.625000 0.000000
vt 0.625000 0.250000
vt 0.375000 0.250000
vt 0.125000 0.500000
vt 0.375000 0.500000
vt 0.125000 0.750000
s 0
usemtl Material.006
f 857/1643/531 861/1644/531 863/1645/531 859/1646/531
f 860/1647/532 859/1646/532 863/1648/532 864/1649/532
f 864/1650/533 863/1651/533 861/1652/533 862/1653/533
f 862/1654/534 858/1655/534 860/1647/534 864/1656/534
f 858/1655/535 857/1643/535 859/1646/535 860/1647/535
f 862/1653/536 861/1652/536 857/1643/536 858/1655/536
o Cube.268
v 3.777427 0.019313 29.534286
v 3.777427 0.019313 29.497581
v 3.738285 0.019313 29.534286
v 3.738285 0.019313 29.497581
v 3.777427 2.496471 29.534286
v 3.777427 2.496471 29.497581
v 3.738285 2.496471 29.534286
v 3.738285 2.496471 29.497581
vn -0.0000 -0.0000 1.0000
vn -1.0000 -0.0000 -0.0000
vn -0.0000 1.0000 -0.0000
vn -0.0000 -0.0000 -1.0000
vn -0.0000 -1.0000 -0.0000
vn 1.0000 -0.0000 -0.0000
vt 0.625000 0.500000
vt 0.875000 0.500000
vt 0.875000 0.750000
vt 0.625000 0.750000
vt 0.375000 0.750000
vt 0.625000 1.000000
vt 0.375000 1.000000
vt 0.375000 0.000000
vt 0.625000 0.000000
vt 0.625000 0.250000
vt 0.375000 0.250000
vt 0.125000 0.500000
vt 0.375000 0.500000
vt 0.125000 0.750000
s 0
usemtl Material.007
f 865/1657/537 869/1658/537 871/1659/537 867/1660/537
f 868/1661/538 867/1660/538 871/1662/538 872/1663/538
f 872/1664/539 871/1665/539 869/1666/539 870/1667/539
f 870/1668/540 866/1669/540 868/1661/540 872/1670/540
f 866/1669/541 865/1657/541 867/1660/541 868/1661/541
f 870/1667/542 869/1666/542 865/1657/542 866/1669/542
o Cube.269
v 1.850190 0.019313 29.533518
v 1.850190 0.019313 29.496813
v 1.811048 0.019313 29.533518
v 1.811048 0.019313 29.496813
v 1.850190 2.496471 29.533518
v 1.850190 2.496471 29.496813
v 1.811048 2.496471 29.533518
v 1.811048 2.496471 29.496813
vn -0.0000 -0.0000 1.0000
vn -1.0000 -0.0000 -0.0000
vn -0.0000 1.0000 -0.0000
vn -0.0000 -0.0000 -1.0000
vn -0.0000 -1.0000 -0.0000
vn 1.0000 -0.0000 -0.0000
vt 0.625000 0.500000
vt 0.875000 0.500000
vt 0.875000 0.750000
vt 0.625000 0.750000
vt 0.375000 0.750000
vt 0.625000 1.000000
vt 0.375000 1.000000
vt 0.375000 0.000000
vt 0.625000 0.000000
vt 0.625000 0.250000
vt 0.375000 0.250000
vt 0.125000 0.500000
vt 0.375000 0.500000
vt 0.125000 0.750000
s 0
usemtl Material.008
f 873/1671/543 877/1672/543 879/1673/543 875/1674/543
f 876/1675/544 875/1674/544 879/1676/544 880/1677/544
f 880/1678/545 879/1679/545 877/1680/545 878/1681/545
f 878/1682/546 874/1683/546 876/1675/546 880/1684/546
f 874/1683/547 873/1671/547 875/1674/547 876/1675/547
f 878/1681/548 877/1680/548 873/1671/548 874/1683/548
o Cube.270
v 2.813905 0.134129 30.437160
v 2.813905 0.084787 30.437160
v 2.774762 0.134129 30.437160
v 2.774762 0.084787 30.437160
v 2.813905 0.134129 28.594395
v 2.813905 0.084787 28.594395
v 2.774762 0.134129 28.594395
v 2.774762 0.084787 28.594395
vn -0.0000 1.0000 -0.0000
vn -1.0000 -0.0000 -0.0000
vn -0.0000 -0.0000 -1.0000
vn -0.0000 -1.0000 -0.0000
vn -0.0000 -0.0000 1.0000
vn 1.0000 -0.0000 -0.0000
vt 0.625000 0.500000
vt 0.875000 0.500000
vt 0.875000 0.750000
vt 0.625000 0.750000
vt 0.375000 0.750000
vt 0.625000 1.000000
vt 0.375000 1.000000
vt 0.375000 0.000000
vt 0.625000 0.000000
vt 0.625000 0.250000
vt 0.375000 0.250000
vt 0.125000 0.500000
vt 0.375000 0.500000
vt 0.125000 0.750000
s 0
usemtl Material.009
f 881/1685/549 885/1686/549 887/1687/549 883/1688/549
f 884/1689/550 883/1688/550 887/1690/550 888/1691/550
f 888/1692/551 887/1693/551 885/1694/551 886/1695/551
f 886/1696/552 882/1697/552 884/1689/552 888/1698/552
f 882/1697/553 881/1685/553 883/1688/553 884/1689/553
f 886/1695/554 885/1694/554 881/1685/554 882/1697/554
o Cube.271
v 3.776879 0.134129 29.497425
v 3.776879 0.084787 29.497425
v 3.776879 0.134129 29.534130
v 3.776879 0.084787 29.534130
v 1.811788 0.134129 29.497425
v 1.811788 0.084787 29.497425
v 1.811788 0.134129 29.534130
v 1.811788 0.084787 29.534130
vn -0.0000 1.0000 -0.0000
vn -0.0000 -0.0000 1.0000
vn -1.0000 -0.0000 -0.0000
vn -0.0000 -1.0000 -0.0000
vn 1.0000 -0.0000 -0.0000
vn -0.0000 -0.0000 -1.0000
vt 0.625000 0.500000
vt 0.875000 0.500000
vt 0.875000 0.750000
vt 0.625000 0.750000
vt 0.375000 0.750000
vt 0.625000 1.000000
vt 0.375000 1.000000
vt 0.375000 0.000000
vt 0.625000 0.000000
vt 0.625000 0.250000
vt 0.375000 0.250000
vt 0.125000 0.500000
vt 0.375000 0.500000
vt 0.125000 0.750000
s 0
usemtl Material.010
f 889/1699/555 893/1700/555 895/1701/555 891/1702/555
f 892/1703/556 891/1702/556 895/1704/556 896/1705/556
f 896/1706/557 895/1707/557 893/1708/557 894/1709/557
f 894/1710/558 890/1711/558 892/1703/558 896/1712/558
f 890/1711/559 889/1699/559 891/1702/559 892/1703/559
f 894/1709/560 893/1708/560 889/1699/560 890/1711/560
