# Blender 5.2.0 LTS
# www.blender.org
mtllib SetMejaMakanKayuIndoor.mtl
o Cube.002
v 3.186486 3.080405 -1.469392
v 3.186486 0.093264 -1.469392
v 3.186486 3.080405 -1.926365
v 3.186486 0.093264 -1.926365
v 3.620425 3.080405 -1.469392
v 3.620425 0.093264 -1.469392
v 3.620425 3.080405 -1.926365
v 3.620425 0.093264 -1.926365
v 3.186486 2.476448 -1.469392
v 3.186486 2.476448 -1.926365
v 3.620425 2.476448 -1.926365
v 3.620425 2.476448 -1.469392
v 3.186486 3.080405 -1.926365
v 3.186486 3.080405 -1.469392
v 3.186486 2.476448 -1.926365
v 3.620425 2.476448 -1.469392
v 3.620425 3.080405 -1.469392
v 3.186486 2.476448 -1.469392
v 1.416126 3.080405 -1.926365
v 1.416126 3.080405 -1.469392
v 1.416126 2.476448 -1.926365
v 1.416126 2.476448 -1.469392
v 3.620425 2.476448 0.041467
v 3.620425 3.080405 0.041467
v 3.186486 3.080405 0.041467
v 3.186486 2.476448 0.041467
v -0.004733 3.080405 -1.926365
v -0.004733 3.080405 -1.469392
v -0.004733 2.476448 -1.926365
v -0.004733 2.476448 -1.469392
v -3.186486 3.080405 -1.469392
v -3.186486 0.093264 -1.469392
v -3.186486 3.080405 -1.926365
v -3.186486 0.093264 -1.926365
v -3.620425 3.080405 -1.469392
v -3.620425 0.093264 -1.469392
v -3.620425 3.080405 -1.926365
v -3.620425 0.093264 -1.926365
v -3.186486 2.476448 -1.469392
v -3.186486 2.476448 -1.926365
v -3.620425 2.476448 -1.926365
v -3.620425 2.476448 -1.469392
v -3.186486 3.080405 -1.926365
v -3.186486 3.080405 -1.469392
v -3.186486 2.476448 -1.926365
v -3.620425 2.476448 -1.469392
v -3.620425 3.080405 -1.469392
v -3.186486 2.476448 -1.469392
v -1.416126 3.080405 -1.926365
v -1.416126 3.080405 -1.469392
v -1.416126 2.476448 -1.926365
v -1.416126 2.476448 -1.469392
v -3.620425 2.476448 0.041467
v -3.620425 3.080405 0.041467
v -3.186486 3.080405 0.041467
v -3.186486 2.476448 0.041467
v 0.004733 3.080405 -1.926365
v 0.004733 3.080405 -1.469392
v 0.004733 2.476448 -1.926365
v 0.004733 2.476448 -1.469392
v 3.186486 3.080405 1.469393
v 3.186486 0.093264 1.469393
v 3.186486 3.080405 1.926366
v 3.186486 0.093264 1.926366
v 3.620425 3.080405 1.469393
v 3.620425 0.093264 1.469393
v 3.620425 3.080405 1.926366
v 3.620425 0.093264 1.926366
v 3.186486 2.476448 1.469393
v 3.186486 2.476448 1.926366
v 3.620425 2.476448 1.926366
v 3.620425 2.476448 1.469393
v 3.186486 3.080405 1.926366
v 3.186486 3.080405 1.469393
v 3.186486 2.476448 1.926366
v 3.620425 2.476448 1.469393
v 3.620425 3.080405 1.469393
v 3.186486 2.476448 1.469393
v 1.416126 3.080405 1.926366
v 1.416126 3.080405 1.469393
v 1.416126 2.476448 1.926366
v 1.416126 2.476448 1.469393
v 3.620425 2.476448 -0.041467
v 3.620425 3.080405 -0.041467
v 3.186486 3.080405 -0.041467
v 3.186486 2.476448 -0.041467
v -0.004733 3.080405 1.926366
v -0.004733 3.080405 1.469393
v -0.004733 2.476448 1.926366
v -0.004733 2.476448 1.469393
v -3.186485 3.080405 1.469393
v -3.186485 0.093264 1.469393
v -3.186485 3.080405 1.926366
v -3.186485 0.093264 1.926366
v -3.620425 3.080405 1.469393
v -3.620425 0.093264 1.469393
v -3.620425 3.080405 1.926366
v -3.620425 0.093264 1.926366
v -3.186485 2.476448 1.469393
v -3.186485 2.476448 1.926366
v -3.620425 2.476448 1.926366
v -3.620425 2.476448 1.469393
v -3.186485 3.080405 1.926366
v -3.186485 3.080405 1.469393
v -3.186485 2.476448 1.926366
v -3.620425 2.476448 1.469393
v -3.620425 3.080405 1.469393
v -3.186485 2.476448 1.469393
v -1.416125 3.080405 1.926366
v -1.416125 3.080405 1.469393
v -1.416125 2.476448 1.926366
v -1.416125 2.476448 1.469393
v -3.620425 2.476448 -0.041467
v -3.620425 3.080405 -0.041467
v -3.186485 3.080405 -0.041467
v -3.186485 2.476448 -0.041467
v 0.004734 3.080405 1.926366
v 0.004734 3.080405 1.469393
v 0.004734 2.476448 1.926366
v 0.004734 2.476448 1.469393
vn -1.0000 -0.0000 -0.0000
vn -0.0000 -0.0000 -1.0000
vn 1.0000 -0.0000 -0.0000
vn -0.0000 -0.0000 1.0000
vn -0.0000 1.0000 -0.0000
vn -0.0000 -1.0000 -0.0000
vt 0.625000 0.000000
vt 0.425546 0.250000
vt 0.425546 0.000000
vt 0.625000 0.250000
vt 0.425546 0.500000
vt 0.625000 0.500000
vt 0.425546 0.750000
vt 0.625000 0.750000
vt 0.425546 1.000000
vt 0.375000 0.500000
vt 0.125000 0.750000
vt 0.125000 0.500000
vt 0.875000 0.500000
vt 0.375000 0.750000
vt 0.375000 0.250000
vt 0.375000 1.000000
vt 0.375000 0.000000
vt 0.625000 1.000000
vt 0.875000 0.750000
s 0
f 2/1/1 9/3/1 10/2/1
f 4/4/2 10/2/2 11/5/2
f 8/6/3 11/5/3 12/7/3
f 6/8/4 12/7/4 9/9/4
f 7/10/5 3/12/5 1/11/5
f 4/13/6 8/6/6 6/8/6
f 5/14/6 17/14/6 16/7/6
f 11/5/3 7/10/3 5/14/3
f 10/2/2 3/15/2 7/10/2
f 3/12/6 13/12/6 14/11/6
f 14/16/1 18/9/1 26/9/1
f 18/9/4 14/16/4 20/16/4
f 12/7/6 16/7/6 18/9/6
f 10/2/6 15/2/6 13/15/6
f 1/11/6 14/11/6 17/14/6
f 9/3/6 18/3/6 15/2/6
f 20/11/5 19/12/5 27/12/5
f 14/11/5 13/12/5 19/12/5
f 13/15/2 15/2/2 21/2/2
f 15/2/6 18/3/6 22/3/6
f 23/7/4 24/14/4 25/16/4
f 16/7/3 17/14/3 24/14/3
f 18/9/6 16/7/6 23/7/6
f 17/14/5 14/11/5 25/11/5
f 30/3/1 28/17/1 27/15/1
f 21/2/6 22/3/6 30/3/6
f 19/15/2 21/2/2 29/2/2
f 22/9/4 20/16/4 28/16/4
f 40/2/3 39/3/3 32/1/3
f 41/5/2 40/2/2 34/4/2
f 42/7/1 41/5/1 38/6/1
f 39/9/4 42/7/4 36/8/4
f 31/11/5 33/12/5 37/10/5
f 36/8/6 38/6/6 34/13/6
f 35/14/6 42/7/6 46/7/6
f 35/14/1 37/10/1 41/5/1
f 37/10/2 33/15/2 40/2/2
f 33/12/6 31/11/6 44/11/6
f 56/9/3 48/9/3 44/16/3
f 50/16/4 44/16/4 48/9/4
f 42/7/6 39/9/6 48/9/6
f 40/2/6 33/15/6 43/15/6
f 31/11/6 35/14/6 47/14/6
f 39/3/6 40/2/6 45/2/6
f 57/12/5 49/12/5 50/11/5
f 49/12/5 43/12/5 44/11/5
f 51/2/2 45/2/2 43/15/2
f 52/3/6 48/3/6 45/2/6
f 55/16/4 54/14/4 53/7/4
f 54/14/1 47/14/1 46/7/1
f 53/7/6 46/7/6 48/9/6
f 55/11/5 44/11/5 47/14/5
f 57/15/3 58/17/3 60/3/3
f 60/3/6 52/3/6 51/2/6
f 59/2/2 51/2/2 49/15/2
f 58/16/4 50/16/4 52/9/4
f 70/2/1 69/3/1 62/1/1
f 71/5/4 70/2/4 64/4/4
f 72/7/3 71/5/3 68/6/3
f 69/9/2 72/7/2 66/8/2
f 61/11/5 63/12/5 67/10/5
f 66/8/6 68/6/6 64/13/6
f 65/14/6 72/7/6 76/7/6
f 65/14/3 67/10/3 71/5/3
f 67/10/4 63/15/4 70/2/4
f 63/12/6 61/11/6 74/11/6
f 86/9/1 78/9/1 74/16/1
f 80/16/2 74/16/2 78/9/2
f 72/7/6 69/9/6 78/9/6
f 70/2/6 63/15/6 73/15/6
f 61/11/6 65/14/6 77/14/6
f 69/3/6 70/2/6 75/2/6
f 87/12/5 79/12/5 80/11/5
f 79/12/5 73/12/5 74/11/5
f 81/2/4 75/2/4 73/15/4
f 82/3/6 78/3/6 75/2/6
f 85/16/2 84/14/2 83/7/2
f 84/14/3 77/14/3 76/7/3
f 83/7/6 76/7/6 78/9/6
f 85/11/5 74/11/5 77/14/5
f 87/15/1 88/17/1 90/3/1
f 90/3/6 82/3/6 81/2/6
f 89/2/4 81/2/4 79/15/4
f 88/16/2 80/16/2 82/9/2
f 92/1/3 99/3/3 100/2/3
f 94/4/4 100/2/4 101/5/4
f 98/6/1 101/5/1 102/7/1
f 96/8/2 102/7/2 99/9/2
f 97/10/5 93/12/5 91/11/5
f 94/13/6 98/6/6 96/8/6
f 95/14/6 107/14/6 106/7/6
f 101/5/1 97/10/1 95/14/1
f 100/2/4 93/15/4 97/10/4
f 93/12/6 103/12/6 104/11/6
f 104/16/3 108/9/3 116/9/3
f 108/9/2 104/16/2 110/16/2
f 102/7/6 106/7/6 108/9/6
f 100/2/6 105/2/6 103/15/6
f 91/11/6 104/11/6 107/14/6
f 99/3/6 108/3/6 105/2/6
f 110/11/5 109/12/5 117/12/5
f 104/11/5 103/12/5 109/12/5
f 103/15/4 105/2/4 111/2/4
f 105/2/6 108/3/6 112/3/6
f 113/7/2 114/14/2 115/16/2
f 106/7/1 107/14/1 114/14/1
f 108/9/6 106/7/6 113/7/6
f 107/14/5 104/11/5 115/11/5
f 120/3/3 118/17/3 117/15/3
f 111/2/6 112/3/6 120/3/6
f 109/15/4 111/2/4 119/2/4
f 112/9/2 110/16/2 118/16/2
f 2/1/1 10/2/1 4/4/1
f 4/4/2 11/5/2 8/6/2
f 8/6/3 12/7/3 6/8/3
f 6/8/4 9/9/4 2/18/4
f 7/10/5 1/11/5 5/14/5
f 4/13/6 6/8/6 2/19/6
f 5/14/6 16/7/6 12/7/6
f 11/5/3 5/14/3 12/7/3
f 10/2/2 7/10/2 11/5/2
f 3/12/6 14/11/6 1/11/6
f 14/16/1 26/9/1 25/16/1
f 18/9/4 20/16/4 22/9/4
f 12/7/6 18/9/6 9/9/6
f 10/2/6 13/15/6 3/15/6
f 1/11/6 17/14/6 5/14/6
f 9/3/6 15/2/6 10/2/6
f 20/11/5 27/12/5 28/11/5
f 14/11/5 19/12/5 20/11/5
f 13/15/2 21/2/2 19/15/2
f 15/2/6 22/3/6 21/2/6
f 23/7/4 25/16/4 26/9/4
f 16/7/3 24/14/3 23/7/3
f 18/9/6 23/7/6 26/9/6
f 17/14/5 25/11/5 24/14/5
f 30/3/1 27/15/1 29/2/1
f 21/2/6 30/3/6 29/2/6
f 19/15/2 29/2/2 27/15/2
f 22/9/4 28/16/4 30/9/4
f 40/2/3 32/1/3 34/4/3
f 41/5/2 34/4/2 38/6/2
f 42/7/1 38/6/1 36/8/1
f 39/9/4 36/8/4 32/18/4
f 31/11/5 37/10/5 35/14/5
f 36/8/6 34/13/6 32/19/6
f 35/14/6 46/7/6 47/14/6
f 35/14/1 41/5/1 42/7/1
f 37/10/2 40/2/2 41/5/2
f 33/12/6 44/11/6 43/12/6
f 56/9/3 44/16/3 55/16/3
f 50/16/4 48/9/4 52/9/4
f 42/7/6 48/9/6 46/7/6
f 40/2/6 43/15/6 45/2/6
f 31/11/6 47/14/6 44/11/6
f 39/3/6 45/2/6 48/3/6
f 57/12/5 50/11/5 58/11/5
f 49/12/5 44/11/5 50/11/5
f 51/2/2 43/15/2 49/15/2
f 52/3/6 45/2/6 51/2/6
f 55/16/4 53/7/4 56/9/4
f 54/14/1 46/7/1 53/7/1
f 53/7/6 48/9/6 56/9/6
f 55/11/5 47/14/5 54/14/5
f 57/15/3 60/3/3 59/2/3
f 60/3/6 51/2/6 59/2/6
f 59/2/2 49/15/2 57/15/2
f 58/16/4 52/9/4 60/9/4
f 70/2/1 62/1/1 64/4/1
f 71/5/4 64/4/4 68/6/4
f 72/7/3 68/6/3 66/8/3
f 69/9/2 66/8/2 62/18/2
f 61/11/5 67/10/5 65/14/5
f 66/8/6 64/13/6 62/19/6
f 65/14/6 76/7/6 77/14/6
f 65/14/3 71/5/3 72/7/3
f 67/10/4 70/2/4 71/5/4
f 63/12/6 74/11/6 73/12/6
f 86/9/1 74/16/1 85/16/1
f 80/16/2 78/9/2 82/9/2
f 72/7/6 78/9/6 76/7/6
f 70/2/6 73/15/6 75/2/6
f 61/11/6 77/14/6 74/11/6
f 69/3/6 75/2/6 78/3/6
f 87/12/5 80/11/5 88/11/5
f 79/12/5 74/11/5 80/11/5
f 81/2/4 73/15/4 79/15/4
f 82/3/6 75/2/6 81/2/6
f 85/16/2 83/7/2 86/9/2
f 84/14/3 76/7/3 83/7/3
f 83/7/6 78/9/6 86/9/6
f 85/11/5 77/14/5 84/14/5
f 87/15/1 90/3/1 89/2/1
f 90/3/6 81/2/6 89/2/6
f 89/2/4 79/15/4 87/15/4
f 88/16/2 82/9/2 90/9/2
f 92/1/3 100/2/3 94/4/3
f 94/4/4 101/5/4 98/6/4
f 98/6/1 102/7/1 96/8/1
f 96/8/2 99/9/2 92/18/2
f 97/10/5 91/11/5 95/14/5
f 94/13/6 96/8/6 92/19/6
f 95/14/6 106/7/6 102/7/6
f 101/5/1 95/14/1 102/7/1
f 100/2/4 97/10/4 101/5/4
f 93/12/6 104/11/6 91/11/6
f 104/16/3 116/9/3 115/16/3
f 108/9/2 110/16/2 112/9/2
f 102/7/6 108/9/6 99/9/6
f 100/2/6 103/15/6 93/15/6
f 91/11/6 107/14/6 95/14/6
f 99/3/6 105/2/6 100/2/6
f 110/11/5 117/12/5 118/11/5
f 104/11/5 109/12/5 110/11/5
f 103/15/4 111/2/4 109/15/4
f 105/2/6 112/3/6 111/2/6
f 113/7/2 115/16/2 116/9/2
f 106/7/1 114/14/1 113/7/1
f 108/9/6 113/7/6 116/9/6
f 107/14/5 115/11/5 114/14/5
f 120/3/3 117/15/3 119/2/3
f 111/2/6 120/3/6 119/2/6
f 109/15/4 119/2/4 117/15/4
f 112/9/2 118/16/2 120/9/2
o Cube.003
v -4.318442 2.947408 2.639113
v -4.154763 3.103326 2.539085
v -4.318442 2.947408 -2.639113
v -4.154763 3.103326 -2.539085
v 4.318442 2.947408 2.639113
v 4.154763 3.103326 2.539085
v 4.318442 2.947408 -2.639113
v 4.154763 3.103326 -2.539085
v -4.318442 3.103326 2.639113
v -4.318442 3.103326 -2.639113
v 4.318442 3.103326 -2.639113
v 4.318442 3.103326 2.639113
v -4.154763 3.144898 2.539085
v -4.154763 3.144898 -2.539085
v 4.154763 3.144898 -2.539085
v 4.154763 3.144898 2.539085
vn -1.0000 -0.0000 -0.0000
vn -0.0000 -0.0000 -1.0000
vn 1.0000 -0.0000 -0.0000
vn -0.0000 -0.0000 1.0000
vn -0.0000 -1.0000 -0.0000
vn -0.0000 1.0000 -0.0000
vn 0.2462 -0.9692 -0.0000
vn -0.0000 -0.9234 0.3838
vn -0.2462 -0.9692 -0.0000
vn -0.0000 -0.9234 -0.3838
vt 0.625000 0.000000
vt 0.375000 0.250000
vt 0.375000 0.000000
vt 0.625000 0.250000
vt 0.375000 0.500000
vt 0.625000 0.500000
vt 0.375000 0.750000
vt 0.625000 0.750000
vt 0.375000 1.000000
vt 0.125000 0.750000
vt 0.125000 0.500000
vt 0.629738 0.745262
vt 0.870262 0.745262
vt 0.870262 0.504738
vt 0.875000 0.750000
vt 0.629738 0.504738
vt 0.875000 0.500000
vt 0.625000 1.000000
s 0
f 129/20/7 123/21/7 121/22/7
f 130/23/8 127/24/8 123/21/8
f 131/25/9 125/26/9 127/24/9
f 132/27/10 121/28/10 125/26/10
f 127/24/11 121/29/11 123/30/11
f 126/31/10 133/32/10 122/32/10
f 124/33/12 129/34/12 122/32/12
f 128/35/12 130/36/12 124/33/12
f 126/31/12 131/25/12 128/35/12
f 122/32/12 132/27/12 126/31/12
f 134/33/12 136/31/12 135/35/12
f 124/33/8 135/35/8 128/35/8
f 128/35/9 136/31/9 126/31/9
f 122/32/7 134/33/7 124/33/7
f 133/32/13 130/36/13 134/33/13
f 134/33/14 131/25/14 135/35/14
f 135/35/15 132/27/15 136/31/15
f 136/31/16 129/34/16 133/32/16
f 129/20/7 130/23/7 123/21/7
f 130/23/8 131/25/8 127/24/8
f 131/25/9 132/27/9 125/26/9
f 132/27/10 129/37/10 121/28/10
f 127/24/11 125/26/11 121/29/11
f 126/31/10 136/31/10 133/32/10
f 124/33/12 130/36/12 129/34/12
f 128/35/12 131/25/12 130/36/12
f 126/31/12 132/27/12 131/25/12
f 122/32/12 129/34/12 132/27/12
f 134/33/12 133/32/12 136/31/12
f 124/33/8 134/33/8 135/35/8
f 128/35/9 135/35/9 136/31/9
f 122/32/7 133/32/7 134/33/7
f 133/32/13 129/34/13 130/36/13
f 134/33/14 130/36/14 131/25/14
f 135/35/15 131/25/15 132/27/15
f 136/31/16 132/27/16 129/34/16
o Plane
v 0.785600 1.893657 4.053244
v 0.785600 1.897257 4.052344
v 0.800000 1.897257 4.053244
v 0.800000 2.290057 4.053244
v 0.785600 2.290057 4.052344
v 0.785600 2.293657 4.053244
v -0.785600 1.893657 4.053245
v -0.800000 1.897257 4.053245
v -0.785600 1.897257 4.052344
v -0.785600 2.293657 4.053245
v -0.785600 2.290057 4.052344
v -0.800000 2.290057 4.053245
v -0.785600 1.893657 4.146699
v -0.785600 1.897257 4.147599
v -0.800000 1.897257 4.146699
v 0.785600 1.893657 4.146699
v 0.800000 1.897257 4.146699
v 0.785600 1.897257 4.147599
v 0.800000 2.290057 4.146699
v 0.785600 2.293657 4.146699
v 0.785600 2.290057 4.147599
v -0.785600 2.293657 4.146699
v -0.800000 2.290057 4.146699
v -0.785600 2.290057 4.147599
v 0.785600 2.393657 4.085855
v 0.785600 2.397257 4.084955
v 0.800000 2.397257 4.085855
v 0.800000 2.790057 4.085855
v 0.785600 2.790057 4.084955
v 0.785600 2.793657 4.085855
v -0.785600 2.393657 4.085855
v -0.800000 2.397257 4.085855
v -0.785600 2.397257 4.084955
v -0.785600 2.793657 4.085855
v -0.785600 2.790057 4.084955
v -0.800000 2.790057 4.085855
v -0.785600 2.393657 4.179310
v -0.785600 2.397257 4.180210
v -0.800000 2.397257 4.179310
v 0.785600 2.393657 4.179310
v 0.800000 2.397257 4.179310
v 0.785600 2.397257 4.180210
v 0.800000 2.790057 4.179310
v 0.785600 2.793657 4.179310
v 0.785600 2.790057 4.180210
v -0.785600 2.793657 4.179310
v -0.800000 2.790057 4.179310
v -0.785600 2.790057 4.180210
v 0.785600 2.893657 4.118466
v 0.785600 2.897257 4.117566
v 0.800000 2.897257 4.118466
v 0.800000 3.290057 4.118466
v 0.785600 3.290057 4.117566
v 0.785600 3.293657 4.118466
v -0.785600 2.893657 4.118466
v -0.800000 2.897257 4.118466
v -0.785600 2.897257 4.117566
v -0.785600 3.293657 4.118466
v -0.785600 3.290057 4.117566
v -0.800000 3.290057 4.118466
v -0.785600 2.893657 4.211921
v -0.785600 2.897257 4.212821
v -0.800000 2.897257 4.211921
v 0.785600 2.893657 4.211921
v 0.800000 2.897257 4.211921
v 0.785600 2.897257 4.212821
v 0.800000 3.290057 4.211921
v 0.785600 3.293657 4.211921
v 0.785600 3.290057 4.212821
v -0.785600 3.293657 4.211921
v -0.800000 3.290057 4.211921
v -0.785600 3.290057 4.212821
v 0.785600 3.393657 4.151077
v 0.785600 3.397257 4.150177
v 0.800000 3.397257 4.151077
v 0.800000 3.790057 4.151077
v 0.785600 3.790057 4.150177
v 0.785600 3.793657 4.151077
v -0.785600 3.393657 4.151077
v -0.800000 3.397257 4.151077
v -0.785600 3.397257 4.150177
v -0.785600 3.793657 4.151077
v -0.785600 3.790057 4.150177
v -0.800000 3.790057 4.151077
v -0.785600 3.393657 4.244532
v -0.785600 3.397257 4.245432
v -0.800000 3.397257 4.244532
v 0.785600 3.393657 4.244532
v 0.800000 3.397257 4.244532
v 0.785600 3.397257 4.245432
v 0.800000 3.790057 4.244532
v 0.785600 3.793657 4.244532
v 0.785600 3.790057 4.245432
v -0.785600 3.793657 4.244532
v -0.800000 3.790057 4.244532
v -0.785600 3.790057 4.245432
vn 0.0605 -0.2421 -0.9684
vn 0.0605 0.2421 -0.9684
vn -0.0605 -0.2421 -0.9684
vn -0.0605 0.2421 -0.9684
vn -0.0605 -0.2421 0.9684
vn 0.0605 -0.2421 0.9684
vn 0.0605 0.2421 0.9684
vn -0.0605 0.2421 0.9684
vn -0.0000 -0.2425 -0.9701
vn 0.0624 -0.0000 -0.9981
vn -0.0000 0.2425 -0.9701
vn -0.0624 -0.0000 -0.9981
vn -0.0000 -0.2425 0.9701
vn 0.0624 -0.0000 0.9981
vn -0.0000 0.2425 0.9701
vn -0.0624 -0.0000 0.9981
vn 0.2425 -0.9701 -0.0000
vn -0.2425 -0.9701 -0.0000
vn -0.2425 0.9701 -0.0000
vn 0.2425 0.9701 -0.0000
vn -0.0000 -1.0000 -0.0000
vn -0.0000 -0.0000 -1.0000
vn 1.0000 -0.0000 -0.0000
vn -0.0000 1.0000 -0.0000
vn -1.0000 -0.0000 -0.0000
vn -0.0000 -0.0000 1.0000
vt 0.000000 0.009000
vt 0.009000 0.009000
vt 0.009000 0.000000
vt 0.991000 0.000000
vt 0.991000 0.009000
vt 1.000000 0.009000
vt 0.000000 0.991000
vt 0.009000 1.000000
vt 0.009000 0.991000
vt 1.000000 0.991000
vt 0.991000 0.991000
vt 0.991000 1.000000
vt 0.009000 1.000000
vt 0.000000 0.009000
vt 0.009000 0.000000
vt 0.991000 0.000000
vt 1.000000 0.009000
vt 1.000000 0.991000
s 0
usemtl 
f 137/38/17 138/39/17 139/40/17
f 140/41/18 141/42/18 142/43/18
f 143/44/19 144/45/19 145/46/19
f 146/47/20 147/48/20 148/49/20
f 149/44/21 150/46/21 151/50/21
f 152/51/22 153/52/22 154/39/22
f 155/53/23 156/54/23 157/42/23
f 158/55/24 159/49/24 160/48/24
f 138/39/25 143/44/25 145/46/25
f 141/42/26 139/40/26 138/39/26
f 147/48/27 142/43/27 141/42/27
f 145/46/28 148/49/28 147/48/28
f 152/51/29 150/46/29 149/44/29
f 155/53/30 154/39/30 153/52/30
f 158/55/31 157/42/31 156/54/31
f 151/50/32 160/48/32 159/49/32
f 153/52/33 137/38/33 139/40/33
f 144/45/34 149/44/34 151/50/34
f 146/47/35 159/49/35 158/55/35
f 156/54/36 140/41/36 142/43/36
f 137/38/37 149/44/37 143/44/37
f 145/46/38 141/42/38 138/39/38
f 140/41/39 153/52/39 139/40/39
f 146/47/40 156/54/40 142/43/40
f 144/45/41 159/49/41 148/49/41
f 157/42/42 150/46/42 154/39/42
f 161/38/17 162/39/17 163/40/17
f 164/41/18 165/42/18 166/43/18
f 167/44/19 168/45/19 169/46/19
f 170/47/20 171/48/20 172/49/20
f 173/44/21 174/46/21 175/50/21
f 176/51/22 177/52/22 178/39/22
f 179/53/23 180/54/23 181/42/23
f 182/55/24 183/49/24 184/48/24
f 162/39/25 167/44/25 169/46/25
f 165/42/26 163/40/26 162/39/26
f 171/48/27 166/43/27 165/42/27
f 169/46/28 172/49/28 171/48/28
f 176/51/29 174/46/29 173/44/29
f 179/53/30 178/39/30 177/52/30
f 182/55/31 181/42/31 180/54/31
f 175/50/32 184/48/32 183/49/32
f 177/52/33 161/38/33 163/40/33
f 168/45/34 173/44/34 175/50/34
f 170/47/35 183/49/35 182/55/35
f 180/54/36 164/41/36 166/43/36
f 161/38/37 173/44/37 167/44/37
f 169/46/38 165/42/38 162/39/38
f 164/41/39 177/52/39 163/40/39
f 170/47/40 180/54/40 166/43/40
f 168/45/41 183/49/41 172/49/41
f 181/42/42 174/46/42 178/39/42
f 185/38/17 186/39/17 187/40/17
f 188/41/18 189/42/18 190/43/18
f 191/44/19 192/45/19 193/46/19
f 194/47/20 195/48/20 196/49/20
f 197/44/21 198/46/21 199/50/21
f 200/51/22 201/52/22 202/39/22
f 203/53/23 204/54/23 205/42/23
f 206/55/24 207/49/24 208/48/24
f 186/39/25 191/44/25 193/46/25
f 189/42/26 187/40/26 186/39/26
f 195/48/27 190/43/27 189/42/27
f 193/46/28 196/49/28 195/48/28
f 200/51/29 198/46/29 197/44/29
f 203/53/30 202/39/30 201/52/30
f 206/55/31 205/42/31 204/54/31
f 199/50/32 208/48/32 207/49/32
f 201/52/33 185/38/33 187/40/33
f 192/45/34 197/44/34 199/50/34
f 194/47/35 207/49/35 206/55/35
f 204/54/36 188/41/36 190/43/36
f 185/38/37 197/44/37 191/44/37
f 193/46/38 189/42/38 186/39/38
f 188/41/39 201/52/39 187/40/39
f 194/47/40 204/54/40 190/43/40
f 192/45/41 207/49/41 196/49/41
f 205/42/42 198/46/42 202/39/42
f 209/38/17 210/39/17 211/40/17
f 212/41/18 213/42/18 214/43/18
f 215/44/19 216/45/19 217/46/19
f 218/47/20 219/48/20 220/49/20
f 221/44/21 222/46/21 223/50/21
f 224/51/22 225/52/22 226/39/22
f 227/53/23 228/54/23 229/42/23
f 230/55/24 231/49/24 232/48/24
f 210/39/25 215/44/25 217/46/25
f 213/42/26 211/40/26 210/39/26
f 219/48/27 214/43/27 213/42/27
f 217/46/28 220/49/28 219/48/28
f 224/51/29 222/46/29 221/44/29
f 227/53/30 226/39/30 225/52/30
f 230/55/31 229/42/31 228/54/31
f 223/50/32 232/48/32 231/49/32
f 225/52/33 209/38/33 211/40/33
f 216/45/34 221/44/34 223/50/34
f 218/47/35 231/49/35 230/55/35
f 228/54/36 212/41/36 214/43/36
f 209/38/37 221/44/37 215/44/37
f 217/46/38 213/42/38 210/39/38
f 212/41/39 225/52/39 211/40/39
f 218/47/40 228/54/40 214/43/40
f 216/45/41 231/49/41 220/49/41
f 229/42/42 222/46/42 226/39/42
f 138/39/25 137/38/25 143/44/25
f 141/42/26 140/41/26 139/40/26
f 147/48/27 146/47/27 142/43/27
f 145/46/28 144/45/28 148/49/28
f 152/51/29 154/39/29 150/46/29
f 155/53/30 157/42/30 154/39/30
f 158/55/31 160/48/31 157/42/31
f 151/50/32 150/46/32 160/48/32
f 153/52/33 152/51/33 137/38/33
f 144/45/34 143/44/34 149/44/34
f 146/47/35 148/49/35 159/49/35
f 156/54/36 155/53/36 140/41/36
f 137/38/37 152/51/37 149/44/37
f 145/46/38 147/48/38 141/42/38
f 140/41/39 155/53/39 153/52/39
f 146/47/40 158/55/40 156/54/40
f 144/45/41 151/50/41 159/49/41
f 157/42/42 160/48/42 150/46/42
f 162/39/25 161/38/25 167/44/25
f 165/42/26 164/41/26 163/40/26
f 171/48/27 170/47/27 166/43/27
f 169/46/28 168/45/28 172/49/28
f 176/51/29 178/39/29 174/46/29
f 179/53/30 181/42/30 178/39/30
f 182/55/31 184/48/31 181/42/31
f 175/50/32 174/46/32 184/48/32
f 177/52/33 176/51/33 161/38/33
f 168/45/34 167/44/34 173/44/34
f 170/47/35 172/49/35 183/49/35
f 180/54/36 179/53/36 164/41/36
f 161/38/37 176/51/37 173/44/37
f 169/46/38 171/48/38 165/42/38
f 164/41/39 179/53/39 177/52/39
f 170/47/40 182/55/40 180/54/40
f 168/45/41 175/50/41 183/49/41
f 181/42/42 184/48/42 174/46/42
f 186/39/25 185/38/25 191/44/25
f 189/42/26 188/41/26 187/40/26
f 195/48/27 194/47/27 190/43/27
f 193/46/28 192/45/28 196/49/28
f 200/51/29 202/39/29 198/46/29
f 203/53/30 205/42/30 202/39/30
f 206/55/31 208/48/31 205/42/31
f 199/50/32 198/46/32 208/48/32
f 201/52/33 200/51/33 185/38/33
f 192/45/34 191/44/34 197/44/34
f 194/47/35 196/49/35 207/49/35
f 204/54/36 203/53/36 188/41/36
f 185/38/37 200/51/37 197/44/37
f 193/46/38 195/48/38 189/42/38
f 188/41/39 203/53/39 201/52/39
f 194/47/40 206/55/40 204/54/40
f 192/45/41 199/50/41 207/49/41
f 205/42/42 208/48/42 198/46/42
f 210/39/25 209/38/25 215/44/25
f 213/42/26 212/41/26 211/40/26
f 219/48/27 218/47/27 214/43/27
f 217/46/28 216/45/28 220/49/28
f 224/51/29 226/39/29 222/46/29
f 227/53/30 229/42/30 226/39/30
f 230/55/31 232/48/31 229/42/31
f 223/50/32 222/46/32 232/48/32
f 225/52/33 224/51/33 209/38/33
f 216/45/34 215/44/34 221/44/34
f 218/47/35 220/49/35 231/49/35
f 228/54/36 227/53/36 212/41/36
f 209/38/37 224/51/37 221/44/37
f 217/46/38 219/48/38 213/42/38
f 212/41/39 227/53/39 225/52/39
f 218/47/40 230/55/40 228/54/40
f 216/45/41 223/50/41 231/49/41
f 229/42/42 232/48/42 222/46/42
o Cube.005
v 0.000000 1.830402 3.323663
v 0.000000 1.720447 3.323663
v 0.000000 1.775425 4.323664
v 1.000000 1.775425 3.323663
v 0.000000 1.775425 2.304364
v -1.000000 1.775425 3.323663
v 0.000000 1.830402 3.823663
v 0.000000 1.830402 2.823663
v 0.500000 1.830402 3.323663
v -0.500000 1.830402 3.323663
v 0.000000 1.720447 3.823663
v 0.000000 1.720447 2.823663
v -0.500000 1.720447 3.323663
v 0.500000 1.720447 3.323663
v -0.500000 1.775425 4.323664
v 0.500000 1.775425 4.323664
v 0.000000 1.747936 4.323664
v 0.000000 1.802913 4.323664
v 1.000000 1.775425 3.823663
v 1.000000 1.775425 2.823663
v 1.000000 1.747936 3.323663
v 1.000000 1.802913 3.323663
v 0.500000 1.775425 2.304364
v -0.500000 1.775425 2.304364
v 0.000000 1.747936 2.323663
v 0.000000 1.802913 2.304364
v -1.000000 1.775425 2.823663
v -1.000000 1.775425 3.823663
v -1.000000 1.747936 3.323663
v -1.000000 1.802913 3.323663
v -1.000000 1.802913 3.823663
v -1.000000 1.747936 3.823663
v -1.000000 1.747936 2.823663
v -0.500000 1.802913 2.304364
v -0.500000 1.747936 2.323663
v 0.500000 1.747936 2.323663
v 1.000000 1.802913 2.823663
v 1.000000 1.747936 2.823663
v 1.000000 1.747936 3.823663
v 0.500000 1.802913 4.323664
v 0.500000 1.747936 4.323664
v -0.500000 1.747936 4.323664
v 0.500000 1.720447 2.823663
v -0.500000 1.720447 2.823663
v -0.500000 1.720447 3.823663
v -0.500000 1.830402 2.823663
v 0.500000 1.830402 2.823663
v 0.500000 1.830402 3.823663
v -0.500000 1.830402 3.823663
v 0.500000 1.720447 3.823663
v -0.500000 1.802913 4.323664
v 1.000000 1.802913 3.823663
v 0.500000 1.802913 2.304364
v -1.000000 1.802913 2.823663
v 0.000000 1.830402 4.073664
v 0.000000 1.830402 3.073663
v 0.750000 1.830402 3.323663
v -0.250000 1.830402 3.323663
v 0.000000 1.720447 4.073664
v 0.000000 1.720447 3.073663
v -0.750000 1.720447 3.323663
v 0.250000 1.720447 3.323663
v -0.750000 1.775425 4.323664
v 0.250000 1.775425 4.323664
v 0.000000 1.734192 4.323664
v 0.000000 1.789169 4.323664
v 1.000000 1.775425 4.073664
v 1.000000 1.775425 3.073663
v 1.000000 1.734192 3.323663
v 1.000000 1.789169 3.323663
v 0.750000 1.775425 2.304364
v -0.250000 1.775425 2.304364
v 0.000000 1.734192 2.323663
v 0.000000 1.789169 2.304364
v -1.000000 1.775425 2.573663
v -1.000000 1.775425 3.573663
v -1.000000 1.734192 3.323663
v -1.000000 1.789169 3.323663
v 0.000000 1.830402 3.573663
v 0.000000 1.830402 2.573663
v 0.250000 1.830402 3.323663
v -0.750000 1.830402 3.323663
v 0.000000 1.720447 3.573663
v 0.000000 1.720447 2.573663
v -0.250000 1.720447 3.323663
v 0.750000 1.720447 3.323663
v -0.250000 1.775425 4.323664
v 0.750000 1.775425 4.323664
v 0.000000 1.761680 4.323664
v 0.000000 1.816658 4.323664
v 1.000000 1.775425 3.573663
v 1.000000 1.775425 2.573663
v 1.000000 1.761680 3.323663
v 1.000000 1.816658 3.323663
v 0.250000 1.775425 2.304364
v -0.750000 1.775425 2.304364
v 0.000000 1.761680 2.323663
v 0.000000 1.816658 2.323663
v -1.000000 1.775425 3.073663
v -1.000000 1.775425 4.073664
v -1.000000 1.761680 3.323663
v -1.000000 1.816658 3.323663
v -1.000000 1.802913 3.573663
v -1.000000 1.802913 4.073664
v -1.000000 1.789169 3.823663
v -1.000000 1.816658 3.823663
v -1.000000 1.747936 3.573663
v -1.000000 1.747936 4.073664
v -1.000000 1.734192 3.823663
v -1.000000 1.761680 3.823663
v -1.000000 1.747936 2.573663
v -1.000000 1.747936 3.073663
v -1.000000 1.734192 2.823663
v -1.000000 1.761680 2.823663
v -0.250000 1.802913 2.304364
v -0.750000 1.802913 2.304364
v -0.500000 1.789169 2.304364
v -0.500000 1.816658 2.323663
v -0.250000 1.747936 2.323663
v -0.750000 1.747936 2.323663
v -0.500000 1.734192 2.323663
v -0.500000 1.761680 2.323663
v 0.750000 1.747936 2.323663
v 0.250000 1.747936 2.323663
v 0.500000 1.734192 2.323663
v 0.500000 1.761680 2.323663
v 1.000000 1.802913 3.073663
v 1.000000 1.802913 2.573663
v 1.000000 1.789169 2.823663
v 1.000000 1.816658 2.823663
v 1.000000 1.747936 3.073663
v 1.000000 1.747936 2.573663
v 1.000000 1.734192 2.823663
v 1.000000 1.761680 2.823663
v 1.000000 1.747936 4.073664
v 1.000000 1.747936 3.573663
v 1.000000 1.734192 3.823663
v 1.000000 1.761680 3.823663
v 0.250000 1.802913 4.323664
v 0.750000 1.802913 4.323664
v 0.500000 1.789169 4.323664
v 0.500000 1.816658 4.323664
v 0.250000 1.747936 4.323664
v 0.750000 1.747936 4.323664
v 0.500000 1.734192 4.323664
v 0.500000 1.761680 4.323664
v -0.750000 1.747936 4.323664
v -0.250000 1.747936 4.323664
v -0.500000 1.734192 4.323664
v -0.500000 1.761680 4.323664
v 0.500000 1.720447 3.073663
v 0.500000 1.720447 2.573663
v 0.250000 1.720447 2.823663
v 0.750000 1.720447 2.823663
v -0.500000 1.720447 3.073663
v -0.500000 1.720447 2.573663
v -0.750000 1.720447 2.823663
v -0.250000 1.720447 2.823663
v -0.500000 1.720447 4.073664
v -0.500000 1.720447 3.573663
v -0.750000 1.720447 3.823663
v -0.250000 1.720447 3.823663
v -0.500000 1.830402 3.073663
v -0.500000 1.830402 2.573663
v -0.250000 1.830402 2.823663
v -0.750000 1.830402 2.823663
v 0.500000 1.830402 3.073663
v 0.500000 1.830402 2.573663
v 0.750000 1.830402 2.823663
v 0.250000 1.830402 2.823663
v 0.500000 1.830402 4.073664
v 0.500000 1.830402 3.573663
v 0.750000 1.830402 3.823663
v 0.250000 1.830402 3.823663
v -0.500000 1.830402 4.073664
v -0.500000 1.830402 3.573663
v -0.250000 1.830402 3.823663
v -0.750000 1.830402 3.823663
v 0.500000 1.720447 4.073664
v 0.500000 1.720447 3.573663
v 0.250000 1.720447 3.823663
v 0.750000 1.720447 3.823663
v -0.750000 1.802913 4.323664
v -0.250000 1.802913 4.323664
v -0.500000 1.789169 4.323664
v -0.500000 1.816658 4.323664
v 1.000000 1.802913 4.073664
v 1.000000 1.802913 3.573663
v 1.000000 1.789169 3.823663
v 1.000000 1.816658 3.823663
v 0.750000 1.802913 2.304364
v 0.250000 1.802913 2.304364
v 0.500000 1.789169 2.304364
v 0.500000 1.816658 2.323663
v -1.000000 1.802913 2.573663
v -1.000000 1.802913 3.073663
v -1.000000 1.789169 2.823663
v -1.000000 1.816658 2.823663
v -1.000000 1.816658 3.073663
v -1.000000 1.789169 3.073663
v -1.000000 1.789169 2.573663
v 0.250000 1.816658 2.323663
v 0.250000 1.789169 2.304364
v 0.750000 1.789169 2.304364
v 1.000000 1.816658 3.573663
v 1.000000 1.789169 3.573663
v 1.000000 1.789169 4.073664
v -0.250000 1.816658 4.323664
v -0.250000 1.789169 4.323664
v -0.750000 1.789169 4.323664
v 0.750000 1.720447 3.573663
v 0.250000 1.720447 3.573663
v 0.250000 1.720447 4.073664
v -0.750000 1.830402 3.573663
v -0.250000 1.830402 3.573663
v -0.250000 1.830402 4.073664
v 0.250000 1.830402 3.573663
v 0.750000 1.830402 3.573663
v 0.250000 1.830402 2.573663
v 0.750000 1.830402 2.573663
v 0.750000 1.830402 3.073663
v -0.750000 1.830402 2.573663
v -0.250000 1.830402 2.573663
v -0.250000 1.830402 3.073663
v -0.250000 1.720447 3.573663
v -0.750000 1.720447 3.573663
v -0.250000 1.720447 2.573663
v -0.750000 1.720447 3.073663
v 0.250000 1.720447 2.573663
v 0.250000 1.720447 3.073663
v -0.250000 1.761680 4.323664
v -0.250000 1.734192 4.323664
v -0.750000 1.734192 4.323664
v 0.750000 1.761680 4.323664
v 0.750000 1.734192 4.323664
v 0.250000 1.734192 4.323664
v 0.750000 1.816658 4.323664
v 0.750000 1.789169 4.323664
v 0.250000 1.789169 4.323664
v 1.000000 1.761680 3.573663
v 1.000000 1.734192 3.573663
v 1.000000 1.734192 4.073664
v 1.000000 1.761680 2.573663
v 1.000000 1.734192 2.573663
v 1.000000 1.734192 3.073663
v 1.000000 1.816658 2.573663
v 1.000000 1.789169 2.573663
v 1.000000 1.789169 3.073663
v 0.250000 1.761680 2.323663
v 0.250000 1.734192 2.323663
v 0.750000 1.734192 2.323663
v -0.750000 1.761680 2.323663
v -0.750000 1.734192 2.323663
v -0.250000 1.734192 2.323663
v -0.750000 1.816658 2.323663
v -0.750000 1.789169 2.304364
v -0.250000 1.789169 2.304364
v -1.000000 1.761680 3.073663
v -1.000000 1.734192 3.073663
v -1.000000 1.734192 2.573663
v -1.000000 1.761680 4.073664
v -1.000000 1.734192 4.073664
v -1.000000 1.734192 3.573663
v -1.000000 1.816658 4.073664
v -1.000000 1.789169 4.073664
v -1.000000 1.789169 3.573663
v -1.000000 1.816658 3.573663
v -1.000000 1.761680 3.573663
v -1.000000 1.761680 2.573663
v -0.250000 1.816658 2.323663
v -0.250000 1.761680 2.323663
v 0.750000 1.761680 2.323663
v 1.000000 1.816658 3.073663
v 1.000000 1.761680 3.073663
v 1.000000 1.761680 4.073664
v 0.250000 1.816658 4.323664
v 0.250000 1.761680 4.323664
v -0.750000 1.761680 4.323664
v 0.750000 1.720447 3.073663
v -0.250000 1.720447 3.073663
v -0.250000 1.720447 4.073664
v -0.750000 1.830402 3.073663
v 0.250000 1.830402 3.073663
v 0.250000 1.830402 4.073664
v -0.750000 1.816658 4.323664
v 1.000000 1.816658 4.073664
v 0.750000 1.816658 2.323663
v -1.000000 1.816658 2.573663
v -1.000000 1.720447 4.205655
v -0.980000 1.720447 4.225958
v -0.980000 1.830402 4.232361
v -1.000000 1.830402 4.212080
v -0.979977 1.720447 2.323663
v -1.000000 1.720447 2.343695
v -1.037903 1.830402 2.284306
v -1.033470 1.829332 2.268946
v -1.053589 1.829329 2.288856
v 0.980000 1.720447 4.225958
v 1.000000 1.720447 4.205655
v 1.000000 1.830402 4.212080
v 0.980000 1.830402 4.232361
v 1.000000 1.720447 2.343705
v 0.979990 1.720447 2.323663
v 1.017178 1.830402 2.284323
v 1.034369 1.829314 2.288941
v 1.014361 1.829332 2.268962
v -0.980000 1.720447 3.323663
v -1.000000 1.721547 3.323663
v -0.980000 1.775425 4.323664
v -1.000000 1.775425 4.303464
v -1.037742 1.830402 3.268000
v -1.053581 1.829327 3.268721
v -0.980011 1.775425 2.322120
v -1.000000 1.775425 2.343730
v 0.000000 1.720447 2.343663
v 0.000000 1.721547 2.323663
v 0.000000 1.830402 2.287864
v 0.000000 1.829329 2.272220
v 1.000000 1.775425 2.324448
v 0.979980 1.775425 2.304364
v 0.980000 1.720447 3.323663
v 1.000000 1.721547 3.323663
v 1.017073 1.830402 3.268258
v 1.034367 1.829313 3.268781
v 0.980000 1.775425 4.323664
v 1.000000 1.775425 4.303464
v 0.000000 1.720447 4.303261
v 0.000000 1.721547 4.323664
v 0.000000 1.830402 4.303306
v 0.000000 1.829303 4.323664
v -0.980000 1.720447 3.823663
v -1.000000 1.721547 3.823663
v -0.980000 1.802913 4.323664
v -1.000000 1.802913 4.303438
v -1.037866 1.830402 2.767976
v -1.053587 1.829328 2.768714
v -0.979969 1.747936 2.323663
v -1.000000 1.747936 2.343706
v -0.500000 1.720447 2.343663
v -0.500000 1.721547 2.323663
v 0.500000 1.830402 2.287864
v 0.500000 1.829329 2.272220
v 1.000000 1.747936 2.343718
v 0.979987 1.747936 2.323663
v 0.980000 1.720447 2.823663
v 1.000000 1.721547 2.823663
v 0.980186 1.830402 3.823663
v 1.000000 1.829304 3.823663
v 0.980000 1.747936 4.323664
v 1.000000 1.747936 4.303426
v 0.500000 1.720447 4.303195
v 0.500000 1.721547 4.323664
v -0.500000 1.830402 4.303247
v -0.500000 1.829303 4.323664
v -0.980000 1.720447 2.823663
v -1.000000 1.721547 2.823663
v -0.980000 1.747936 4.323664
v -1.000000 1.747936 4.303426
v -0.980254 1.830402 3.823663
v -1.000000 1.829307 3.823663
v -0.979978 1.802913 2.322118
v -1.000000 1.802913 2.343767
v 0.500000 1.720447 2.343663
v 0.500000 1.721547 2.323663
v -0.500000 1.830402 2.287864
v -0.500000 1.829329 2.272220
v 1.000000 1.802913 2.324487
v 0.979966 1.802913 2.304364
v 0.980000 1.720447 3.823663
v 1.000000 1.721547 3.823663
v 1.017153 1.830402 2.768241
v 1.034369 1.829313 2.768778
v 0.980000 1.802913 4.323664
v 1.000000 1.802913 4.303438
v -0.500000 1.720447 4.303195
v -0.500000 1.721547 4.323664
v 0.500000 1.830402 4.303247
v 0.500000 1.829303 4.323664
v -0.980000 1.720447 3.978616
v -0.980000 1.719348 3.998666
v -1.000000 1.721547 4.018565
v -1.000000 1.816658 4.303399
v -0.980000 1.816658 4.323664
v -1.053588 1.829328 2.518713
v -1.037894 1.830402 2.517971
v -1.000000 1.734192 2.343699
v -0.979974 1.734192 2.323663
v -0.730000 1.720447 2.343663
v -0.750000 1.719348 2.343663
v -0.770000 1.721547 2.323663
v 0.750000 1.829329 2.272220
v 0.750000 1.830402 2.287864
v 0.979989 1.734192 2.323663
v 1.000000 1.734192 2.343709
v 0.980000 1.720447 2.593663
v 0.980000 1.719348 2.573663
v 1.000000 1.721547 2.553663
v 0.980179 1.830402 3.982458
v 0.980000 1.831502 4.002496
v 1.000000 1.829304 4.022420
v 1.000000 1.734192 4.303379
v 0.980000 1.734192 4.323664
v 0.730000 1.720447 4.213267
v 0.750000 1.719348 4.206024
v 0.769931 1.721339 4.232298
v -0.730000 1.830402 4.219215
v -0.750000 1.831502 4.212409
v -0.769944 1.829488 4.238433
v -1.000000 1.721547 3.073663
v -0.980000 1.720447 3.073663
v -1.000000 1.761680 4.303453
v -0.980000 1.761680 4.323664
v -1.000000 1.829308 3.573663
v -0.980284 1.830402 3.573663
v -1.000000 1.789169 2.324448
v -0.979938 1.789169 2.304364
v 0.250000 1.721547 2.323663
v 0.250000 1.720447 2.343663
v -0.250000 1.829329 2.272220
v -0.250000 1.830402 2.287864
v 0.980033 1.789169 2.322122
v 1.000000 1.789169 2.343765
v 1.000000 1.721547 3.573663
v 0.980000 1.720447 3.573663
v 1.034368 1.829313 3.018779
v 1.017121 1.830402 3.018248
v 1.000000 1.789169 4.303460
v 0.980000 1.789169 4.323664
v -0.250000 1.721547 4.323664
v -0.250000 1.720447 4.303245
v 0.250000 1.829303 4.323664
v 0.250000 1.830402 4.303292
v -1.000000 1.721547 3.573663
v -0.980000 1.720447 3.573663
v -1.000000 1.789169 4.303460
v -0.980000 1.789169 4.323664
v -1.053584 1.829327 3.018717
v -1.037816 1.830402 3.017986
v -1.000000 1.761680 2.343716
v -0.979962 1.761680 2.323663
v -0.250000 1.721547 2.323663
v -0.250000 1.720447 2.343663
v 0.250000 1.829329 2.272220
v 0.250000 1.830402 2.287864
v 0.979984 1.761680 2.323663
v 1.000000 1.761680 2.343731
v 1.000000 1.721547 3.073663
v 0.980000 1.720447 3.073663
v 1.000000 1.829305 3.573663
v 0.980209 1.830402 3.573663
v 1.000000 1.761680 4.303453
v 0.980000 1.761680 4.323664
v 0.250000 1.721547 4.323664
v 0.250000 1.720447 4.303245
v -0.250000 1.829303 4.323664
v -0.250000 1.830402 4.303292
v -1.000000 1.721547 2.553663
v -0.980000 1.719348 2.573663
v -0.980000 1.720447 2.593663
v -1.000000 1.734192 4.303379
v -0.980000 1.734192 4.323664
v -0.980245 1.830402 3.982458
v -1.000000 1.829307 4.022420
v -0.980000 1.831502 4.002496
v -1.000000 1.816658 2.343791
v -0.979893 1.816658 2.323663
v 0.770000 1.721547 2.323663
v 0.750000 1.719348 2.343663
v 0.730000 1.720447 2.343663
v -0.750000 1.829329 2.272220
v -0.750000 1.830402 2.287864
v 0.979955 1.816658 2.323663
v 1.000000 1.816658 2.343812
v 0.980000 1.720447 3.978616
v 1.000000 1.721547 4.018565
v 0.980000 1.719348 3.998666
v 1.034369 1.829314 2.518777
v 1.017172 1.830402 2.518237
v 1.000000 1.816658 4.303399
v 0.980000 1.816658 4.323664
v -0.769931 1.721339 4.232298
v -0.750000 1.719348 4.206024
v -0.730000 1.720447 4.213267
v 0.769944 1.829488 4.238433
v 0.750000 1.831502 4.212409
v 0.730000 1.830402 4.219215
v 0.750000 1.831502 4.022496
v 0.770000 1.831502 4.002496
v 0.730000 1.830402 3.982458
v -0.750000 1.719348 4.018666
v -0.770000 1.719348 3.998666
v -0.730000 1.720447 3.978616
v -0.750000 1.719348 2.553663
v -0.730000 1.720447 2.593663
v -0.770000 1.719348 2.573663
v 0.750000 1.719348 2.553663
v 0.770000 1.719348 2.573663
v 0.730000 1.720447 2.593663
v -0.750000 1.831502 4.022496
v -0.730000 1.830402 3.982458
v -0.770000 1.831502 4.002496
v 0.750000 1.719348 4.018666
v 0.730000 1.720447 3.978616
v 0.770000 1.719348 3.998666
v 1.000000 3.897666 4.093626
v 0.980000 3.897666 4.073626
v 0.980000 3.898765 4.093663
v 1.000000 3.897666 4.303346
v 0.980000 3.898765 4.303663
v 0.980000 3.897666 4.323615
v -0.770000 3.897666 4.323615
v -0.750000 3.897666 4.303615
v -0.770000 3.898765 4.303663
v -0.980000 3.897666 4.323615
v -0.980000 3.898765 4.303663
v -1.000000 3.897666 4.303346
v -1.000000 3.897666 4.093626
v -0.980000 3.898765 4.093663
v -0.980000 3.897666 4.073626
v 0.770000 3.897666 4.323615
v 0.770000 3.898765 4.303663
v 0.750000 3.897666 4.303615
v 0.750000 3.897666 4.093626
v 0.770000 3.898765 4.093663
v 0.770000 3.897666 4.073626
v -0.750000 3.897666 4.093626
v -0.770000 3.897666 4.073626
v -0.770000 3.898765 4.093663
v -1.000000 0.087254 4.093613
v -0.980000 0.087254 4.073613
v -0.980000 0.086155 4.093663
v -1.000000 0.087254 4.303306
v -0.980000 0.086155 4.303663
v -0.980000 0.087254 4.323598
v -0.770000 0.087254 2.323663
v -0.750000 0.087254 2.343663
v -0.770000 0.086155 2.343663
v -0.979978 0.087254 2.323663
v -0.980000 0.086155 2.343663
v -1.000000 0.087254 2.343694
v 1.000000 0.087254 2.553663
v 0.980000 0.087254 2.573663
v 0.980000 0.086155 2.553663
v 1.000000 0.087254 2.343703
v 0.980000 0.086155 2.343663
v 0.979991 0.087254 2.323663
v 0.770000 0.087254 4.323598
v 0.750000 0.087254 4.303597
v 0.770000 0.086155 4.303663
v 0.980000 0.087254 4.323598
v 0.980000 0.086155 4.303663
v 1.000000 0.087254 4.303306
v -1.000000 0.087254 2.553663
v -0.980000 0.086155 2.553663
v -0.980000 0.087254 2.573663
v 0.770000 0.087254 2.323663
v 0.770000 0.086155 2.343663
v 0.750000 0.087254 2.343663
v 1.000000 0.087254 4.093613
v 0.980000 0.086155 4.093663
v 0.980000 0.087254 4.073613
v -0.770000 0.087254 4.323598
v -0.770000 0.086155 4.303663
v -0.750000 0.087254 4.303597
v -0.750000 0.087254 4.093613
v -0.770000 0.086155 4.093663
v -0.770000 0.087254 4.073613
v -0.750000 0.087254 2.553663
v -0.770000 0.087254 2.573663
v -0.770000 0.086155 2.553663
v 0.750000 0.087254 2.553663
v 0.770000 0.086155 2.553663
v 0.770000 0.087254 2.573663
v 0.750000 0.087254 4.093613
v 0.770000 0.087254 4.073613
v 0.770000 0.086155 4.093663
vn -0.0000 1.0000 -0.0000
vn -0.0000 -1.0000 -0.0000
vn -0.0000 -0.0000 1.0000
vn 1.0000 -0.0000 -0.0000
vn -0.0000 -0.8146 -0.5801
vn -1.0000 -0.0000 -0.0000
vn -0.0000 -0.0000 -1.0000
vn -0.0000 0.8145 -0.5801
vn -0.0959 0.9907 -0.0967
vn 0.0857 0.9927 -0.0849
vn -0.1621 -0.9853 -0.0540
vn 0.0542 -0.9852 -0.1625
vn 0.1625 -0.9852 0.0542
vn 0.1607 0.9856 -0.0526
vn -0.0215 -0.9955 0.0918
vn 0.0226 0.9953 0.0943
vn -0.1625 -0.9852 0.0542
vn -0.1601 0.9857 -0.0521
vn -0.0542 -0.9852 -0.1625
vn 0.1621 -0.9853 -0.0540
vn 0.0215 -0.9955 0.0918
vn -0.0226 0.9953 0.0943
vn -0.0183 0.9997 -0.0183
vn 0.0183 -0.9997 -0.0183
vn 0.0183 -0.9997 0.0183
vn -0.0183 -0.9997 0.0183
vn 0.0183 0.9997 -0.0183
vn -0.0183 -0.9997 -0.0183
vn 0.0547 0.9970 -0.0547
vn 0.0557 0.9969 0.0549
vn 0.0549 0.9970 0.0549
vn -0.0557 0.9969 0.0549
vn -0.0547 0.9970 -0.0547
vn -0.0549 0.9970 0.0549
vn -0.0547 -0.9970 -0.0547
vn -0.0558 -0.9969 0.0550
vn 0.0548 -0.9970 -0.0548
vn -0.0549 -0.9970 -0.0549
vn 0.0548 -0.9970 0.0548
vn 0.0549 -0.9970 -0.0548
vn -0.0550 -0.9970 0.0550
vn 0.0558 -0.9969 0.0550
vn -0.0548 -0.9970 0.0548
vn -0.0548 -0.9970 -0.0548
vn 0.0547 -0.9970 -0.0547
vn 0.0550 -0.9970 0.0550
vn -0.1491 0.9778 0.1472
vn -0.0683 0.9977 -0.0000
vn -0.7073 0.0002 -0.7069
vn -0.0009 0.9977 -0.0684
vn 0.7077 0.0002 -0.7065
vn 0.1399 -0.9805 0.1379
vn -0.0549 -0.9985 -0.0000
vn -0.7108 -0.0006 0.7034
vn -0.0554 0.9984 0.0104
vn -0.5235 -0.6727 -0.5229
vn -0.0000 -0.9985 -0.0549
vn -0.0000 0.9977 -0.0684
vn 0.5321 0.6899 -0.4909
vn 0.0549 -0.9985 -0.0000
vn 0.0630 0.9980 -0.0000
vn 0.7107 0.0003 0.7035
vn -0.0000 -0.9986 0.0538
vn -0.0000 0.9985 0.0539
vn -0.7107 -0.0000 0.7035
vn -0.0680 0.9977 -0.0000
vn -0.7074 0.0005 -0.7068
vn 0.7080 0.0007 -0.7062
vn 0.0554 0.9985 -0.0000
vn 0.7108 -0.0000 0.7034
vn -0.7121 -0.0024 0.7021
vn -0.0554 0.9985 -0.0000
vn -0.7075 0.0013 -0.7067
vn 0.5034 0.7041 -0.5008
vn 0.0632 0.9980 -0.0000
vn 0.7117 0.0020 0.7024
vn -0.0088 -0.9996 0.0283
vn 0.0086 0.9995 0.0296
vn -0.7111 -0.0000 0.7031
vn -0.0682 0.9977 -0.0000
vn -0.7073 0.0003 -0.7069
vn 0.7078 0.0004 -0.7064
vn 0.0553 0.9985 -0.0000
vn 0.7113 -0.0000 0.7029
vn 0.0210 -0.9983 0.0536
vn -0.0196 0.9984 0.0538
vn -0.7113 -0.0014 0.7029
vn -0.5311 0.6904 -0.4912
vn 0.5246 -0.6723 -0.5223
vn 0.0631 0.9980 -0.0000
vn 0.7111 0.0011 0.7031
vn -0.0000 -0.9986 0.0536
vn -0.0000 0.9986 0.0538
vn -0.7106 -0.0000 0.7036
vn -0.0678 0.9977 -0.0000
vn -0.7318 -0.0786 -0.6769
vn 0.5030 -0.7039 -0.5014
vn 0.0627 0.9980 0.0071
vn 0.7106 -0.0000 0.7036
vn -0.1400 -0.9805 0.1379
vn -0.1148 -0.9866 -0.1161
vn 0.0009 0.9976 -0.0693
vn 0.1388 -0.9804 -0.1399
vn 0.1492 0.9778 0.1472
vn -0.0549 0.9985 -0.0000
vn -0.0000 0.9985 -0.0548
vn -0.0000 -0.9985 -0.0548
vn -0.0000 -0.9985 0.0549
vn 0.0549 0.9985 -0.0000
vn -0.0000 0.9985 0.0550
vn 0.7069 0.0243 -0.7069
vn 0.7068 -0.0312 0.7068
vn -0.7117 -0.0310 0.7018
vn -0.7069 0.0243 -0.7069
vn 0.7117 -0.0310 0.7018
vn -0.7068 -0.0312 0.7068
vn -0.0000 -0.9985 0.0551
vn -0.7071 -0.0000 0.7071
vn 0.7071 -0.0000 0.7071
vn -0.7975 0.0336 0.6024
vn 0.7116 0.0419 0.7013
vn -0.7118 0.0419 0.7011
vn 0.7065 0.0422 0.7065
vn 0.7067 -0.0325 -0.7067
vn -0.7067 -0.0325 -0.7067
vn 0.7071 -0.0000 -0.7071
vn -0.7073 -0.0000 -0.7070
vn 0.7077 -0.0000 -0.7066
vn -0.7071 -0.0000 -0.7071
vn -0.0000 -0.9903 0.1393
vn -0.0304 0.0558 0.9980
vn -0.0000 0.9889 0.1489
vn -0.0000 -0.0441 0.9990
vn -0.2301 -0.9732 -0.0000
vn -0.0000 -0.9710 -0.2392
vn -0.0000 0.0597 0.9982
vn 0.0291 -0.0411 0.9987
vn 0.3455 -0.9384 -0.0000
vn -0.0472 -0.7898 -0.6115
vn -0.0000 -0.1116 -0.9938
vn 0.0499 -0.9875 0.1498
vn -0.0447 0.8137 -0.5795
vn 0.0472 -0.7898 -0.6115
vn -0.0499 -0.9875 0.1498
vn -0.0000 -0.0459 -0.9989
vn -0.0000 0.0344 -0.9994
vn -0.0000 -0.8145 -0.5801
vn -0.0000 0.8146 -0.5801
vn -0.1492 0.9778 0.1472
vn -0.7073 0.0001 -0.7070
vn -0.0009 0.9976 -0.0693
vn 0.7077 0.0001 -0.7066
vn 0.1400 -0.9805 0.1379
vn -0.0672 0.9977 0.0119
vn -0.5315 -0.6898 -0.4917
vn 0.5240 0.6728 -0.5223
vn 0.0629 0.9980 -0.0000
vn -0.7111 0.0011 0.7031
vn -0.7073 0.0004 -0.7069
vn 0.7078 0.0002 -0.7064
vn 0.7113 -0.0014 0.7029
vn -0.7113 -0.0000 0.7029
vn -0.7318 0.0806 -0.6768
vn 0.5033 0.7040 -0.5011
vn 0.7111 -0.0000 0.7031
vn -0.0210 -0.9983 0.0536
vn 0.0196 0.9984 0.0538
vn -0.7117 0.0020 0.7024
vn 0.7077 0.0001 -0.7065
vn 0.7121 -0.0024 0.7021
vn 0.0088 -0.9996 0.0283
vn -0.0086 0.9995 0.0296
vn -0.7108 -0.0000 0.7034
vn -0.5231 0.6734 -0.5225
vn 0.5326 -0.6892 -0.4913
vn 0.7107 -0.0000 0.7035
vn -0.7107 0.0003 0.7035
vn -0.7074 0.0007 -0.7068
vn 0.5029 -0.7038 -0.5017
vn 0.0554 0.9984 0.0067
vn 0.7108 -0.0006 0.7034
vn -0.1399 -0.9805 0.1379
vn -0.1153 -0.9866 -0.1151
vn 0.0008 0.9977 -0.0684
vn 0.1395 -0.9805 -0.1388
vn 0.1491 0.9778 0.1472
vn 0.7944 -0.0250 0.6069
vn -0.7115 -0.0310 0.7020
vn 0.7115 -0.0310 0.7020
vn -0.7944 -0.0250 0.6069
vn -0.7065 0.0422 0.7065
vn 0.7118 0.0419 0.7011
vn -0.7116 0.0419 0.7013
vn 0.7975 0.0336 0.6024
vn 0.7076 -0.0000 -0.7066
vn -0.0291 -0.0411 0.9987
vn 0.0026 -0.9736 -0.2281
vn 0.0304 0.0558 0.9980
vn -0.0028 -0.9738 -0.2274
vn -0.2767 -0.9597 0.0486
vn -0.0447 -0.8137 -0.5795
vn 0.0472 0.7899 -0.6115
vn 0.4092 -0.9113 0.0461
vn -0.0499 0.9858 0.1601
vn -0.0472 0.7898 -0.6115
vn -0.0000 0.1118 -0.9937
vn 0.0499 0.9858 0.1601
vt 0.750000 0.593750
vt 0.718750 0.625000
vt 0.718750 0.593750
vt 0.250000 0.593750
vt 0.218750 0.625000
vt 0.218750 0.593750
vt 0.500000 0.843750
vt 0.468750 0.875000
vt 0.468750 0.843750
vt 0.500000 0.593750
vt 0.468750 0.625000
vt 0.468750 0.593750
vt 0.500000 0.343750
vt 0.468750 0.375000
vt 0.468750 0.343750
vt 0.500000 0.093750
vt 0.468750 0.125000
vt 0.468750 0.093750
vt 0.562500 0.093750
vt 0.531250 0.125000
vt 0.531250 0.093750
vt 0.562500 0.031250
vt 0.531250 0.062500
vt 0.531250 0.031250
vt 0.437500 0.093750
vt 0.406250 0.125000
vt 0.406250 0.093750
vt 0.437500 0.031250
vt 0.406250 0.062500
vt 0.406250 0.031250
vt 0.500000 0.031250
vt 0.468750 0.062500
vt 0.468750 0.031250
vt 0.437500 0.156250
vt 0.406250 0.187500
vt 0.406250 0.156250
vt 0.500000 0.156250
vt 0.468750 0.187500
vt 0.468750 0.156250
vt 0.562500 0.343750
vt 0.531250 0.375000
vt 0.531250 0.343750
vt 0.562500 0.281250
vt 0.531250 0.312500
vt 0.531250 0.281250
vt 0.437500 0.343750
vt 0.406250 0.375000
vt 0.406250 0.343750
vt 0.437500 0.281250
vt 0.406250 0.312500
vt 0.406250 0.281250
vt 0.500000 0.281250
vt 0.468750 0.312500
vt 0.468750 0.281250
vt 0.437500 0.406250
vt 0.406250 0.437500
vt 0.406250 0.406250
vt 0.500000 0.406250
vt 0.468750 0.437500
vt 0.468750 0.406250
vt 0.562500 0.593750
vt 0.531250 0.625000
vt 0.531250 0.593750
vt 0.562500 0.531250
vt 0.531250 0.562500
vt 0.531250 0.531250
vt 0.437500 0.593750
vt 0.406250 0.625000
vt 0.406250 0.593750
vt 0.437500 0.531250
vt 0.406250 0.562500
vt 0.406250 0.531250
vt 0.500000 0.531250
vt 0.468750 0.562500
vt 0.468750 0.531250
vt 0.437500 0.656250
vt 0.406250 0.687500
vt 0.406250 0.656250
vt 0.500000 0.656250
vt 0.468750 0.687500
vt 0.468750 0.656250
vt 0.562500 0.843750
vt 0.531250 0.875000
vt 0.531250 0.843750
vt 0.562500 0.781250
vt 0.531250 0.812500
vt 0.531250 0.781250
vt 0.437500 0.843750
vt 0.406250 0.875000
vt 0.406250 0.843750
vt 0.437500 0.781250
vt 0.406250 0.812500
vt 0.406250 0.781250
vt 0.500000 0.781250
vt 0.468750 0.812500
vt 0.468750 0.781250
vt 0.437500 0.906250
vt 0.406250 0.937500
vt 0.406250 0.906250
vt 0.500000 0.906250
vt 0.468750 0.937500
vt 0.468750 0.906250
vt 0.312500 0.593750
vt 0.281250 0.625000
vt 0.281250 0.593750
vt 0.312500 0.531250
vt 0.281250 0.562500
vt 0.281250 0.531250
vt 0.187500 0.593750
vt 0.156250 0.625000
vt 0.156250 0.593750
vt 0.250000 0.531250
vt 0.218750 0.562500
vt 0.218750 0.531250
vt 0.187500 0.656250
vt 0.156250 0.687500
vt 0.156250 0.656250
vt 0.250000 0.656250
vt 0.218750 0.687500
vt 0.218750 0.656250
vt 0.812500 0.593750
vt 0.781250 0.625000
vt 0.781250 0.593750
vt 0.812500 0.531250
vt 0.781250 0.562500
vt 0.781250 0.531250
vt 0.687500 0.593750
vt 0.656250 0.625000
vt 0.656250 0.593750
vt 0.687500 0.531250
vt 0.656250 0.562500
vt 0.656250 0.531250
vt 0.750000 0.531250
vt 0.718750 0.562500
vt 0.718750 0.531250
vt 0.687500 0.656250
vt 0.656250 0.687500
vt 0.656250 0.656250
vt 0.750000 0.656250
vt 0.718750 0.687500
vt 0.718750 0.656250
vt 0.812500 0.656250
vt 0.781250 0.687500
vt 0.781250 0.656250
vt 0.312500 0.656250
vt 0.281250 0.687500
vt 0.281250 0.656250
vt 0.562500 0.906250
vt 0.531250 0.937500
vt 0.531250 0.906250
vt 0.562500 0.656250
vt 0.531250 0.687500
vt 0.531250 0.656250
vt 0.562500 0.406250
vt 0.531250 0.437500
vt 0.531250 0.406250
vt 0.562500 0.156250
vt 0.531250 0.187500
vt 0.531250 0.156250
vt 0.593750 0.156250
vt 0.562500 0.187500
vt 0.593750 0.125000
vt 0.562500 0.125000
vt 0.500000 0.187500
vt 0.500000 0.125000
vt 0.500000 0.218750
vt 0.531250 0.218750
vt 0.593750 0.406250
vt 0.562500 0.437500
vt 0.593750 0.375000
vt 0.562500 0.375000
vt 0.500000 0.437500
vt 0.500000 0.375000
vt 0.500000 0.468750
vt 0.531250 0.468750
vt 0.593750 0.656250
vt 0.562500 0.687500
vt 0.593750 0.625000
vt 0.562500 0.625000
vt 0.500000 0.687500
vt 0.500000 0.625000
vt 0.500000 0.718750
vt 0.531250 0.718750
vt 0.593750 0.906250
vt 0.562500 0.937500
vt 0.593750 0.875000
vt 0.562500 0.875000
vt 0.500000 0.937500
vt 0.500000 0.875000
vt 0.500000 0.968750
vt 0.531250 0.968750
vt 0.343750 0.656250
vt 0.312500 0.687500
vt 0.343750 0.625000
vt 0.312500 0.625000
vt 0.250000 0.687500
vt 0.250000 0.625000
vt 0.250000 0.718750
vt 0.281250 0.718750
vt 0.843750 0.656250
vt 0.812500 0.687500
vt 0.843750 0.625000
vt 0.812500 0.625000
vt 0.750000 0.687500
vt 0.750000 0.625000
vt 0.750000 0.718750
vt 0.781250 0.718750
vt 0.687500 0.687500
vt 0.687500 0.625000
vt 0.687500 0.562500
vt 0.843750 0.531250
vt 0.812500 0.562500
vt 0.750000 0.562500
vt 0.187500 0.687500
vt 0.187500 0.625000
vt 0.187500 0.562500
vt 0.187500 0.531250
vt 0.156250 0.562500
vt 0.250000 0.562500
vt 0.312500 0.562500
vt 0.437500 0.937500
vt 0.437500 0.875000
vt 0.406250 0.968750
vt 0.437500 0.812500
vt 0.593750 0.781250
vt 0.562500 0.812500
vt 0.500000 0.812500
vt 0.437500 0.687500
vt 0.437500 0.625000
vt 0.406250 0.718750
vt 0.437500 0.562500
vt 0.593750 0.531250
vt 0.562500 0.562500
vt 0.500000 0.562500
vt 0.437500 0.437500
vt 0.437500 0.375000
vt 0.406250 0.468750
vt 0.437500 0.312500
vt 0.593750 0.281250
vt 0.562500 0.312500
vt 0.500000 0.312500
vt 0.437500 0.187500
vt 0.437500 0.125000
vt 0.406250 0.218750
vt 0.437500 0.062500
vt 0.593750 0.031250
vt 0.562500 0.062500
vt 0.500000 0.062500
vt 0.593750 0.093750
vt 0.593750 0.062500
vt 0.437500 0.218750
vt 0.468750 0.218750
vt 0.593750 0.343750
vt 0.593750 0.312500
vt 0.437500 0.468750
vt 0.468750 0.468750
vt 0.593750 0.593750
vt 0.593750 0.562500
vt 0.437500 0.718750
vt 0.468750 0.718750
vt 0.593750 0.843750
vt 0.593750 0.812500
vt 0.437500 0.968750
vt 0.468750 0.968750
vt 0.343750 0.593750
vt 0.343750 0.562500
vt 0.187500 0.718750
vt 0.218750 0.718750
vt 0.843750 0.593750
vt 0.843750 0.562500
vt 0.687500 0.718750
vt 0.718750 0.718750
vt 0.593750 0.937500
vt 0.562500 0.968750
vt 0.593750 0.687500
vt 0.562500 0.718750
vt 0.593750 0.437500
vt 0.562500 0.468750
vt 0.593750 0.187500
vt 0.562500 0.218750
vt 0.624814 0.249049
vt 0.622432 0.251582
vt 0.622559 0.247482
vt 0.625959 0.500111
vt 0.622386 0.501890
vt 0.622566 0.497766
vt 0.375000 0.031250
vt 0.376000 0.028803
vt 0.375000 0.281250
vt 0.375000 0.281250
vt 0.376000 0.278750
vt 0.372500 0.533750
vt 0.372500 0.531250
vt 0.376667 0.528750
vt 0.627478 0.715254
vt 0.627500 0.718750
vt 0.623336 0.721040
vt 0.341875 0.747510
vt 0.343750 0.747251
vt 0.343750 0.750000
vt 0.625000 0.967074
vt 0.625000 0.968750
vt 0.623586 0.970799
vt 0.376000 0.221250
vt 0.375000 0.218750
vt 0.625000 0.034746
vt 0.623261 0.029314
vt 0.625000 0.031250
vt 0.343750 0.500000
vt 0.343750 0.502500
vt 0.341875 0.502500
vt 0.372500 0.715178
vt 0.376250 0.721141
vt 0.372500 0.718750
vt 0.375831 0.971222
vt 0.375000 0.968750
vt 0.623303 0.779290
vt 0.625000 0.781250
vt 0.625000 0.782926
vt 0.656250 0.721468
vt 0.653750 0.718750
vt 0.658750 0.715198
vt 0.156250 0.721499
vt 0.153750 0.718750
vt 0.158750 0.715119
vt 0.156250 0.528750
vt 0.158750 0.533750
vt 0.153750 0.531250
vt 0.343750 0.528750
vt 0.346250 0.531250
vt 0.341250 0.533750
vt 0.843750 0.721468
vt 0.841250 0.715179
vt 0.846250 0.718750
vt 0.343750 0.721498
vt 0.341250 0.715099
vt 0.346250 0.718750
vt 0.625000 0.721250
vt 0.627500 0.721250
vt 0.625000 0.748099
vt 0.626250 0.750000
vt 0.625000 0.752500
vt 0.625000 0.971250
vt 0.625000 0.971250
vt 0.625000 0.000000
vt 0.625000 0.002500
vt 0.625000 0.002534
vt 0.625000 0.028750
vt 0.625000 0.028750
vt 0.656250 0.750000
vt 0.654583 0.747500
vt 0.656250 0.747500
vt 0.656250 0.721250
vt 0.653750 0.721250
vt 0.653750 0.718750
vt 0.843750 0.721250
vt 0.846250 0.718750
vt 0.846250 0.721250
vt 0.125000 0.721244
vt 0.127500 0.718750
vt 0.127500 0.721250
vt 0.125000 0.747455
vt 0.127500 0.747500
vt 0.127500 0.749996
vt 0.153750 0.500000
vt 0.156250 0.502500
vt 0.153750 0.502500
vt 0.127503 0.500000
vt 0.127500 0.502500
vt 0.125000 0.502504
vt 0.375000 0.528750
vt 0.372500 0.528750
vt 0.375000 0.502505
vt 0.372500 0.502500
vt 0.373749 0.498749
vt 0.345417 0.749997
vt 0.343750 0.747497
vt 0.346250 0.747500
vt 0.373750 0.751248
vt 0.372500 0.747500
vt 0.375000 0.747461
vt 0.125000 0.528750
vt 0.127500 0.528750
vt 0.127500 0.531250
vt 0.345417 0.500000
vt 0.346250 0.502500
vt 0.343750 0.502500
vt 0.375000 0.721251
vt 0.372500 0.721250
vt 0.372500 0.718750
vt 0.153750 0.749996
vt 0.153750 0.747500
vt 0.156250 0.747497
vt 0.156250 0.721251
vt 0.153750 0.721250
vt 0.153750 0.718750
vt 0.156250 0.528750
vt 0.153750 0.531250
vt 0.153750 0.528750
vt 0.343750 0.528750
vt 0.346250 0.528750
vt 0.346250 0.531250
vt 0.343750 0.721251
vt 0.346250 0.718750
vt 0.346250 0.721250
vt 0.593750 0.002533
vt 0.593750 0.000000
vt 0.625000 0.218505
vt 0.622558 0.218750
vt 0.406250 0.252503
vt 0.375000 0.247496
vt 0.406250 0.247496
vt 0.625000 0.468750
vt 0.622560 0.468750
vt 0.375000 0.502505
vt 0.406250 0.497499
vt 0.406250 0.502506
vt 0.375000 0.752500
vt 0.406250 0.747464
vt 0.406250 0.752500
vt 0.127500 0.625000
vt 0.125000 0.593750
vt 0.127500 0.593750
vt 0.468750 0.000000
vt 0.500000 0.002525
vt 0.468750 0.002526
vt 0.625000 0.124621
vt 0.622511 0.093750
vt 0.625000 0.093750
vt 0.500000 0.252499
vt 0.531250 0.247669
vt 0.531250 0.252508
vt 0.250000 0.502500
vt 0.281250 0.500000
vt 0.281250 0.502500
vt 0.625000 0.375000
vt 0.622560 0.343750
vt 0.625000 0.343750
vt 0.500000 0.502331
vt 0.531250 0.497504
vt 0.531250 0.502513
vt 0.372500 0.625000
vt 0.377500 0.656250
vt 0.372500 0.656250
vt 0.627203 0.625000
vt 0.622524 0.593750
vt 0.627198 0.593750
vt 0.531250 0.752500
vt 0.500000 0.747475
vt 0.531250 0.747474
vt 0.250000 0.747450
vt 0.218750 0.750000
vt 0.218750 0.747448
vt 0.625000 0.875000
vt 0.622500 0.843750
vt 0.625000 0.843750
vt 0.127500 0.687500
vt 0.125000 0.656250
vt 0.127500 0.656250
vt 0.562500 0.000000
vt 0.531250 0.002526
vt 0.531250 0.000000
vt 0.625000 0.156004
vt 0.622558 0.187500
vt 0.622556 0.156250
vt 0.468750 0.252505
vt 0.437500 0.247495
vt 0.468750 0.247493
vt 0.187500 0.502500
vt 0.218750 0.500000
vt 0.218750 0.502500
vt 0.625000 0.437500
vt 0.622560 0.406250
vt 0.625000 0.406250
vt 0.437500 0.502507
vt 0.468750 0.497498
vt 0.468750 0.502508
vt 0.372500 0.562500
vt 0.377500 0.593750
vt 0.372500 0.593750
vt 0.627474 0.656250
vt 0.622504 0.687500
vt 0.622504 0.656250
vt 0.437500 0.752500
vt 0.468750 0.747474
vt 0.468750 0.752500
vt 0.281250 0.747448
vt 0.312500 0.750000
vt 0.281250 0.750000
vt 0.625000 0.906250
vt 0.622500 0.937500
vt 0.622500 0.906250
vt 0.127500 0.533750
vt 0.125000 0.562500
vt 0.125000 0.531250
vt 0.406250 0.000000
vt 0.437500 0.002530
vt 0.406250 0.002536
vt 0.622510 0.062500
vt 0.593750 0.252513
vt 0.562500 0.247487
vt 0.593750 0.247484
vt 0.312500 0.500000
vt 0.625000 0.312500
vt 0.622560 0.281250
vt 0.625000 0.281250
vt 0.562500 0.502335
vt 0.593750 0.497494
vt 0.593750 0.502519
vt 0.377500 0.687500
vt 0.627194 0.562500
vt 0.622525 0.531250
vt 0.627192 0.531250
vt 0.593750 0.752500
vt 0.562500 0.747472
vt 0.593750 0.747467
vt 0.158750 0.747261
vt 0.187500 0.750000
vt 0.156250 0.750000
vt 0.622500 0.812500
vt 0.127500 0.715178
vt 0.125000 0.687500
vt 0.562500 0.002528
vt 0.625000 0.187255
vt 0.437500 0.252504
vt 0.158750 0.502500
vt 0.187500 0.500000
vt 0.622560 0.437500
vt 0.437500 0.497498
vt 0.377500 0.562500
vt 0.627477 0.687500
vt 0.437500 0.747470
vt 0.312500 0.747441
vt 0.625000 0.937911
vt 0.127500 0.562500
vt 0.437500 0.000000
vt 0.625000 0.062500
vt 0.562500 0.252503
vt 0.312500 0.502500
vt 0.622560 0.312500
vt 0.562500 0.497496
vt 0.372500 0.687500
vt 0.622524 0.562500
vt 0.562500 0.752500
vt 0.187500 0.747441
vt 0.625000 0.812089
vt 0.125000 0.625000
vt 0.500000 0.000000
vt 0.622554 0.125000
vt 0.500000 0.247492
vt 0.250000 0.500000
vt 0.622560 0.375000
vt 0.500000 0.497497
vt 0.377500 0.625000
vt 0.622523 0.625000
vt 0.500000 0.752500
vt 0.250000 0.750000
vt 0.622500 0.875000
vt 0.375000 0.000000
vt 0.375000 0.002791
vt 0.625000 0.752500
vt 0.625000 0.747243
vt 0.658750 0.747289
vt 0.156250 0.502500
vt 0.841250 0.747289
vt 0.872531 0.715254
vt 0.872500 0.718750
vt 0.625000 0.997500
vt 0.625000 0.778750
vt 0.843750 0.747500
vt 0.872500 0.721250
vt 0.625000 0.002757
vt 0.656250 0.747282
vt 0.375000 0.002537
vt 0.375000 0.971250
vt 0.375000 0.968750
vt 0.375000 0.278750
vt 0.375000 0.252503
vt 0.375000 0.247496
vt 0.375000 0.497499
vt 0.375000 0.028749
vt 0.375000 0.221250
vt 0.406250 0.997500
vt 0.375000 0.997500
vt 0.593750 0.997500
vt 0.593750 0.968750
vt 0.625000 0.997500
vt 0.375000 0.252503
vt 0.843750 0.502044
vt 0.872948 0.531250
vt 0.593750 0.218750
vt 0.375000 0.747209
vt 0.376384 0.778791
vt 0.375000 0.778750
vt 0.593750 0.718750
vt 0.376667 0.471250
vt 0.375000 0.471250
vt 0.656250 0.502044
vt 0.593750 0.468750
vt 0.377500 0.156250
vt 0.377500 0.125000
vt 0.377500 0.093750
vt 0.468750 0.997500
vt 0.500000 0.997500
vt 0.872536 0.656250
vt 0.872932 0.625000
vt 0.377500 0.406250
vt 0.377500 0.375000
vt 0.377500 0.343750
vt 0.781250 0.502044
vt 0.750000 0.502044
vt 0.718750 0.502044
vt 0.377500 0.906250
vt 0.377500 0.875000
vt 0.377500 0.843750
vt 0.718750 0.747454
vt 0.781250 0.747454
vt 0.750000 0.747455
vt 0.377500 0.062500
vt 0.531250 0.997500
vt 0.562500 0.997500
vt 0.872940 0.593750
vt 0.872945 0.562500
vt 0.377500 0.312500
vt 0.687500 0.502044
vt 0.377500 0.812500
vt 0.312500 0.718750
vt 0.812500 0.747448
vt 0.812500 0.718750
vt 0.377500 0.187500
vt 0.437500 0.997500
vt 0.843750 0.687500
vt 0.872532 0.687500
vt 0.377500 0.437500
vt 0.812500 0.502044
vt 0.343750 0.687500
vt 0.377500 0.937500
vt 0.687500 0.747448
vt 0.127500 0.718750
vt 0.843750 0.747282
vt 0.127500 0.531250
vt 0.156250 0.747251
vt 0.846250 0.747500
vt 0.125000 0.718750
vt 0.156250 0.500000
vt 0.872949 0.502411
vt 0.872500 0.747500
s 0
f 288/56/43 313/57/43 515/58/43
f 292/59/44 317/60/44 512/61/44
f 296/62/45 321/63/45 509/64/45
f 300/65/46 325/66/46 506/67/46
f 304/68/47 329/69/47 503/70/47
f 308/71/48 333/72/48 500/73/48
f 335/74/48 310/75/48 498/76/48
f 336/77/48 337/78/48 497/79/48
f 339/80/48 309/81/48 495/82/48
f 340/83/48 341/84/48 494/85/48
f 332/86/48 342/87/48 493/88/48
f 344/89/48 345/90/48 491/91/48
f 331/92/48 346/93/48 490/94/48
f 347/95/49 306/96/49 489/97/49
f 348/98/49 349/99/49 488/100/49
f 351/101/49 305/102/49 486/103/49
f 352/104/49 353/105/49 485/106/49
f 328/107/47 354/108/47 484/109/47
f 356/110/49 357/111/49 482/112/49
f 327/113/47 358/114/47 481/115/47
f 359/116/46 302/117/46 480/118/46
f 360/119/46 361/120/46 479/121/46
f 363/122/46 301/123/46 477/124/46
f 364/125/46 365/126/46 476/127/46
f 324/128/46 366/129/46 475/130/46
f 368/131/46 369/132/46 473/133/46
f 323/134/46 370/135/46 472/136/46
f 371/137/45 298/138/45 471/139/45
f 372/140/45 373/141/45 470/142/45
f 375/143/45 297/144/45 468/145/45
f 376/146/45 377/147/45 467/148/45
f 320/149/45 378/150/45 466/151/45
f 380/152/45 381/153/45 464/154/45
f 319/155/45 382/156/45 463/157/45
f 383/158/44 294/159/44 462/160/44
f 384/161/44 385/162/44 461/163/44
f 387/164/44 293/165/44 460/166/44
f 316/167/44 390/168/44 459/169/44
f 392/170/44 393/171/44 458/172/44
f 315/173/44 394/174/44 457/175/44
f 395/176/43 290/177/43 456/178/43
f 396/179/43 397/180/43 455/181/43
f 399/182/43 289/183/43 453/184/43
f 400/185/43 401/186/43 452/187/43
f 312/188/43 402/189/43 451/190/43
f 404/191/43 405/192/43 450/193/43
f 311/194/43 406/195/43 449/196/43
f 408/197/43 409/198/43 447/199/43
f 412/200/44 413/201/44 444/202/44
f 416/203/45 417/204/45 441/205/45
f 420/206/46 421/207/46 438/208/46
f 424/209/49 425/210/49 435/211/49
f 428/212/48 429/213/48 432/214/48
f 431/215/48 286/216/48 428/212/48
f 334/217/48 428/212/48 262/218/48
f 432/214/48 259/219/48 331/92/48
f 310/75/48 331/92/48 238/220/48
f 262/218/48 432/214/48 310/75/48
f 429/213/48 307/221/48 259/219/48
f 286/216/48 433/222/48 429/213/48
f 434/223/50 285/224/50 424/209/50
f 330/225/50 424/209/50 258/226/50
f 435/211/49 255/227/49 327/113/49
f 306/96/49 327/113/49 237/228/49
f 258/226/49 435/211/49 306/96/49
f 425/210/49 303/229/49 255/227/49
f 285/224/49 436/230/49 425/210/49
f 437/231/46 284/232/46 420/206/46
f 326/233/46 420/206/46 254/234/46
f 438/208/46 251/235/46 323/134/46
f 302/117/46 323/134/46 236/236/46
f 254/234/46 438/208/46 302/117/46
f 421/207/46 299/237/46 251/235/46
f 284/232/46 439/238/46 421/207/46
f 440/239/45 283/240/45 416/203/45
f 322/241/45 416/203/45 250/242/45
f 441/205/45 247/243/45 319/155/45
f 298/138/45 319/155/45 235/244/45
f 250/242/45 441/205/45 298/138/45
f 417/204/45 295/245/45 247/243/45
f 283/240/45 442/246/45 417/204/45
f 443/247/44 282/248/44 412/200/44
f 318/249/44 412/200/44 246/250/44
f 444/202/44 243/251/44 315/173/44
f 294/159/44 315/173/44 234/252/44
f 246/250/44 444/202/44 294/159/44
f 413/201/44 291/253/44 243/251/44
f 282/248/44 445/254/44 413/201/44
f 446/255/43 281/256/43 408/197/43
f 314/257/43 408/197/43 242/258/43
f 447/199/43 239/259/43 311/194/43
f 290/177/43 311/194/43 233/260/43
f 242/258/43 447/199/43 290/177/43
f 409/198/43 287/261/43 239/259/43
f 281/256/43 448/262/43 409/198/43
f 449/196/43 280/263/43 404/191/43
f 313/57/43 404/191/43 241/264/43
f 233/260/43 449/196/43 313/57/43
f 241/264/43 450/193/43 289/183/43
f 451/190/43 279/265/43 400/185/43
f 279/265/43 453/184/43 401/186/43
f 454/266/43 278/267/43 396/179/43
f 455/181/43 240/268/43 312/188/43
f 456/178/43 233/260/43 288/56/43
f 397/180/43 288/56/43 240/268/43
f 278/267/43 456/178/43 397/180/43
f 457/175/44 277/269/44 392/170/44
f 317/60/44 392/170/44 245/270/44
f 234/252/44 457/175/44 317/60/44
f 245/270/44 458/172/44 293/165/44
f 459/169/44 276/271/44 388/272/44
f 276/271/44 460/166/44 389/273/44
f 461/163/44 244/274/44 316/167/44
f 462/160/44 234/252/44 292/59/44
f 385/162/44 292/59/44 244/274/44
f 275/275/44 462/160/44 385/162/44
f 463/157/45 274/276/45 380/152/45
f 321/63/45 380/152/45 249/277/45
f 235/244/45 463/157/45 321/63/45
f 249/277/45 464/154/45 297/144/45
f 274/276/45 465/278/45 381/153/45
f 466/151/45 273/279/45 376/146/45
f 273/279/45 468/145/45 377/147/45
f 469/280/45 272/281/45 372/140/45
f 470/142/45 248/282/45 320/149/45
f 471/139/45 235/244/45 296/62/45
f 373/141/45 296/62/45 248/282/45
f 272/281/45 471/139/45 373/141/45
f 472/136/46 271/283/46 368/131/46
f 325/66/46 368/131/46 253/284/46
f 236/236/46 472/136/46 325/66/46
f 253/284/46 473/133/46 301/123/46
f 271/283/46 474/285/46 369/132/46
f 475/130/46 270/286/46 364/125/46
f 270/286/46 477/124/46 365/126/46
f 478/287/46 269/288/46 360/119/46
f 479/121/46 252/289/46 324/128/46
f 480/118/46 236/236/46 300/65/46
f 361/120/46 300/65/46 252/289/46
f 269/288/46 480/118/46 361/120/46
f 481/115/49 268/290/49 356/110/49
f 329/69/49 356/110/49 257/291/49
f 237/228/47 481/115/47 329/69/47
f 257/291/49 482/112/49 305/102/49
f 268/290/49 483/292/49 357/111/49
f 484/109/49 267/293/49 352/104/49
f 267/293/49 486/103/49 353/105/49
f 487/294/50 266/295/50 348/98/50
f 488/100/49 256/296/49 328/107/49
f 489/97/49 237/228/49 304/68/49
f 349/99/49 304/68/49 256/296/49
f 266/295/49 489/97/49 349/99/49
f 490/94/48 265/297/48 344/89/48
f 333/72/48 344/89/48 261/298/48
f 238/220/48 490/94/48 333/72/48
f 261/298/48 491/91/48 309/81/48
f 265/297/48 492/299/48 345/90/48
f 493/88/48 264/300/48 340/83/48
f 264/300/48 495/82/48 341/84/48
f 496/301/48 263/302/48 336/77/48
f 497/79/48 260/303/48 332/86/48
f 498/76/48 238/220/48 308/71/48
f 337/78/48 308/71/48 260/303/48
f 263/302/48 498/76/48 337/78/48
f 499/304/48 262/218/48 335/74/48
f 338/305/48 335/74/48 263/302/48
f 500/73/48 261/298/48 339/80/48
f 342/87/48 339/80/48 264/300/48
f 260/303/48 500/73/48 342/87/48
f 346/93/48 343/306/48 265/297/48
f 259/219/48 501/307/48 346/93/48
f 502/308/50 258/226/50 347/95/50
f 350/309/50 347/95/50 266/295/50
f 503/70/49 257/291/49 351/101/49
f 354/108/49 351/101/49 267/293/49
f 256/296/47 503/70/47 354/108/47
f 358/114/49 355/310/49 268/290/49
f 255/227/47 504/311/47 358/114/47
f 505/312/46 254/234/46 359/116/46
f 362/313/46 359/116/46 269/288/46
f 506/67/46 253/284/46 363/122/46
f 366/129/46 363/122/46 270/286/46
f 252/289/46 506/67/46 366/129/46
f 370/135/46 367/314/46 271/283/46
f 251/235/46 507/315/46 370/135/46
f 508/316/45 250/242/45 371/137/45
f 374/317/45 371/137/45 272/281/45
f 509/64/45 249/277/45 375/143/45
f 378/150/45 375/143/45 273/279/45
f 248/282/45 509/64/45 378/150/45
f 382/156/45 379/318/45 274/276/45
f 247/243/45 510/319/45 382/156/45
f 511/320/44 246/250/44 383/158/44
f 386/321/44 383/158/44 275/275/44
f 512/61/44 245/270/44 387/164/44
f 390/168/44 387/164/44 276/271/44
f 244/274/44 512/61/44 390/168/44
f 394/174/44 391/322/44 277/269/44
f 243/251/44 513/323/44 394/174/44
f 514/324/43 242/258/43 395/176/43
f 398/325/43 395/176/43 278/267/43
f 515/58/43 241/264/43 399/182/43
f 402/189/43 399/182/43 279/265/43
f 240/268/43 515/58/43 402/189/43
f 406/195/43 403/326/43 280/263/43
f 239/259/43 516/327/43 406/195/43
f 418/328/45 415/329/45 283/240/45
f 422/330/46 419/331/46 284/232/46
f 426/332/50 423/333/50 285/224/50
f 430/334/48 427/335/48 286/216/48
f 527/336/51 528/337/51 529/338/51
f 536/339/52 537/340/52 538/341/52
f 611/342/53 612/342/53 613/343/53
f 620/344/54 621/345/54 622/346/54
f 627/347/55 628/348/55 629/349/55
f 630/350/56 631/351/56 632/352/56
f 635/353/57 636/354/57 637/355/57
f 638/356/58 639/357/58 640/358/58
f 689/359/59 690/360/59 691/360/59
f 694/361/60 695/362/60 696/363/60
f 699/364/61 700/365/61 701/366/61
f 706/367/62 707/368/62 708/369/62
f 713/370/63 714/371/63 715/371/63
f 716/372/64 717/373/64 718/374/64
f 719/375/65 720/376/65 721/377/65
f 722/378/66 723/379/66 724/380/66
f 725/381/67 726/382/67 727/383/67
f 728/384/68 729/385/68 730/386/68
f 731/387/69 732/388/69 733/389/69
f 734/390/70 735/391/70 736/392/70
f 737/393/71 738/351/71 739/394/71
f 740/395/72 741/396/72 742/397/72
f 743/398/73 744/357/73 745/399/73
f 746/400/74 747/401/74 748/402/74
f 749/403/75 750/404/75 751/363/75
f 752/405/76 753/406/76 754/407/76
f 755/408/75 756/409/75 757/410/75
f 758/411/71 759/412/71 760/413/71
f 761/414/77 762/415/77 763/416/77
f 764/417/78 765/418/78 766/419/78
f 767/420/79 768/421/79 769/422/79
f 770/423/80 771/424/80 772/425/80
f 773/426/81 774/348/81 775/427/81
f 776/428/82 777/429/82 778/430/82
f 779/431/83 780/432/83 781/433/83
f 782/434/84 783/435/84 784/436/84
f 785/437/85 786/438/85 787/439/85
f 788/440/86 789/441/86 790/442/86
f 791/443/87 792/444/87 793/445/87
f 794/446/88 795/447/88 796/448/88
f 797/449/87 798/450/87 799/451/87
f 800/452/81 801/453/81 802/454/81
f 803/455/85 804/456/85 805/457/85
f 806/458/77 807/459/77 808/460/77
f 523/400/89 614/461/89 615/462/89
f 617/463/90 529/338/90 616/464/90
f 619/465/91 526/466/91 618/467/91
f 624/468/92 538/341/92 623/469/92
f 534/470/93 625/471/93 626/472/93
f 530/473/94 633/474/94 634/475/94
f 539/476/95 641/477/95 642/478/95
f 644/479/96 542/480/96 643/481/96
f 543/482/97 645/483/97 646/484/97
f 545/485/98 647/486/98 648/487/98
f 547/488/99 649/489/99 650/490/99
f 549/491/100 651/492/100 652/493/100
f 551/494/101 653/495/101 654/496/101
f 553/497/102 655/498/102 656/499/102
f 555/500/103 657/501/103 658/502/103
f 660/503/104 558/504/104 659/505/104
f 559/506/105 661/507/105 662/508/105
f 561/509/106 663/510/106 664/511/106
f 563/512/95 665/513/95 666/514/95
f 565/515/107 667/516/107 668/517/107
f 670/518/108 568/519/108 669/520/108
f 672/521/109 570/522/109 671/523/109
f 571/524/99 673/525/99 674/526/99
f 573/527/100 675/528/100 676/529/100
f 575/530/110 677/531/110 678/532/110
f 577/533/102 679/534/102 680/535/102
f 682/536/111 580/537/111 681/538/111
f 581/539/112 683/540/112 684/541/112
f 686/542/105 584/543/105 685/544/105
f 688/545/106 586/546/106 687/547/106
f 691/548/95 588/549/95 689/550/95
f 693/551/113 590/552/113 692/553/113
f 694/361/114 592/554/114 695/362/114
f 698/555/115 594/556/115 697/557/115
f 701/366/99 596/558/99 699/364/99
f 597/559/100 702/560/100 703/561/100
f 599/562/116 704/563/116 705/564/116
f 706/367/102 602/565/102 707/368/102
f 603/566/117 709/567/117 710/568/117
f 712/569/118 606/570/118 711/571/118
f 715/572/119 608/573/119 713/574/119
f 718/374/120 610/575/120 716/372/120
f 611/576/95 564/577/95 563/512/95
f 615/462/121 566/578/121 565/515/121
f 567/579/122 616/464/122 568/519/122
f 569/580/123 618/467/123 570/522/123
f 620/581/99 572/582/99 571/524/99
f 624/468/100 574/583/100 573/527/100
f 626/472/124 576/584/124 575/530/124
f 627/347/102 578/585/102 577/533/102
f 630/350/125 580/537/125 579/586/125
f 634/475/126 582/587/126 581/539/126
f 635/353/127 584/543/127 583/588/127
f 638/356/128 586/546/128 585/589/128
f 642/478/95 588/549/95 587/590/95
f 589/591/129 643/481/129 590/552/129
f 646/484/114 592/554/114 591/592/114
f 593/593/130 647/486/130 594/556/130
f 650/490/99 596/558/99 595/594/99
f 652/493/100 598/595/100 597/559/100
f 599/562/131 653/495/131 600/596/131
f 656/499/102 602/565/102 601/597/102
f 658/502/132 604/598/132 603/566/132
f 605/599/133 659/505/133 606/570/133
f 662/508/134 608/573/134 607/600/134
f 664/511/135 610/575/135 609/601/135
f 666/514/95 540/602/95 539/476/95
f 668/517/136 542/480/136 541/603/136
f 543/482/137 669/520/137 544/604/137
f 672/521/138 546/605/138 545/485/138
f 674/526/99 548/606/99 547/488/99
f 676/529/100 550/607/100 549/491/100
f 551/494/139 677/531/139 552/608/139
f 680/535/102 554/609/102 553/497/102
f 555/500/140 681/538/140 556/610/140
f 684/541/141 558/504/141 557/611/141
f 559/506/105 685/544/105 560/612/105
f 561/509/106 687/547/106 562/613/106
f 522/614/142 692/553/142 521/615/142
f 698/555/143 529/338/143 528/337/143
f 703/561/144 528/337/144 527/336/144
f 537/340/145 704/563/145 538/341/145
f 710/568/117 537/340/117 536/339/117
f 533/616/146 711/571/146 532/617/146
f 718/618/147 719/375/147 721/377/147
f 720/376/148 630/350/148 721/377/148
f 715/572/102 722/378/102 724/380/102
f 723/379/149 611/576/149 724/380/149
f 620/581/102 725/381/102 621/619/102
f 691/548/150 727/383/150 726/382/150
f 728/384/95 701/366/95 700/365/95
f 627/347/150 729/385/150 628/348/150
f 731/387/151 638/620/151 732/388/151
f 733/389/148 694/621/148 696/622/148
f 734/390/95 635/353/95 735/391/95
f 736/392/149 706/367/149 708/369/149
f 739/394/151 740/395/151 737/393/151
f 747/623/152 743/398/152 745/399/152
f 750/404/147 748/402/147 747/401/147
f 753/624/152 742/397/152 741/396/152
f 754/407/147 756/409/147 755/408/147
f 739/394/148 757/410/148 756/409/148
f 760/413/151 744/625/151 758/411/151
f 760/413/148 751/622/148 750/626/148
f 759/412/153 731/387/153 733/389/153
f 743/398/154 639/357/154 744/357/154
f 523/400/155 748/402/155 524/627/155
f 696/363/156 749/403/156 751/363/156
f 740/395/157 533/616/157 532/617/157
f 717/628/158 752/405/158 754/407/158
f 631/351/153 737/393/153 632/352/153
f 719/375/156 757/410/156 720/376/156
f 763/416/95 764/417/95 761/414/95
f 769/422/99 770/423/99 767/420/99
f 775/427/102 776/428/102 773/426/102
f 783/435/159 779/431/159 781/433/159
f 786/438/95 772/425/95 771/424/95
f 789/441/99 778/430/99 777/429/99
f 792/444/102 784/436/102 783/435/102
f 795/447/159 766/419/159 765/418/159
f 796/448/102 798/450/102 797/449/102
f 763/416/149 799/451/149 798/450/149
f 800/452/102 769/422/102 768/421/102
f 787/439/150 802/454/150 801/453/150
f 804/456/95 790/442/95 789/441/95
f 805/457/150 775/427/150 774/348/150
f 808/460/95 780/432/95 806/458/95
f 808/460/149 793/445/149 792/444/149
f 803/455/160 729/385/160 728/384/160
f 773/426/161 628/348/161 774/348/161
f 636/354/162 779/431/162 637/355/162
f 784/436/163 530/473/163 782/434/163
f 764/629/164 522/614/164 521/615/164
f 714/371/165 794/630/165 796/631/165
f 791/443/166 708/369/166 707/368/166
f 734/390/167 807/459/167 806/458/167
f 621/345/168 767/632/168 622/346/168
f 526/466/169 770/633/169 772/634/169
f 799/451/166 722/378/166 797/449/166
f 776/428/170 535/635/170 534/470/170
f 700/365/171 788/440/171 790/442/171
f 801/453/161 725/381/161 727/383/161
f 761/636/167 612/342/167 762/342/167
f 785/637/160 690/360/160 689/359/160
f 521/615/48 761/636/48 764/629/48
f 521/615/48 494/85/48 613/343/48
f 713/370/172 693/638/172 522/639/172
f 522/639/173 794/630/173 713/370/173
f 524/627/48 496/301/48 614/461/48
f 524/627/48 749/403/48 695/362/48
f 640/358/174 615/640/174 517/641/174
f 523/623/175 743/398/175 746/642/175
f 689/359/48 618/467/48 526/466/48
f 526/466/48 785/637/48 689/359/48
f 619/465/49 622/346/49 525/643/49
f 525/643/49 767/632/49 770/633/49
f 703/644/43 617/645/43 454/266/43
f 616/464/176 697/557/176 520/646/176
f 698/555/177 702/560/177 487/294/177
f 474/285/46 531/647/46 707/368/46
f 531/647/46 791/443/46 707/368/46
f 634/475/172 637/648/172 530/473/172
f 530/473/178 779/649/178 782/434/178
f 532/617/46 737/393/46 740/395/46
f 518/650/46 532/617/46 711/571/46
f 712/569/174 716/372/174 469/280/174
f 533/616/179 752/624/179 716/372/179
f 699/651/49 625/471/49 535/635/49
f 535/635/49 788/652/49 699/651/49
f 626/472/46 629/349/46 534/470/46
f 534/470/46 773/426/46 776/428/46
f 624/653/43 710/568/43 536/339/43
f 623/469/177 704/563/177 519/654/177
f 705/564/180 709/567/180 478/287/180
f 309/81/48 641/655/48 540/656/48
f 495/82/48 540/656/48 665/657/48
f 460/166/44 539/476/44 642/478/44
f 293/165/44 666/514/44 539/476/44
f 643/481/48 332/86/48 493/88/48
f 295/245/45 644/658/45 510/319/45
f 442/246/45 541/659/45 295/245/45
f 667/516/48 332/86/48 542/480/48
f 314/257/43 646/660/43 446/255/43
f 544/604/176 431/215/176 334/217/176
f 514/324/43 543/661/43 314/257/43
f 645/483/48 334/217/48 499/304/48
f 648/487/181 328/107/181 545/485/181
f 433/222/48 546/605/48 307/221/48
f 501/307/48 546/605/48 671/523/48
f 545/485/182 484/109/182 672/521/182
f 305/102/49 649/662/49 548/663/49
f 486/103/49 548/663/49 673/664/49
f 547/488/44 459/169/44 674/526/44
f 650/490/44 316/167/44 547/488/44
f 652/665/43 312/188/43 549/666/43
f 550/607/177 434/223/177 330/225/177
f 549/666/43 451/190/43 676/667/43
f 651/492/177 330/225/177 502/308/177
f 654/496/46 324/128/46 551/494/46
f 436/230/49 552/608/49 303/229/49
f 504/311/47 552/608/47 677/531/47
f 678/532/46 324/128/46 475/130/46
f 301/123/46 655/498/46 554/609/46
f 477/124/46 554/609/46 679/534/46
f 680/535/44 318/249/44 511/320/44
f 553/497/44 443/247/44 318/249/44
f 453/184/43 555/500/43 658/502/43
f 289/183/43 682/536/43 555/500/43
f 326/233/46 681/538/46 437/231/46
f 505/312/180 556/610/180 326/233/180
f 660/503/45 320/149/45 557/611/45
f 299/237/46 659/505/46 558/504/46
f 299/237/46 683/540/46 507/315/46
f 557/611/45 466/151/45 684/541/45
f 297/144/45 661/668/45 560/669/45
f 468/145/45 560/669/45 685/670/45
f 291/253/44 662/508/44 513/323/44
f 291/253/44 686/542/44 559/506/44
f 663/510/45 322/241/45 508/316/45
f 287/261/43 664/671/43 516/327/43
f 287/261/43 688/672/43 561/673/43
f 562/613/45 440/239/45 322/241/45
f 341/84/48 665/657/48 564/674/48
f 393/171/44 611/576/44 563/512/44
f 613/343/48 341/84/48 564/674/48
f 458/172/44 563/512/44 666/514/44
f 566/578/48 497/79/48 667/516/48
f 415/329/45 668/675/45 442/246/45
f 517/641/45 565/676/45 415/329/45
f 614/461/48 336/77/48 566/578/48
f 398/325/43 670/677/43 514/324/43
f 568/519/176 520/646/176 430/334/176
f 454/266/43 567/678/43 398/325/43
f 669/520/176 430/334/176 431/215/176
f 343/306/48 671/523/48 570/522/48
f 492/299/48 570/522/48 618/467/48
f 569/580/49 485/106/49 619/465/49
f 672/521/49 352/104/49 569/580/49
f 353/105/49 673/664/49 572/679/49
f 485/106/49 572/679/49 622/346/49
f 620/581/44 388/272/44 726/382/44
f 674/526/44 388/272/44 571/524/44
f 676/667/43 400/185/43 573/680/43
f 574/583/177 519/654/177 426/332/177
f 573/680/43 452/187/43 624/653/43
f 675/528/177 426/332/177 434/223/177
f 355/310/49 677/531/49 576/584/49
f 483/292/49 576/584/49 625/471/49
f 575/530/46 476/127/46 626/472/46
f 678/532/46 364/125/46 575/530/46
f 577/533/44 511/320/44 386/321/44
f 365/126/46 679/534/46 578/585/46
f 476/127/46 578/585/46 629/349/46
f 627/347/44 386/321/44 730/386/44
f 450/193/43 579/586/43 682/536/43
f 405/192/43 630/350/43 579/586/43
f 422/330/46 632/352/46 518/650/46
f 437/231/46 580/537/46 422/330/46
f 507/315/46 582/587/46 367/314/46
f 367/314/46 633/474/46 474/285/46
f 581/539/45 467/148/45 634/475/45
f 684/541/45 376/146/45 581/539/45
f 377/147/45 685/670/45 584/681/45
f 411/682/44 635/353/44 583/588/44
f 467/148/183 584/681/183 637/648/183
f 445/254/44 583/588/44 686/542/44
f 687/547/45 418/328/45 440/239/45
f 448/262/43 585/683/43 688/672/43
f 407/684/43 638/620/43 585/683/43
f 586/546/45 517/641/45 418/328/45
f 588/685/48 492/299/48 689/359/48
f 389/273/44 642/478/44 587/590/44
f 491/91/48 588/685/48 641/655/48
f 691/548/44 389/273/44 587/590/44
f 692/553/48 340/83/48 494/85/48
f 379/318/45 693/638/45 465/278/45
f 510/319/45 589/686/45 379/318/45
f 590/552/48 493/88/48 340/83/48
f 410/687/43 694/621/43 732/388/43
f 592/554/48 499/304/48 338/305/48
f 695/362/48 338/305/48 496/301/48
f 446/255/43 591/688/43 410/687/43
f 427/335/48 697/557/48 594/556/48
f 433/222/48 594/556/48 647/486/48
f 648/487/49 348/98/49 488/100/49
f 593/593/184 487/294/184 348/98/184
f 596/689/49 483/292/49 699/651/49
f 482/112/49 596/689/49 649/662/49
f 595/594/44 461/163/44 650/490/44
f 701/366/44 384/161/44 595/594/44
f 703/644/43 396/179/43 597/690/43
f 598/595/177 502/308/177 350/309/177
f 702/560/177 350/309/177 487/294/177
f 597/690/43 455/181/43 652/665/43
f 423/333/50 704/563/50 600/596/50
f 436/230/185 600/596/185 653/495/185
f 654/496/46 360/119/46 479/121/46
f 705/564/46 360/119/46 599/562/46
f 414/691/44 706/367/44 735/391/44
f 369/132/46 707/368/46 602/565/46
f 473/133/46 602/565/46 655/498/46
f 656/499/44 414/691/44 443/247/44
f 452/187/43 603/566/43 710/568/43
f 401/186/43 658/502/43 603/566/43
f 362/313/180 657/501/180 505/312/180
f 478/287/180 604/598/180 362/313/180
f 419/331/46 711/571/46 606/570/46
f 439/238/46 606/570/46 659/505/46
f 605/599/45 470/142/45 660/503/45
f 712/569/45 372/140/45 605/599/45
f 608/692/186 465/278/186 713/370/186
f 513/323/44 607/600/44 391/322/44
f 464/154/45 608/692/45 661/668/45
f 391/322/44 715/572/44 724/380/44
f 403/326/43 718/618/43 721/377/43
f 516/327/43 609/693/43 403/326/43
f 610/575/45 508/316/45 374/317/45
f 469/280/45 610/575/45 374/317/45
f 723/379/187 762/415/187 612/694/187
f 725/381/46 768/421/46 621/619/46
f 729/385/45 774/348/45 628/348/45
f 720/376/188 738/351/188 631/351/188
f 636/354/48 806/458/48 780/432/48
f 639/695/46 758/411/46 744/625/46
f 690/696/45 801/453/45 727/383/45
f 696/622/188 759/412/188 733/389/188
f 700/365/48 803/455/48 728/384/48
f 708/369/187 807/459/187 736/392/187
f 714/697/46 797/449/46 722/378/46
f 717/628/48 755/408/48 719/375/48
f 280/263/43 721/377/43 405/192/43
f 277/269/44 724/380/44 393/171/44
f 726/382/44 276/271/44 389/273/44
f 730/386/44 275/275/44 384/161/44
f 281/256/43 732/388/43 407/684/43
f 282/248/44 735/391/44 411/682/44
f 756/409/43 741/396/43 739/394/43
f 750/626/43 745/698/43 760/413/43
f 798/450/44 765/418/44 763/416/44
f 769/422/44 786/438/44 771/424/44
f 777/429/44 804/456/44 789/441/44
f 792/444/44 781/433/44 808/460/44
f 288/56/43 233/260/43 313/57/43
f 292/59/44 234/252/44 317/60/44
f 296/62/45 235/244/45 321/63/45
f 300/65/46 236/236/46 325/66/46
f 304/68/189 237/228/189 329/69/189
f 308/71/48 238/220/48 333/72/48
f 335/74/48 262/218/48 310/75/48
f 336/77/48 263/302/48 337/78/48
f 339/80/48 261/298/48 309/81/48
f 340/83/48 264/300/48 341/84/48
f 332/86/48 260/303/48 342/87/48
f 344/89/48 265/297/48 345/90/48
f 331/92/48 259/219/48 346/93/48
f 347/95/49 258/226/49 306/96/49
f 348/98/49 266/295/49 349/99/49
f 351/101/49 257/291/49 305/102/49
f 352/104/49 267/293/49 353/105/49
f 328/107/189 256/296/189 354/108/189
f 356/110/49 268/290/49 357/111/49
f 327/113/189 255/227/189 358/114/189
f 359/116/46 254/234/46 302/117/46
f 360/119/46 269/288/46 361/120/46
f 363/122/46 253/284/46 301/123/46
f 364/125/46 270/286/46 365/126/46
f 324/128/46 252/289/46 366/129/46
f 368/131/46 271/283/46 369/132/46
f 323/134/46 251/235/46 370/135/46
f 371/137/45 250/242/45 298/138/45
f 372/140/45 272/281/45 373/141/45
f 375/143/45 249/277/45 297/144/45
f 376/146/45 273/279/45 377/147/45
f 320/149/45 248/282/45 378/150/45
f 380/152/45 274/276/45 381/153/45
f 319/155/45 247/243/45 382/156/45
f 383/158/44 246/250/44 294/159/44
f 384/161/44 275/275/44 385/162/44
f 387/164/44 245/270/44 293/165/44
f 316/167/44 244/274/44 390/168/44
f 392/170/44 277/269/44 393/171/44
f 315/173/44 243/251/44 394/174/44
f 395/176/43 242/258/43 290/177/43
f 396/179/43 278/267/43 397/180/43
f 399/182/43 241/264/43 289/183/43
f 400/185/43 279/265/43 401/186/43
f 312/188/43 240/268/43 402/189/43
f 404/191/43 280/263/43 405/192/43
f 311/194/43 239/259/43 406/195/43
f 408/197/43 281/256/43 409/198/43
f 412/200/44 282/248/44 413/201/44
f 416/203/45 283/240/45 417/204/45
f 420/206/46 284/232/46 421/207/46
f 424/209/49 285/224/49 425/210/49
f 428/212/48 286/216/48 429/213/48
f 431/215/48 430/334/48 286/216/48
f 334/217/48 431/215/48 428/212/48
f 432/214/48 429/213/48 259/219/48
f 310/75/48 432/214/48 331/92/48
f 262/218/48 428/212/48 432/214/48
f 429/213/48 433/222/48 307/221/48
f 286/216/48 427/335/48 433/222/48
f 434/223/190 426/332/190 285/224/190
f 330/225/190 434/223/190 424/209/190
f 435/211/49 425/210/49 255/227/49
f 306/96/49 435/211/49 327/113/49
f 258/226/49 424/209/49 435/211/49
f 425/210/49 436/230/49 303/229/49
f 285/224/49 423/333/49 436/230/49
f 437/231/46 422/330/46 284/232/46
f 326/233/46 437/231/46 420/206/46
f 438/208/46 421/207/46 251/235/46
f 302/117/46 438/208/46 323/134/46
f 254/234/46 420/206/46 438/208/46
f 421/207/46 439/238/46 299/237/46
f 284/232/46 419/331/46 439/238/46
f 440/239/45 418/328/45 283/240/45
f 322/241/45 440/239/45 416/203/45
f 441/205/45 417/204/45 247/243/45
f 298/138/45 441/205/45 319/155/45
f 250/242/45 416/203/45 441/205/45
f 417/204/45 442/246/45 295/245/45
f 283/240/45 415/329/45 442/246/45
f 443/247/44 414/691/44 282/248/44
f 318/249/44 443/247/44 412/200/44
f 444/202/44 413/201/44 243/251/44
f 294/159/44 444/202/44 315/173/44
f 246/250/44 412/200/44 444/202/44
f 413/201/44 445/254/44 291/253/44
f 282/248/44 411/682/44 445/254/44
f 446/255/43 410/687/43 281/256/43
f 314/257/43 446/255/43 408/197/43
f 447/199/43 409/198/43 239/259/43
f 290/177/43 447/199/43 311/194/43
f 242/258/43 408/197/43 447/199/43
f 409/198/43 448/262/43 287/261/43
f 281/256/43 407/684/43 448/262/43
f 449/196/43 406/195/43 280/263/43
f 313/57/43 449/196/43 404/191/43
f 233/260/43 311/194/43 449/196/43
f 241/264/43 404/191/43 450/193/43
f 451/190/43 402/189/43 279/265/43
f 279/265/43 399/182/43 453/184/43
f 454/266/43 398/325/43 278/267/43
f 455/181/43 397/180/43 240/268/43
f 456/178/43 290/177/43 233/260/43
f 397/180/43 456/178/43 288/56/43
f 278/267/43 395/176/43 456/178/43
f 457/175/44 394/174/44 277/269/44
f 317/60/44 457/175/44 392/170/44
f 234/252/44 315/173/44 457/175/44
f 245/270/44 392/170/44 458/172/44
f 459/169/44 390/168/44 276/271/44
f 276/271/44 387/164/44 460/166/44
f 461/163/44 385/162/44 244/274/44
f 462/160/44 294/159/44 234/252/44
f 385/162/44 462/160/44 292/59/44
f 275/275/44 383/158/44 462/160/44
f 463/157/45 382/156/45 274/276/45
f 321/63/45 463/157/45 380/152/45
f 235/244/45 319/155/45 463/157/45
f 249/277/45 380/152/45 464/154/45
f 274/276/45 379/318/45 465/278/45
f 466/151/45 378/150/45 273/279/45
f 273/279/45 375/143/45 468/145/45
f 469/280/45 374/317/45 272/281/45
f 470/142/45 373/141/45 248/282/45
f 471/139/45 298/138/45 235/244/45
f 373/141/45 471/139/45 296/62/45
f 272/281/45 371/137/45 471/139/45
f 472/136/46 370/135/46 271/283/46
f 325/66/46 472/136/46 368/131/46
f 236/236/46 323/134/46 472/136/46
f 253/284/46 368/131/46 473/133/46
f 271/283/46 367/314/46 474/285/46
f 475/130/46 366/129/46 270/286/46
f 270/286/46 363/122/46 477/124/46
f 478/287/46 362/313/46 269/288/46
f 479/121/46 361/120/46 252/289/46
f 480/118/46 302/117/46 236/236/46
f 361/120/46 480/118/46 300/65/46
f 269/288/46 359/116/46 480/118/46
f 481/115/49 358/114/49 268/290/49
f 329/69/49 481/115/49 356/110/49
f 237/228/189 327/113/189 481/115/189
f 257/291/49 356/110/49 482/112/49
f 268/290/49 355/310/49 483/292/49
f 484/109/49 354/108/49 267/293/49
f 267/293/49 351/101/49 486/103/49
f 487/294/190 350/309/190 266/295/190
f 488/100/49 349/99/49 256/296/49
f 489/97/49 306/96/49 237/228/49
f 349/99/49 489/97/49 304/68/49
f 266/295/49 347/95/49 489/97/49
f 490/94/48 346/93/48 265/297/48
f 333/72/48 490/94/48 344/89/48
f 238/220/48 331/92/48 490/94/48
f 261/298/48 344/89/48 491/91/48
f 265/297/48 343/306/48 492/299/48
f 493/88/48 342/87/48 264/300/48
f 264/300/48 339/80/48 495/82/48
f 496/301/48 338/305/48 263/302/48
f 497/79/48 337/78/48 260/303/48
f 498/76/48 310/75/48 238/220/48
f 337/78/48 498/76/48 308/71/48
f 263/302/48 335/74/48 498/76/48
f 499/304/48 334/217/48 262/218/48
f 338/305/48 499/304/48 335/74/48
f 500/73/48 333/72/48 261/298/48
f 342/87/48 500/73/48 339/80/48
f 260/303/48 308/71/48 500/73/48
f 346/93/48 501/307/48 343/306/48
f 259/219/48 307/221/48 501/307/48
f 502/308/190 330/225/190 258/226/190
f 350/309/190 502/308/190 347/95/190
f 503/70/49 329/69/49 257/291/49
f 354/108/49 503/70/49 351/101/49
f 256/296/189 304/68/189 503/70/189
f 358/114/49 504/311/49 355/310/49
f 255/227/189 303/229/189 504/311/189
f 505/312/46 326/233/46 254/234/46
f 362/313/46 505/312/46 359/116/46
f 506/67/46 325/66/46 253/284/46
f 366/129/46 506/67/46 363/122/46
f 252/289/46 300/65/46 506/67/46
f 370/135/46 507/315/46 367/314/46
f 251/235/46 299/237/46 507/315/46
f 508/316/45 322/241/45 250/242/45
f 374/317/45 508/316/45 371/137/45
f 509/64/45 321/63/45 249/277/45
f 378/150/45 509/64/45 375/143/45
f 248/282/45 296/62/45 509/64/45
f 382/156/45 510/319/45 379/318/45
f 247/243/45 295/245/45 510/319/45
f 511/320/44 318/249/44 246/250/44
f 386/321/44 511/320/44 383/158/44
f 512/61/44 317/60/44 245/270/44
f 390/168/44 512/61/44 387/164/44
f 244/274/44 292/59/44 512/61/44
f 394/174/44 513/323/44 391/322/44
f 243/251/44 291/253/44 513/323/44
f 514/324/43 314/257/43 242/258/43
f 398/325/43 514/324/43 395/176/43
f 515/58/43 313/57/43 241/264/43
f 402/189/43 515/58/43 399/182/43
f 240/268/43 288/56/43 515/58/43
f 406/195/43 516/327/43 403/326/43
f 239/259/43 287/261/43 516/327/43
f 418/328/45 517/641/45 415/329/45
f 422/330/46 518/650/46 419/331/46
f 426/332/190 519/654/190 423/333/190
f 430/334/48 520/646/48 427/335/48
f 523/400/191 524/627/191 614/461/191
f 617/463/90 527/336/90 529/338/90
f 619/465/192 525/643/192 526/466/192
f 624/468/193 536/339/193 538/341/193
f 534/470/194 535/635/194 625/471/194
f 530/473/195 531/647/195 633/474/195
f 539/476/95 540/602/95 641/477/95
f 644/479/136 541/603/136 542/480/136
f 543/482/196 544/604/196 645/483/196
f 545/485/197 546/605/197 647/486/197
f 547/488/99 548/606/99 649/489/99
f 549/491/100 550/607/100 651/492/100
f 551/494/198 552/608/198 653/495/198
f 553/497/102 554/609/102 655/498/102
f 555/500/199 556/610/199 657/501/199
f 660/503/141 557/611/141 558/504/141
f 559/506/105 560/612/105 661/507/105
f 561/509/106 562/613/106 663/510/106
f 563/512/95 564/577/95 665/513/95
f 565/515/200 566/578/200 667/516/200
f 670/518/122 567/579/122 568/519/122
f 672/521/201 569/580/201 570/522/201
f 571/524/99 572/582/99 673/525/99
f 573/527/100 574/583/100 675/528/100
f 575/530/202 576/584/202 677/531/202
f 577/533/102 578/585/102 679/534/102
f 682/536/125 579/586/125 580/537/125
f 581/539/203 582/587/203 683/540/203
f 686/542/134 583/588/134 584/543/134
f 688/545/135 585/589/135 586/546/135
f 691/548/95 587/590/95 588/549/95
f 693/551/204 589/591/204 590/552/204
f 694/361/114 591/592/114 592/554/114
f 698/555/205 593/593/205 594/556/205
f 701/366/99 595/594/99 596/558/99
f 597/559/100 598/595/100 702/560/100
f 599/562/206 600/596/206 704/563/206
f 706/367/102 601/597/102 602/565/102
f 603/566/132 604/598/132 709/567/132
f 712/569/207 605/599/207 606/570/207
f 715/572/208 607/600/208 608/573/208
f 718/374/209 609/601/209 610/575/209
f 611/576/95 613/699/95 564/577/95
f 615/462/210 614/461/210 566/578/210
f 567/579/90 617/463/90 616/464/90
f 569/580/91 619/465/91 618/467/91
f 620/581/99 622/700/99 572/582/99
f 624/468/100 623/469/100 574/583/100
f 626/472/211 625/471/211 576/584/211
f 627/347/102 629/349/102 578/585/102
f 630/350/125 632/352/125 580/537/125
f 634/475/212 633/474/212 582/587/212
f 635/353/213 637/355/213 584/543/213
f 638/356/214 640/358/214 586/546/214
f 642/478/95 641/477/95 588/549/95
f 589/591/215 644/479/215 643/481/215
f 646/484/114 645/483/114 592/554/114
f 593/593/216 648/487/216 647/486/216
f 650/490/99 649/489/99 596/558/99
f 652/493/100 651/492/100 598/595/100
f 599/562/217 654/496/217 653/495/217
f 656/499/102 655/498/102 602/565/102
f 658/502/103 657/501/103 604/598/103
f 605/599/218 660/503/218 659/505/218
f 662/508/105 661/507/105 608/573/105
f 664/511/106 663/510/106 610/575/106
f 666/514/95 665/513/95 540/602/95
f 668/517/219 667/516/219 542/480/219
f 543/482/108 670/518/108 669/520/108
f 672/521/220 671/523/220 546/605/220
f 674/526/99 673/525/99 548/606/99
f 676/529/100 675/528/100 550/607/100
f 551/494/221 678/532/221 677/531/221
f 680/535/102 679/534/102 554/609/102
f 555/500/222 682/536/222 681/538/222
f 684/541/223 683/540/223 558/504/223
f 559/506/105 686/542/105 685/544/105
f 561/509/106 688/545/106 687/547/106
f 522/614/224 693/551/224 692/553/224
f 698/555/225 697/557/225 529/338/225
f 703/561/226 702/560/226 528/337/226
f 537/340/227 705/564/227 704/563/227
f 710/568/117 709/567/117 537/340/117
f 533/616/228 712/569/228 711/571/228
f 718/618/147 717/628/147 719/375/147
f 720/376/148 631/351/148 630/350/148
f 715/572/102 714/697/102 722/378/102
f 723/379/149 612/694/149 611/576/149
f 620/581/102 726/382/102 725/381/102
f 691/548/150 690/696/150 727/383/150
f 728/384/95 730/386/95 701/366/95
f 627/347/150 730/386/150 729/385/150
f 731/387/151 639/695/151 638/620/151
f 733/389/148 732/388/148 694/621/148
f 734/390/95 636/354/95 635/353/95
f 736/392/149 735/391/149 706/367/149
f 739/394/151 741/396/151 740/395/151
f 747/623/152 746/642/152 743/398/152
f 750/404/147 749/403/147 748/402/147
f 753/624/152 752/624/152 742/397/152
f 754/407/147 753/406/147 756/409/147
f 739/394/148 738/351/148 757/410/148
f 760/413/151 745/698/151 744/625/151
f 760/413/148 759/412/148 751/622/148
f 759/412/153 758/411/153 731/387/153
f 743/398/229 640/358/229 639/357/229
f 523/400/230 746/400/230 748/402/230
f 696/363/156 695/362/156 749/403/156
f 740/395/231 742/397/231 533/616/231
f 717/628/232 716/405/232 752/405/232
f 631/351/153 738/351/153 737/393/153
f 719/375/156 755/408/156 757/410/156
f 763/416/95 765/418/95 764/417/95
f 769/422/99 771/424/99 770/423/99
f 775/427/102 777/429/102 776/428/102
f 783/435/159 782/434/159 779/431/159
f 786/438/95 785/437/95 772/425/95
f 789/441/99 788/440/99 778/430/99
f 792/444/102 791/443/102 784/436/102
f 795/447/159 794/446/159 766/419/159
f 796/448/102 795/447/102 798/450/102
f 763/416/149 762/415/149 799/451/149
f 800/452/102 802/454/102 769/422/102
f 787/439/150 786/438/150 802/454/150
f 804/456/95 803/455/95 790/442/95
f 805/457/150 804/456/150 775/427/150
f 808/460/95 781/433/95 780/432/95
f 808/460/149 807/459/149 793/445/149
f 803/455/160 805/457/160 729/385/160
f 773/426/161 629/349/161 628/348/161
f 636/354/233 780/432/233 779/431/233
f 784/436/234 531/647/234 530/473/234
f 764/629/235 766/614/235 522/614/235
f 714/371/236 713/370/236 794/630/236
f 791/443/166 793/445/166 708/369/166
f 734/390/167 736/392/167 807/459/167
f 621/345/168 768/344/168 767/632/168
f 526/466/169 525/643/169 770/633/169
f 799/451/166 723/379/166 722/378/166
f 776/428/237 778/430/237 535/635/237
f 700/365/171 699/364/171 788/440/171
f 801/453/161 800/452/161 725/381/161
f 761/636/167 613/343/167 612/342/167
f 785/637/160 787/360/160 690/360/160
f 521/615/48 613/343/48 761/636/48
f 521/615/48 692/553/48 494/85/48
f 713/370/172 465/278/172 693/638/172
f 522/639/178 766/639/178 794/630/178
f 524/627/48 695/362/48 496/301/48
f 524/627/48 748/402/48 749/403/48
f 640/358/174 523/623/174 615/640/174
f 523/623/238 640/358/238 743/398/238
f 689/359/48 492/299/48 618/467/48
f 526/466/48 772/634/48 785/637/48
f 619/465/49 485/106/49 622/346/49
f 525/643/49 622/346/49 767/632/49
f 703/644/43 527/701/43 617/645/43
f 616/464/176 529/338/176 697/557/176
f 698/555/239 528/337/239 702/560/239
f 474/285/46 633/474/46 531/647/46
f 531/647/46 784/436/46 791/443/46
f 634/475/172 467/148/172 637/648/172
f 530/473/240 637/648/240 779/649/240
f 532/617/46 632/352/46 737/393/46
f 518/650/46 632/352/46 532/617/46
f 712/569/174 533/616/174 716/372/174
f 533/616/175 742/397/175 752/624/175
f 699/651/49 483/292/49 625/471/49
f 535/635/49 778/430/49 788/652/49
f 626/472/46 476/127/46 629/349/46
f 534/470/46 629/349/46 773/426/46
f 624/653/43 452/187/43 710/568/43
f 623/469/241 538/341/241 704/563/241
f 705/564/180 537/340/180 709/567/180
f 309/81/48 491/91/48 641/655/48
f 495/82/48 309/81/48 540/656/48
f 460/166/44 293/165/44 539/476/44
f 293/165/44 458/172/44 666/514/44
f 643/481/48 542/480/48 332/86/48
f 295/245/45 541/659/45 644/658/45
f 442/246/45 668/675/45 541/659/45
f 667/516/48 497/79/48 332/86/48
f 314/257/43 543/661/43 646/660/43
f 544/604/176 669/520/176 431/215/176
f 514/324/43 670/677/43 543/661/43
f 645/483/242 544/604/242 334/217/242
f 648/487/49 488/100/49 328/107/49
f 433/222/48 647/486/48 546/605/48
f 501/307/48 307/221/48 546/605/48
f 545/485/243 328/107/243 484/109/243
f 305/102/49 482/112/49 649/662/49
f 486/103/49 305/102/49 548/663/49
f 547/488/44 316/167/44 459/169/44
f 650/490/44 461/163/44 316/167/44
f 652/665/43 455/181/43 312/188/43
f 550/607/177 675/528/177 434/223/177
f 549/666/43 312/188/43 451/190/43
f 651/492/177 550/607/177 330/225/177
f 654/496/46 479/121/46 324/128/46
f 436/230/244 653/495/244 552/608/244
f 504/311/189 303/229/189 552/608/189
f 678/532/46 551/494/46 324/128/46
f 301/123/46 473/133/46 655/498/46
f 477/124/46 301/123/46 554/609/46
f 680/535/44 553/497/44 318/249/44
f 553/497/44 656/499/44 443/247/44
f 453/184/43 289/183/43 555/500/43
f 289/183/43 450/193/43 682/536/43
f 326/233/245 556/610/245 681/538/245
f 505/312/180 657/501/180 556/610/180
f 660/503/45 470/142/45 320/149/45
f 299/237/46 439/238/46 659/505/46
f 299/237/46 558/504/46 683/540/46
f 557/611/45 320/149/45 466/151/45
f 297/144/45 464/154/45 661/668/45
f 468/145/45 297/144/45 560/669/45
f 291/253/44 559/506/44 662/508/44
f 291/253/44 445/254/44 686/542/44
f 663/510/45 562/613/45 322/241/45
f 287/261/43 561/673/43 664/671/43
f 287/261/43 448/262/43 688/672/43
f 562/613/45 687/547/45 440/239/45
f 341/84/48 495/82/48 665/657/48
f 393/171/44 724/380/44 611/576/44
f 613/343/48 494/85/48 341/84/48
f 458/172/44 393/171/44 563/512/44
f 566/578/48 336/77/48 497/79/48
f 415/329/45 565/676/45 668/675/45
f 517/641/45 615/640/45 565/676/45
f 614/461/48 496/301/48 336/77/48
f 398/325/43 567/678/43 670/677/43
f 568/519/176 616/464/176 520/646/176
f 454/266/43 617/645/43 567/678/43
f 669/520/176 568/519/176 430/334/176
f 343/306/48 501/307/48 671/523/48
f 492/299/48 343/306/48 570/522/48
f 569/580/49 352/104/49 485/106/49
f 672/521/49 484/109/49 352/104/49
f 353/105/49 486/103/49 673/664/49
f 485/106/49 353/105/49 572/679/49
f 620/581/44 571/524/44 388/272/44
f 674/526/44 459/169/44 388/272/44
f 676/667/43 451/190/43 400/185/43
f 574/583/177 623/469/177 519/654/177
f 573/680/43 400/185/43 452/187/43
f 675/528/177 574/583/177 426/332/177
f 355/310/49 504/311/49 677/531/49
f 483/292/49 355/310/49 576/584/49
f 575/530/46 364/125/46 476/127/46
f 678/532/46 475/130/46 364/125/46
f 577/533/44 680/535/44 511/320/44
f 365/126/46 477/124/46 679/534/46
f 476/127/46 365/126/46 578/585/46
f 627/347/44 577/533/44 386/321/44
f 450/193/43 405/192/43 579/586/43
f 405/192/43 721/377/43 630/350/43
f 422/330/46 580/537/46 632/352/46
f 437/231/46 681/538/46 580/537/46
f 507/315/46 683/540/46 582/587/46
f 367/314/46 582/587/46 633/474/46
f 581/539/45 376/146/45 467/148/45
f 684/541/45 466/151/45 376/146/45
f 377/147/45 468/145/45 685/670/45
f 411/682/44 735/391/44 635/353/44
f 467/148/45 377/147/45 584/681/45
f 445/254/44 411/682/44 583/588/44
f 687/547/45 586/546/45 418/328/45
f 448/262/43 407/684/43 585/683/43
f 407/684/43 732/388/43 638/620/43
f 586/546/246 640/358/246 517/641/246
f 588/685/48 345/90/48 492/299/48
f 389/273/44 460/166/44 642/478/44
f 491/91/48 345/90/48 588/685/48
f 691/548/44 726/382/44 389/273/44
f 692/553/48 590/552/48 340/83/48
f 379/318/45 589/686/45 693/638/45
f 510/319/45 644/658/45 589/686/45
f 590/552/48 643/481/48 493/88/48
f 410/687/43 591/688/43 694/621/43
f 592/554/48 645/483/48 499/304/48
f 695/362/48 592/554/48 338/305/48
f 446/255/43 646/660/43 591/688/43
f 427/335/48 520/646/48 697/557/48
f 433/222/48 427/335/48 594/556/48
f 648/487/247 593/593/247 348/98/247
f 593/593/248 698/555/248 487/294/248
f 596/689/49 357/111/49 483/292/49
f 482/112/49 357/111/49 596/689/49
f 595/594/44 384/161/44 461/163/44
f 701/366/44 730/386/44 384/161/44
f 703/644/43 454/266/43 396/179/43
f 598/595/177 651/492/177 502/308/177
f 702/560/177 598/595/177 350/309/177
f 597/690/43 396/179/43 455/181/43
f 423/333/190 519/654/190 704/563/190
f 436/230/49 423/333/49 600/596/49
f 654/496/46 599/562/46 360/119/46
f 705/564/46 478/287/46 360/119/46
f 414/691/44 601/597/44 706/367/44
f 369/132/46 474/285/46 707/368/46
f 473/133/46 369/132/46 602/565/46
f 656/499/44 601/597/44 414/691/44
f 452/187/43 401/186/43 603/566/43
f 401/186/43 453/184/43 658/502/43
f 362/313/180 604/598/180 657/501/180
f 478/287/180 709/567/180 604/598/180
f 419/331/46 518/650/46 711/571/46
f 439/238/46 419/331/46 606/570/46
f 605/599/45 372/140/45 470/142/45
f 712/569/45 469/280/45 372/140/45
f 608/692/45 381/153/45 465/278/45
f 513/323/44 662/508/44 607/600/44
f 464/154/45 381/153/45 608/692/45
f 391/322/44 607/600/44 715/572/44
f 403/326/43 609/693/43 718/618/43
f 516/327/43 664/671/43 609/693/43
f 610/575/45 663/510/45 508/316/45
f 469/280/249 716/372/249 610/575/249
f 723/379/187 799/451/187 762/415/187
f 725/381/46 800/452/46 768/421/46
f 729/385/45 805/457/45 774/348/45
f 720/376/188 757/410/188 738/351/188
f 636/354/48 734/390/48 806/458/48
f 639/695/46 731/387/46 758/411/46
f 690/696/45 787/439/45 801/453/45
f 696/622/188 751/622/188 759/412/188
f 700/365/48 790/442/48 803/455/48
f 708/369/187 793/445/187 807/459/187
f 714/697/46 796/448/46 797/449/46
f 717/628/48 754/407/48 755/408/48
f 280/263/43 403/326/43 721/377/43
f 277/269/44 391/322/44 724/380/44
f 726/382/44 388/272/44 276/271/44
f 730/386/44 386/321/44 275/275/44
f 281/256/43 410/687/43 732/388/43
f 282/248/44 414/691/44 735/391/44
f 756/409/43 753/406/43 741/396/43
f 750/626/43 747/702/43 745/698/43
f 798/450/44 795/447/44 765/418/44
f 769/422/44 802/454/44 786/438/44
f 777/429/44 775/427/44 804/456/44
f 792/444/44 783/435/44 781/433/44
o Cube.004
v 0.000000 1.830402 3.323663
v 0.000000 1.720447 3.323663
v 0.000000 1.775425 4.323664
v 1.000000 1.775425 3.323663
v 0.000000 1.775425 2.304364
v -1.000000 1.775425 3.323663
v 0.000000 1.830402 3.823663
v 0.000000 1.830402 2.823663
v 0.500000 1.830402 3.323663
v -0.500000 1.830402 3.323663
v 0.000000 1.720447 3.823663
v 0.000000 1.720447 2.823663
v -0.500000 1.720447 3.323663
v 0.500000 1.720447 3.323663
v -0.500000 1.775425 4.323664
v 0.500000 1.775425 4.323664
v 0.000000 1.747936 4.323664
v 0.000000 1.802913 4.323664
v 1.000000 1.775425 3.823663
v 1.000000 1.775425 2.823663
v 1.000000 1.747936 3.323663
v 1.000000 1.802913 3.323663
v 0.500000 1.775425 2.304364
v -0.500000 1.775425 2.304364
v 0.000000 1.747936 2.323663
v 0.000000 1.802913 2.304364
v -1.000000 1.775425 2.823663
v -1.000000 1.775425 3.823663
v -1.000000 1.747936 3.323663
v -1.000000 1.802913 3.323663
v -1.000000 1.802913 3.823663
v -1.000000 1.747936 3.823663
v -1.000000 1.747936 2.823663
v -0.500000 1.802913 2.304364
v -0.500000 1.747936 2.323663
v 0.500000 1.747936 2.323663
v 1.000000 1.802913 2.823663
v 1.000000 1.747936 2.823663
v 1.000000 1.747936 3.823663
v 0.500000 1.802913 4.323664
v 0.500000 1.747936 4.323664
v -0.500000 1.747936 4.323664
v 0.500000 1.720447 2.823663
v -0.500000 1.720447 2.823663
v -0.500000 1.720447 3.823663
v -0.500000 1.830402 2.823663
v 0.500000 1.830402 2.823663
v 0.500000 1.830402 3.823663
v -0.500000 1.830402 3.823663
v 0.500000 1.720447 3.823663
v -0.500000 1.802913 4.323664
v 1.000000 1.802913 3.823663
v 0.500000 1.802913 2.304364
v -1.000000 1.802913 2.823663
v 0.000000 1.830402 4.073664
v 0.000000 1.830402 3.073663
v 0.750000 1.830402 3.323663
v -0.250000 1.830402 3.323663
v 0.000000 1.720447 4.073664
v 0.000000 1.720447 3.073663
v -0.750000 1.720447 3.323663
v 0.250000 1.720447 3.323663
v -0.750000 1.775425 4.323664
v 0.250000 1.775425 4.323664
v 0.000000 1.734192 4.323664
v 0.000000 1.789169 4.323664
v 1.000000 1.775425 4.073664
v 1.000000 1.775425 3.073663
v 1.000000 1.734192 3.323663
v 1.000000 1.789169 3.323663
v 0.750000 1.775425 2.304364
v -0.250000 1.775425 2.304364
v 0.000000 1.734192 2.323663
v 0.000000 1.789169 2.304364
v -1.000000 1.775425 2.573663
v -1.000000 1.775425 3.573663
v -1.000000 1.734192 3.323663
v -1.000000 1.789169 3.323663
v 0.000000 1.830402 3.573663
v 0.000000 1.830402 2.573663
v 0.250000 1.830402 3.323663
v -0.750000 1.830402 3.323663
v 0.000000 1.720447 3.573663
v 0.000000 1.720447 2.573663
v -0.250000 1.720447 3.323663
v 0.750000 1.720447 3.323663
v -0.250000 1.775425 4.323664
v 0.750000 1.775425 4.323664
v 0.000000 1.761680 4.323664
v 0.000000 1.816658 4.323664
v 1.000000 1.775425 3.573663
v 1.000000 1.775425 2.573663
v 1.000000 1.761680 3.323663
v 1.000000 1.816658 3.323663
v 0.250000 1.775425 2.304364
v -0.750000 1.775425 2.304364
v 0.000000 1.761680 2.323663
v 0.000000 1.816658 2.323663
v -1.000000 1.775425 3.073663
v -1.000000 1.775425 4.073664
v -1.000000 1.761680 3.323663
v -1.000000 1.816658 3.323663
v -1.000000 1.802913 3.573663
v -1.000000 1.802913 4.073664
v -1.000000 1.789169 3.823663
v -1.000000 1.816658 3.823663
v -1.000000 1.747936 3.573663
v -1.000000 1.747936 4.073664
v -1.000000 1.734192 3.823663
v -1.000000 1.761680 3.823663
v -1.000000 1.747936 2.573663
v -1.000000 1.747936 3.073663
v -1.000000 1.734192 2.823663
v -1.000000 1.761680 2.823663
v -0.250000 1.802913 2.304364
v -0.750000 1.802913 2.304364
v -0.500000 1.789169 2.304364
v -0.500000 1.816658 2.323663
v -0.250000 1.747936 2.323663
v -0.750000 1.747936 2.323663
v -0.500000 1.734192 2.323663
v -0.500000 1.761680 2.323663
v 0.750000 1.747936 2.323663
v 0.250000 1.747936 2.323663
v 0.500000 1.734192 2.323663
v 0.500000 1.761680 2.323663
v 1.000000 1.802913 3.073663
v 1.000000 1.802913 2.573663
v 1.000000 1.789169 2.823663
v 1.000000 1.816658 2.823663
v 1.000000 1.747936 3.073663
v 1.000000 1.747936 2.573663
v 1.000000 1.734192 2.823663
v 1.000000 1.761680 2.823663
v 1.000000 1.747936 4.073664
v 1.000000 1.747936 3.573663
v 1.000000 1.734192 3.823663
v 1.000000 1.761680 3.823663
v 0.250000 1.802913 4.323664
v 0.750000 1.802913 4.323664
v 0.500000 1.789169 4.323664
v 0.500000 1.816658 4.323664
v 0.250000 1.747936 4.323664
v 0.750000 1.747936 4.323664
v 0.500000 1.734192 4.323664
v 0.500000 1.761680 4.323664
v -0.750000 1.747936 4.323664
v -0.250000 1.747936 4.323664
v -0.500000 1.734192 4.323664
v -0.500000 1.761680 4.323664
v 0.500000 1.720447 3.073663
v 0.500000 1.720447 2.573663
v 0.250000 1.720447 2.823663
v 0.750000 1.720447 2.823663
v -0.500000 1.720447 3.073663
v -0.500000 1.720447 2.573663
v -0.750000 1.720447 2.823663
v -0.250000 1.720447 2.823663
v -0.500000 1.720447 4.073664
v -0.500000 1.720447 3.573663
v -0.750000 1.720447 3.823663
v -0.250000 1.720447 3.823663
v -0.500000 1.830402 3.073663
v -0.500000 1.830402 2.573663
v -0.250000 1.830402 2.823663
v -0.750000 1.830402 2.823663
v 0.500000 1.830402 3.073663
v 0.500000 1.830402 2.573663
v 0.750000 1.830402 2.823663
v 0.250000 1.830402 2.823663
v 0.500000 1.830402 4.073664
v 0.500000 1.830402 3.573663
v 0.750000 1.830402 3.823663
v 0.250000 1.830402 3.823663
v -0.500000 1.830402 4.073664
v -0.500000 1.830402 3.573663
v -0.250000 1.830402 3.823663
v -0.750000 1.830402 3.823663
v 0.500000 1.720447 4.073664
v 0.500000 1.720447 3.573663
v 0.250000 1.720447 3.823663
v 0.750000 1.720447 3.823663
v -0.750000 1.802913 4.323664
v -0.250000 1.802913 4.323664
v -0.500000 1.789169 4.323664
v -0.500000 1.816658 4.323664
v 1.000000 1.802913 4.073664
v 1.000000 1.802913 3.573663
v 1.000000 1.789169 3.823663
v 1.000000 1.816658 3.823663
v 0.750000 1.802913 2.304364
v 0.250000 1.802913 2.304364
v 0.500000 1.789169 2.304364
v 0.500000 1.816658 2.323663
v -1.000000 1.802913 2.573663
v -1.000000 1.802913 3.073663
v -1.000000 1.789169 2.823663
v -1.000000 1.816658 2.823663
v -1.000000 1.816658 3.073663
v -1.000000 1.789169 3.073663
v -1.000000 1.789169 2.573663
v 0.250000 1.816658 2.323663
v 0.250000 1.789169 2.304364
v 0.750000 1.789169 2.304364
v 1.000000 1.816658 3.573663
v 1.000000 1.789169 3.573663
v 1.000000 1.789169 4.073664
v -0.250000 1.816658 4.323664
v -0.250000 1.789169 4.323664
v -0.750000 1.789169 4.323664
v 0.750000 1.720447 3.573663
v 0.250000 1.720447 3.573663
v 0.250000 1.720447 4.073664
v -0.750000 1.830402 3.573663
v -0.250000 1.830402 3.573663
v -0.250000 1.830402 4.073664
v 0.250000 1.830402 3.573663
v 0.750000 1.830402 3.573663
v 0.250000 1.830402 2.573663
v 0.750000 1.830402 2.573663
v 0.750000 1.830402 3.073663
v -0.750000 1.830402 2.573663
v -0.250000 1.830402 2.573663
v -0.250000 1.830402 3.073663
v -0.250000 1.720447 3.573663
v -0.750000 1.720447 3.573663
v -0.250000 1.720447 2.573663
v -0.750000 1.720447 3.073663
v 0.250000 1.720447 2.573663
v 0.250000 1.720447 3.073663
v -0.250000 1.761680 4.323664
v -0.250000 1.734192 4.323664
v -0.750000 1.734192 4.323664
v 0.750000 1.761680 4.323664
v 0.750000 1.734192 4.323664
v 0.250000 1.734192 4.323664
v 0.750000 1.816658 4.323664
v 0.750000 1.789169 4.323664
v 0.250000 1.789169 4.323664
v 1.000000 1.761680 3.573663
v 1.000000 1.734192 3.573663
v 1.000000 1.734192 4.073664
v 1.000000 1.761680 2.573663
v 1.000000 1.734192 2.573663
v 1.000000 1.734192 3.073663
v 1.000000 1.816658 2.573663
v 1.000000 1.789169 2.573663
v 1.000000 1.789169 3.073663
v 0.250000 1.761680 2.323663
v 0.250000 1.734192 2.323663
v 0.750000 1.734192 2.323663
v -0.750000 1.761680 2.323663
v -0.750000 1.734192 2.323663
v -0.250000 1.734192 2.323663
v -0.750000 1.816658 2.323663
v -0.750000 1.789169 2.304364
v -0.250000 1.789169 2.304364
v -1.000000 1.761680 3.073663
v -1.000000 1.734192 3.073663
v -1.000000 1.734192 2.573663
v -1.000000 1.761680 4.073664
v -1.000000 1.734192 4.073664
v -1.000000 1.734192 3.573663
v -1.000000 1.816658 4.073664
v -1.000000 1.789169 4.073664
v -1.000000 1.789169 3.573663
v -1.000000 1.816658 3.573663
v -1.000000 1.761680 3.573663
v -1.000000 1.761680 2.573663
v -0.250000 1.816658 2.323663
v -0.250000 1.761680 2.323663
v 0.750000 1.761680 2.323663
v 1.000000 1.816658 3.073663
v 1.000000 1.761680 3.073663
v 1.000000 1.761680 4.073664
v 0.250000 1.816658 4.323664
v 0.250000 1.761680 4.323664
v -0.750000 1.761680 4.323664
v 0.750000 1.720447 3.073663
v -0.250000 1.720447 3.073663
v -0.250000 1.720447 4.073664
v -0.750000 1.830402 3.073663
v 0.250000 1.830402 3.073663
v 0.250000 1.830402 4.073664
v -0.750000 1.816658 4.323664
v 1.000000 1.816658 4.073664
v 0.750000 1.816658 2.323663
v -1.000000 1.816658 2.573663
v -1.000000 1.720447 4.205655
v -0.980000 1.720447 4.225958
v -0.980000 1.830402 4.232361
v -1.000000 1.830402 4.212080
v -0.979977 1.720447 2.323663
v -1.000000 1.720447 2.343695
v -1.037903 1.830402 2.284306
v -1.033470 1.829332 2.268946
v -1.053589 1.829329 2.288856
v 0.980000 1.720447 4.225958
v 1.000000 1.720447 4.205655
v 1.000000 1.830402 4.212080
v 0.980000 1.830402 4.232361
v 1.000000 1.720447 2.343705
v 0.979990 1.720447 2.323663
v 1.017178 1.830402 2.284323
v 1.034369 1.829314 2.288941
v 1.014361 1.829332 2.268962
v -0.980000 1.720447 3.323663
v -1.000000 1.721547 3.323663
v -0.980000 1.775425 4.323664
v -1.000000 1.775425 4.303464
v -1.037742 1.830402 3.268000
v -1.053581 1.829327 3.268721
v -0.980011 1.775425 2.322120
v -1.000000 1.775425 2.343730
v 0.000000 1.720447 2.343663
v 0.000000 1.721547 2.323663
v 0.000000 1.830402 2.287864
v 0.000000 1.829329 2.272220
v 1.000000 1.775425 2.324448
v 0.979980 1.775425 2.304364
v 0.980000 1.720447 3.323663
v 1.000000 1.721547 3.323663
v 1.017073 1.830402 3.268258
v 1.034367 1.829313 3.268781
v 0.980000 1.775425 4.323664
v 1.000000 1.775425 4.303464
v 0.000000 1.720447 4.303261
v 0.000000 1.721547 4.323664
v 0.000000 1.830402 4.303306
v 0.000000 1.829303 4.323664
v -0.980000 1.720447 3.823663
v -1.000000 1.721547 3.823663
v -0.980000 1.802913 4.323664
v -1.000000 1.802913 4.303438
v -1.037866 1.830402 2.767976
v -1.053587 1.829328 2.768714
v -0.979969 1.747936 2.323663
v -1.000000 1.747936 2.343706
v -0.500000 1.720447 2.343663
v -0.500000 1.721547 2.323663
v 0.500000 1.830402 2.287864
v 0.500000 1.829329 2.272220
v 1.000000 1.747936 2.343718
v 0.979987 1.747936 2.323663
v 0.980000 1.720447 2.823663
v 1.000000 1.721547 2.823663
v 0.980186 1.830402 3.823663
v 1.000000 1.829304 3.823663
v 0.980000 1.747936 4.323664
v 1.000000 1.747936 4.303426
v 0.500000 1.720447 4.303195
v 0.500000 1.721547 4.323664
v -0.500000 1.830402 4.303247
v -0.500000 1.829303 4.323664
v -0.980000 1.720447 2.823663
v -1.000000 1.721547 2.823663
v -0.980000 1.747936 4.323664
v -1.000000 1.747936 4.303426
v -0.980254 1.830402 3.823663
v -1.000000 1.829307 3.823663
v -0.979978 1.802913 2.322118
v -1.000000 1.802913 2.343767
v 0.500000 1.720447 2.343663
v 0.500000 1.721547 2.323663
v -0.500000 1.830402 2.287864
v -0.500000 1.829329 2.272220
v 1.000000 1.802913 2.324487
v 0.979966 1.802913 2.304364
v 0.980000 1.720447 3.823663
v 1.000000 1.721547 3.823663
v 1.017153 1.830402 2.768241
v 1.034369 1.829313 2.768778
v 0.980000 1.802913 4.323664
v 1.000000 1.802913 4.303438
v -0.500000 1.720447 4.303195
v -0.500000 1.721547 4.323664
v 0.500000 1.830402 4.303247
v 0.500000 1.829303 4.323664
v -0.980000 1.720447 3.978616
v -0.980000 1.719348 3.998666
v -1.000000 1.721547 4.018565
v -1.000000 1.816658 4.303399
v -0.980000 1.816658 4.323664
v -1.053588 1.829328 2.518713
v -1.037894 1.830402 2.517971
v -1.000000 1.734192 2.343699
v -0.979974 1.734192 2.323663
v -0.730000 1.720447 2.343663
v -0.750000 1.719348 2.343663
v -0.770000 1.721547 2.323663
v 0.750000 1.829329 2.272220
v 0.750000 1.830402 2.287864
v 0.979989 1.734192 2.323663
v 1.000000 1.734192 2.343709
v 0.980000 1.720447 2.593663
v 0.980000 1.719348 2.573663
v 1.000000 1.721547 2.553663
v 0.980179 1.830402 3.982458
v 0.980000 1.831502 4.002496
v 1.000000 1.829304 4.022420
v 1.000000 1.734192 4.303379
v 0.980000 1.734192 4.323664
v 0.730000 1.720447 4.213267
v 0.750000 1.719348 4.206024
v 0.769931 1.721339 4.232298
v -0.730000 1.830402 4.219215
v -0.750000 1.831502 4.212409
v -0.769944 1.829488 4.238433
v -1.000000 1.721547 3.073663
v -0.980000 1.720447 3.073663
v -1.000000 1.761680 4.303453
v -0.980000 1.761680 4.323664
v -1.000000 1.829308 3.573663
v -0.980284 1.830402 3.573663
v -1.000000 1.789169 2.324448
v -0.979938 1.789169 2.304364
v 0.250000 1.721547 2.323663
v 0.250000 1.720447 2.343663
v -0.250000 1.829329 2.272220
v -0.250000 1.830402 2.287864
v 0.980033 1.789169 2.322122
v 1.000000 1.789169 2.343765
v 1.000000 1.721547 3.573663
v 0.980000 1.720447 3.573663
v 1.034368 1.829313 3.018779
v 1.017121 1.830402 3.018248
v 1.000000 1.789169 4.303460
v 0.980000 1.789169 4.323664
v -0.250000 1.721547 4.323664
v -0.250000 1.720447 4.303245
v 0.250000 1.829303 4.323664
v 0.250000 1.830402 4.303292
v -1.000000 1.721547 3.573663
v -0.980000 1.720447 3.573663
v -1.000000 1.789169 4.303460
v -0.980000 1.789169 4.323664
v -1.053584 1.829327 3.018717
v -1.037816 1.830402 3.017986
v -1.000000 1.761680 2.343716
v -0.979962 1.761680 2.323663
v -0.250000 1.721547 2.323663
v -0.250000 1.720447 2.343663
v 0.250000 1.829329 2.272220
v 0.250000 1.830402 2.287864
v 0.979984 1.761680 2.323663
v 1.000000 1.761680 2.343731
v 1.000000 1.721547 3.073663
v 0.980000 1.720447 3.073663
v 1.000000 1.829305 3.573663
v 0.980209 1.830402 3.573663
v 1.000000 1.761680 4.303453
v 0.980000 1.761680 4.323664
v 0.250000 1.721547 4.323664
v 0.250000 1.720447 4.303245
v -0.250000 1.829303 4.323664
v -0.250000 1.830402 4.303292
v -1.000000 1.721547 2.553663
v -0.980000 1.719348 2.573663
v -0.980000 1.720447 2.593663
v -1.000000 1.734192 4.303379
v -0.980000 1.734192 4.323664
v -0.980245 1.830402 3.982458
v -1.000000 1.829307 4.022420
v -0.980000 1.831502 4.002496
v -1.000000 1.816658 2.343791
v -0.979893 1.816658 2.323663
v 0.770000 1.721547 2.323663
v 0.750000 1.719348 2.343663
v 0.730000 1.720447 2.343663
v -0.750000 1.829329 2.272220
v -0.750000 1.830402 2.287864
v 0.979955 1.816658 2.323663
v 1.000000 1.816658 2.343812
v 0.980000 1.720447 3.978616
v 1.000000 1.721547 4.018565
v 0.980000 1.719348 3.998666
v 1.034369 1.829314 2.518777
v 1.017172 1.830402 2.518237
v 1.000000 1.816658 4.303399
v 0.980000 1.816658 4.323664
v -0.769931 1.721339 4.232298
v -0.750000 1.719348 4.206024
v -0.730000 1.720447 4.213267
v 0.769944 1.829488 4.238433
v 0.750000 1.831502 4.212409
v 0.730000 1.830402 4.219215
v 0.750000 1.831502 4.022496
v 0.770000 1.831502 4.002496
v 0.730000 1.830402 3.982458
v -0.750000 1.719348 4.018666
v -0.770000 1.719348 3.998666
v -0.730000 1.720447 3.978616
v -0.750000 1.719348 2.553663
v -0.730000 1.720447 2.593663
v -0.770000 1.719348 2.573663
v 0.750000 1.719348 2.553663
v 0.770000 1.719348 2.573663
v 0.730000 1.720447 2.593663
v -0.750000 1.831502 4.022496
v -0.730000 1.830402 3.982458
v -0.770000 1.831502 4.002496
v 0.750000 1.719348 4.018666
v 0.730000 1.720447 3.978616
v 0.770000 1.719348 3.998666
v 1.000000 3.897666 4.093626
v 0.980000 3.897666 4.073626
v 0.980000 3.898765 4.093663
v 1.000000 3.897666 4.303346
v 0.980000 3.898765 4.303663
v 0.980000 3.897666 4.323615
v -0.770000 3.897666 4.323615
v -0.750000 3.897666 4.303615
v -0.770000 3.898765 4.303663
v -0.980000 3.897666 4.323615
v -0.980000 3.898765 4.303663
v -1.000000 3.897666 4.303346
v -1.000000 3.897666 4.093626
v -0.980000 3.898765 4.093663
v -0.980000 3.897666 4.073626
v 0.770000 3.897666 4.323615
v 0.770000 3.898765 4.303663
v 0.750000 3.897666 4.303615
v 0.750000 3.897666 4.093626
v 0.770000 3.898765 4.093663
v 0.770000 3.897666 4.073626
v -0.750000 3.897666 4.093626
v -0.770000 3.897666 4.073626
v -0.770000 3.898765 4.093663
v -1.000000 0.087254 4.093613
v -0.980000 0.087254 4.073613
v -0.980000 0.086155 4.093663
v -1.000000 0.087254 4.303306
v -0.980000 0.086155 4.303663
v -0.980000 0.087254 4.323598
v -0.770000 0.087254 2.323663
v -0.750000 0.087254 2.343663
v -0.770000 0.086155 2.343663
v -0.979978 0.087254 2.323663
v -0.980000 0.086155 2.343663
v -1.000000 0.087254 2.343694
v 1.000000 0.087254 2.553663
v 0.980000 0.087254 2.573663
v 0.980000 0.086155 2.553663
v 1.000000 0.087254 2.343703
v 0.980000 0.086155 2.343663
v 0.979991 0.087254 2.323663
v 0.770000 0.087254 4.323598
v 0.750000 0.087254 4.303597
v 0.770000 0.086155 4.303663
v 0.980000 0.087254 4.323598
v 0.980000 0.086155 4.303663
v 1.000000 0.087254 4.303306
v -1.000000 0.087254 2.553663
v -0.980000 0.086155 2.553663
v -0.980000 0.087254 2.573663
v 0.770000 0.087254 2.323663
v 0.770000 0.086155 2.343663
v 0.750000 0.087254 2.343663
v 1.000000 0.087254 4.093613
v 0.980000 0.086155 4.093663
v 0.980000 0.087254 4.073613
v -0.770000 0.087254 4.323598
v -0.770000 0.086155 4.303663
v -0.750000 0.087254 4.303597
v -0.750000 0.087254 4.093613
v -0.770000 0.086155 4.093663
v -0.770000 0.087254 4.073613
v -0.750000 0.087254 2.553663
v -0.770000 0.087254 2.573663
v -0.770000 0.086155 2.553663
v 0.750000 0.087254 2.553663
v 0.770000 0.086155 2.553663
v 0.770000 0.087254 2.573663
v 0.750000 0.087254 4.093613
v 0.770000 0.087254 4.073613
v 0.770000 0.086155 4.093663
vn -0.0000 1.0000 -0.0000
vn -0.0000 -1.0000 -0.0000
vn -0.0000 -0.0000 1.0000
vn 1.0000 -0.0000 -0.0000
vn -0.0000 -0.8146 -0.5801
vn -1.0000 -0.0000 -0.0000
vn -0.0000 -0.0000 -1.0000
vn -0.0000 0.8145 -0.5801
vn -0.0959 0.9907 -0.0967
vn 0.0857 0.9927 -0.0849
vn -0.1621 -0.9853 -0.0540
vn 0.0542 -0.9852 -0.1625
vn 0.1625 -0.9852 0.0542
vn 0.1607 0.9856 -0.0526
vn -0.0215 -0.9955 0.0918
vn 0.0226 0.9953 0.0943
vn -0.1625 -0.9852 0.0542
vn -0.1601 0.9857 -0.0521
vn -0.0542 -0.9852 -0.1625
vn 0.1621 -0.9853 -0.0540
vn 0.0215 -0.9955 0.0918
vn -0.0226 0.9953 0.0943
vn -0.0183 0.9997 -0.0183
vn 0.0183 -0.9997 -0.0183
vn 0.0183 -0.9997 0.0183
vn -0.0183 -0.9997 0.0183
vn 0.0183 0.9997 -0.0183
vn -0.0183 -0.9997 -0.0183
vn 0.0547 0.9970 -0.0547
vn 0.0557 0.9969 0.0549
vn 0.0549 0.9970 0.0549
vn -0.0557 0.9969 0.0549
vn -0.0547 0.9970 -0.0547
vn -0.0549 0.9970 0.0549
vn -0.0547 -0.9970 -0.0547
vn -0.0558 -0.9969 0.0550
vn 0.0548 -0.9970 -0.0548
vn -0.0549 -0.9970 -0.0549
vn 0.0548 -0.9970 0.0548
vn 0.0549 -0.9970 -0.0548
vn -0.0550 -0.9970 0.0550
vn 0.0558 -0.9969 0.0550
vn -0.0548 -0.9970 0.0548
vn -0.0548 -0.9970 -0.0548
vn 0.0547 -0.9970 -0.0547
vn 0.0550 -0.9970 0.0550
vn -0.1491 0.9778 0.1472
vn -0.0683 0.9977 -0.0000
vn -0.7073 0.0002 -0.7069
vn -0.0009 0.9977 -0.0684
vn 0.7077 0.0002 -0.7065
vn 0.1399 -0.9805 0.1379
vn -0.0549 -0.9985 -0.0000
vn -0.7108 -0.0006 0.7034
vn -0.0554 0.9984 0.0104
vn -0.5235 -0.6727 -0.5229
vn -0.0000 -0.9985 -0.0549
vn -0.0000 0.9977 -0.0684
vn 0.5321 0.6899 -0.4909
vn 0.0549 -0.9985 -0.0000
vn 0.0630 0.9980 -0.0000
vn 0.7107 0.0003 0.7035
vn -0.0000 -0.9986 0.0538
vn -0.0000 0.9985 0.0539
vn -0.7107 -0.0000 0.7035
vn -0.0680 0.9977 -0.0000
vn -0.7074 0.0005 -0.7068
vn 0.7080 0.0007 -0.7062
vn 0.0554 0.9985 -0.0000
vn 0.7108 -0.0000 0.7034
vn -0.7121 -0.0024 0.7021
vn -0.0554 0.9985 -0.0000
vn -0.7075 0.0013 -0.7067
vn 0.5034 0.7041 -0.5008
vn 0.0632 0.9980 -0.0000
vn 0.7117 0.0020 0.7024
vn -0.0088 -0.9996 0.0283
vn 0.0086 0.9995 0.0296
vn -0.7111 -0.0000 0.7031
vn -0.0682 0.9977 -0.0000
vn -0.7073 0.0003 -0.7069
vn 0.7078 0.0004 -0.7064
vn 0.0553 0.9985 -0.0000
vn 0.7113 -0.0000 0.7029
vn 0.0210 -0.9983 0.0536
vn -0.0196 0.9984 0.0538
vn -0.7113 -0.0014 0.7029
vn -0.5311 0.6904 -0.4912
vn 0.5246 -0.6723 -0.5223
vn 0.0631 0.9980 -0.0000
vn 0.7111 0.0011 0.7031
vn -0.0000 -0.9986 0.0536
vn -0.0000 0.9986 0.0538
vn -0.7106 -0.0000 0.7036
vn -0.0678 0.9977 -0.0000
vn -0.7318 -0.0786 -0.6769
vn 0.5030 -0.7039 -0.5014
vn 0.0627 0.9980 0.0071
vn 0.7106 -0.0000 0.7036
vn -0.1400 -0.9805 0.1379
vn -0.1148 -0.9866 -0.1161
vn 0.0009 0.9976 -0.0693
vn 0.1388 -0.9804 -0.1399
vn 0.1492 0.9778 0.1472
vn -0.0549 0.9985 -0.0000
vn -0.0000 0.9985 -0.0548
vn -0.0000 -0.9985 -0.0548
vn -0.0000 -0.9985 0.0549
vn 0.0549 0.9985 -0.0000
vn -0.0000 0.9985 0.0550
vn 0.7069 0.0243 -0.7069
vn 0.7068 -0.0312 0.7068
vn -0.7117 -0.0310 0.7018
vn -0.7069 0.0243 -0.7069
vn 0.7117 -0.0310 0.7018
vn -0.7068 -0.0312 0.7068
vn -0.0000 -0.9985 0.0551
vn -0.7071 -0.0000 0.7071
vn 0.7071 -0.0000 0.7071
vn -0.7975 0.0336 0.6024
vn 0.7116 0.0419 0.7013
vn -0.7118 0.0419 0.7011
vn 0.7065 0.0422 0.7065
vn 0.7067 -0.0325 -0.7067
vn -0.7067 -0.0325 -0.7067
vn 0.7071 -0.0000 -0.7071
vn -0.7073 -0.0000 -0.7070
vn 0.7077 -0.0000 -0.7066
vn -0.7071 -0.0000 -0.7071
vn -0.0000 -0.9903 0.1393
vn -0.0304 0.0558 0.9980
vn -0.0000 0.9889 0.1489
vn -0.0000 -0.0441 0.9990
vn -0.2301 -0.9732 -0.0000
vn -0.0000 -0.9710 -0.2392
vn -0.0000 0.0597 0.9982
vn 0.0291 -0.0411 0.9987
vn 0.3455 -0.9384 -0.0000
vn -0.0472 -0.7898 -0.6115
vn -0.0000 -0.1116 -0.9938
vn 0.0499 -0.9875 0.1498
vn -0.0447 0.8137 -0.5795
vn 0.0472 -0.7898 -0.6115
vn -0.0499 -0.9875 0.1498
vn -0.0000 -0.0459 -0.9989
vn -0.0000 0.0344 -0.9994
vn -0.0000 -0.8145 -0.5801
vn -0.0000 0.8146 -0.5801
vn -0.1492 0.9778 0.1472
vn -0.7073 0.0001 -0.7070
vn -0.0009 0.9976 -0.0693
vn 0.7077 0.0001 -0.7066
vn 0.1400 -0.9805 0.1379
vn -0.0672 0.9977 0.0119
vn -0.5315 -0.6898 -0.4917
vn 0.5240 0.6728 -0.5223
vn 0.0629 0.9980 -0.0000
vn -0.7111 0.0011 0.7031
vn -0.7073 0.0004 -0.7069
vn 0.7078 0.0002 -0.7064
vn 0.7113 -0.0014 0.7029
vn -0.7113 -0.0000 0.7029
vn -0.7318 0.0806 -0.6768
vn 0.5033 0.7040 -0.5011
vn 0.7111 -0.0000 0.7031
vn -0.0210 -0.9983 0.0536
vn 0.0196 0.9984 0.0538
vn -0.7117 0.0020 0.7024
vn 0.7077 0.0001 -0.7065
vn 0.7121 -0.0024 0.7021
vn 0.0088 -0.9996 0.0283
vn -0.0086 0.9995 0.0296
vn -0.7108 -0.0000 0.7034
vn -0.5231 0.6734 -0.5225
vn 0.5326 -0.6892 -0.4913
vn 0.7107 -0.0000 0.7035
vn -0.7107 0.0003 0.7035
vn -0.7074 0.0007 -0.7068
vn 0.5029 -0.7038 -0.5017
vn 0.0554 0.9984 0.0067
vn 0.7108 -0.0006 0.7034
vn -0.1399 -0.9805 0.1379
vn -0.1153 -0.9866 -0.1151
vn 0.0008 0.9977 -0.0684
vn 0.1395 -0.9805 -0.1388
vn 0.1491 0.9778 0.1472
vn 0.7944 -0.0250 0.6069
vn -0.7115 -0.0310 0.7020
vn 0.7115 -0.0310 0.7020
vn -0.7944 -0.0250 0.6069
vn -0.7065 0.0422 0.7065
vn 0.7118 0.0419 0.7011
vn -0.7116 0.0419 0.7013
vn 0.7975 0.0336 0.6024
vn 0.7076 -0.0000 -0.7066
vn -0.0291 -0.0411 0.9987
vn 0.0026 -0.9736 -0.2281
vn 0.0304 0.0558 0.9980
vn -0.0028 -0.9738 -0.2274
vn -0.2767 -0.9597 0.0486
vn -0.0447 -0.8137 -0.5795
vn 0.0472 0.7899 -0.6115
vn 0.4092 -0.9113 0.0461
vn -0.0499 0.9858 0.1601
vn -0.0472 0.7898 -0.6115
vn -0.0000 0.1118 -0.9937
vn 0.0499 0.9858 0.1601
vt 0.750000 0.593750
vt 0.718750 0.625000
vt 0.718750 0.593750
vt 0.250000 0.593750
vt 0.218750 0.625000
vt 0.218750 0.593750
vt 0.500000 0.843750
vt 0.468750 0.875000
vt 0.468750 0.843750
vt 0.500000 0.593750
vt 0.468750 0.625000
vt 0.468750 0.593750
vt 0.500000 0.343750
vt 0.468750 0.375000
vt 0.468750 0.343750
vt 0.500000 0.093750
vt 0.468750 0.125000
vt 0.468750 0.093750
vt 0.562500 0.093750
vt 0.531250 0.125000
vt 0.531250 0.093750
vt 0.562500 0.031250
vt 0.531250 0.062500
vt 0.531250 0.031250
vt 0.437500 0.093750
vt 0.406250 0.125000
vt 0.406250 0.093750
vt 0.437500 0.031250
vt 0.406250 0.062500
vt 0.406250 0.031250
vt 0.500000 0.031250
vt 0.468750 0.062500
vt 0.468750 0.031250
vt 0.437500 0.156250
vt 0.406250 0.187500
vt 0.406250 0.156250
vt 0.500000 0.156250
vt 0.468750 0.187500
vt 0.468750 0.156250
vt 0.562500 0.343750
vt 0.531250 0.375000
vt 0.531250 0.343750
vt 0.562500 0.281250
vt 0.531250 0.312500
vt 0.531250 0.281250
vt 0.437500 0.343750
vt 0.406250 0.375000
vt 0.406250 0.343750
vt 0.437500 0.281250
vt 0.406250 0.312500
vt 0.406250 0.281250
vt 0.500000 0.281250
vt 0.468750 0.312500
vt 0.468750 0.281250
vt 0.437500 0.406250
vt 0.406250 0.437500
vt 0.406250 0.406250
vt 0.500000 0.406250
vt 0.468750 0.437500
vt 0.468750 0.406250
vt 0.562500 0.593750
vt 0.531250 0.625000
vt 0.531250 0.593750
vt 0.562500 0.531250
vt 0.531250 0.562500
vt 0.531250 0.531250
vt 0.437500 0.593750
vt 0.406250 0.625000
vt 0.406250 0.593750
vt 0.437500 0.531250
vt 0.406250 0.562500
vt 0.406250 0.531250
vt 0.500000 0.531250
vt 0.468750 0.562500
vt 0.468750 0.531250
vt 0.437500 0.656250
vt 0.406250 0.687500
vt 0.406250 0.656250
vt 0.500000 0.656250
vt 0.468750 0.687500
vt 0.468750 0.656250
vt 0.562500 0.843750
vt 0.531250 0.875000
vt 0.531250 0.843750
vt 0.562500 0.781250
vt 0.531250 0.812500
vt 0.531250 0.781250
vt 0.437500 0.843750
vt 0.406250 0.875000
vt 0.406250 0.843750
vt 0.437500 0.781250
vt 0.406250 0.812500
vt 0.406250 0.781250
vt 0.500000 0.781250
vt 0.468750 0.812500
vt 0.468750 0.781250
vt 0.437500 0.906250
vt 0.406250 0.937500
vt 0.406250 0.906250
vt 0.500000 0.906250
vt 0.468750 0.937500
vt 0.468750 0.906250
vt 0.312500 0.593750
vt 0.281250 0.625000
vt 0.281250 0.593750
vt 0.312500 0.531250
vt 0.281250 0.562500
vt 0.281250 0.531250
vt 0.187500 0.593750
vt 0.156250 0.625000
vt 0.156250 0.593750
vt 0.250000 0.531250
vt 0.218750 0.562500
vt 0.218750 0.531250
vt 0.187500 0.656250
vt 0.156250 0.687500
vt 0.156250 0.656250
vt 0.250000 0.656250
vt 0.218750 0.687500
vt 0.218750 0.656250
vt 0.812500 0.593750
vt 0.781250 0.625000
vt 0.781250 0.593750
vt 0.812500 0.531250
vt 0.781250 0.562500
vt 0.781250 0.531250
vt 0.687500 0.593750
vt 0.656250 0.625000
vt 0.656250 0.593750
vt 0.687500 0.531250
vt 0.656250 0.562500
vt 0.656250 0.531250
vt 0.750000 0.531250
vt 0.718750 0.562500
vt 0.718750 0.531250
vt 0.687500 0.656250
vt 0.656250 0.687500
vt 0.656250 0.656250
vt 0.750000 0.656250
vt 0.718750 0.687500
vt 0.718750 0.656250
vt 0.812500 0.656250
vt 0.781250 0.687500
vt 0.781250 0.656250
vt 0.312500 0.656250
vt 0.281250 0.687500
vt 0.281250 0.656250
vt 0.562500 0.906250
vt 0.531250 0.937500
vt 0.531250 0.906250
vt 0.562500 0.656250
vt 0.531250 0.687500
vt 0.531250 0.656250
vt 0.562500 0.406250
vt 0.531250 0.437500
vt 0.531250 0.406250
vt 0.562500 0.156250
vt 0.531250 0.187500
vt 0.531250 0.156250
vt 0.593750 0.156250
vt 0.562500 0.187500
vt 0.593750 0.125000
vt 0.562500 0.125000
vt 0.500000 0.187500
vt 0.500000 0.125000
vt 0.500000 0.218750
vt 0.531250 0.218750
vt 0.593750 0.406250
vt 0.562500 0.437500
vt 0.593750 0.375000
vt 0.562500 0.375000
vt 0.500000 0.437500
vt 0.500000 0.375000
vt 0.500000 0.468750
vt 0.531250 0.468750
vt 0.593750 0.656250
vt 0.562500 0.687500
vt 0.593750 0.625000
vt 0.562500 0.625000
vt 0.500000 0.687500
vt 0.500000 0.625000
vt 0.500000 0.718750
vt 0.531250 0.718750
vt 0.593750 0.906250
vt 0.562500 0.937500
vt 0.593750 0.875000
vt 0.562500 0.875000
vt 0.500000 0.937500
vt 0.500000 0.875000
vt 0.500000 0.968750
vt 0.531250 0.968750
vt 0.343750 0.656250
vt 0.312500 0.687500
vt 0.343750 0.625000
vt 0.312500 0.625000
vt 0.250000 0.687500
vt 0.250000 0.625000
vt 0.250000 0.718750
vt 0.281250 0.718750
vt 0.843750 0.656250
vt 0.812500 0.687500
vt 0.843750 0.625000
vt 0.812500 0.625000
vt 0.750000 0.687500
vt 0.750000 0.625000
vt 0.750000 0.718750
vt 0.781250 0.718750
vt 0.687500 0.687500
vt 0.687500 0.625000
vt 0.687500 0.562500
vt 0.843750 0.531250
vt 0.812500 0.562500
vt 0.750000 0.562500
vt 0.187500 0.687500
vt 0.187500 0.625000
vt 0.187500 0.562500
vt 0.187500 0.531250
vt 0.156250 0.562500
vt 0.250000 0.562500
vt 0.312500 0.562500
vt 0.437500 0.937500
vt 0.437500 0.875000
vt 0.406250 0.968750
vt 0.437500 0.812500
vt 0.593750 0.781250
vt 0.562500 0.812500
vt 0.500000 0.812500
vt 0.437500 0.687500
vt 0.437500 0.625000
vt 0.406250 0.718750
vt 0.437500 0.562500
vt 0.593750 0.531250
vt 0.562500 0.562500
vt 0.500000 0.562500
vt 0.437500 0.437500
vt 0.437500 0.375000
vt 0.406250 0.468750
vt 0.437500 0.312500
vt 0.593750 0.281250
vt 0.562500 0.312500
vt 0.500000 0.312500
vt 0.437500 0.187500
vt 0.437500 0.125000
vt 0.406250 0.218750
vt 0.437500 0.062500
vt 0.593750 0.031250
vt 0.562500 0.062500
vt 0.500000 0.062500
vt 0.593750 0.093750
vt 0.593750 0.062500
vt 0.437500 0.218750
vt 0.468750 0.218750
vt 0.593750 0.343750
vt 0.593750 0.312500
vt 0.437500 0.468750
vt 0.468750 0.468750
vt 0.593750 0.593750
vt 0.593750 0.562500
vt 0.437500 0.718750
vt 0.468750 0.718750
vt 0.593750 0.843750
vt 0.593750 0.812500
vt 0.437500 0.968750
vt 0.468750 0.968750
vt 0.343750 0.593750
vt 0.343750 0.562500
vt 0.187500 0.718750
vt 0.218750 0.718750
vt 0.843750 0.593750
vt 0.843750 0.562500
vt 0.687500 0.718750
vt 0.718750 0.718750
vt 0.593750 0.937500
vt 0.562500 0.968750
vt 0.593750 0.687500
vt 0.562500 0.718750
vt 0.593750 0.437500
vt 0.562500 0.468750
vt 0.593750 0.187500
vt 0.562500 0.218750
vt 0.624814 0.249049
vt 0.622432 0.251582
vt 0.622559 0.247482
vt 0.625959 0.500111
vt 0.622386 0.501890
vt 0.622566 0.497766
vt 0.375000 0.031250
vt 0.376000 0.028803
vt 0.375000 0.281250
vt 0.375000 0.281250
vt 0.376000 0.278750
vt 0.372500 0.533750
vt 0.372500 0.531250
vt 0.376667 0.528750
vt 0.627478 0.715254
vt 0.627500 0.718750
vt 0.623336 0.721040
vt 0.341875 0.747510
vt 0.343750 0.747251
vt 0.343750 0.750000
vt 0.625000 0.967074
vt 0.625000 0.968750
vt 0.623586 0.970799
vt 0.376000 0.221250
vt 0.375000 0.218750
vt 0.625000 0.034746
vt 0.623261 0.029314
vt 0.625000 0.031250
vt 0.343750 0.500000
vt 0.343750 0.502500
vt 0.341875 0.502500
vt 0.372500 0.715178
vt 0.376250 0.721141
vt 0.372500 0.718750
vt 0.375831 0.971222
vt 0.375000 0.968750
vt 0.623303 0.779290
vt 0.625000 0.781250
vt 0.625000 0.782926
vt 0.656250 0.721468
vt 0.653750 0.718750
vt 0.658750 0.715198
vt 0.156250 0.721499
vt 0.153750 0.718750
vt 0.158750 0.715119
vt 0.156250 0.528750
vt 0.158750 0.533750
vt 0.153750 0.531250
vt 0.343750 0.528750
vt 0.346250 0.531250
vt 0.341250 0.533750
vt 0.843750 0.721468
vt 0.841250 0.715179
vt 0.846250 0.718750
vt 0.343750 0.721498
vt 0.341250 0.715099
vt 0.346250 0.718750
vt 0.625000 0.721250
vt 0.627500 0.721250
vt 0.625000 0.748099
vt 0.626250 0.750000
vt 0.625000 0.752500
vt 0.625000 0.971250
vt 0.625000 0.971250
vt 0.625000 0.000000
vt 0.625000 0.002500
vt 0.625000 0.002534
vt 0.625000 0.028750
vt 0.625000 0.028750
vt 0.656250 0.750000
vt 0.654583 0.747500
vt 0.656250 0.747500
vt 0.656250 0.721250
vt 0.653750 0.721250
vt 0.653750 0.718750
vt 0.843750 0.721250
vt 0.846250 0.718750
vt 0.846250 0.721250
vt 0.125000 0.721244
vt 0.127500 0.718750
vt 0.127500 0.721250
vt 0.125000 0.747455
vt 0.127500 0.747500
vt 0.127500 0.749996
vt 0.153750 0.500000
vt 0.156250 0.502500
vt 0.153750 0.502500
vt 0.127503 0.500000
vt 0.127500 0.502500
vt 0.125000 0.502504
vt 0.375000 0.528750
vt 0.372500 0.528750
vt 0.375000 0.502505
vt 0.372500 0.502500
vt 0.373749 0.498749
vt 0.345417 0.749997
vt 0.343750 0.747497
vt 0.346250 0.747500
vt 0.373750 0.751248
vt 0.372500 0.747500
vt 0.375000 0.747461
vt 0.125000 0.528750
vt 0.127500 0.528750
vt 0.127500 0.531250
vt 0.345417 0.500000
vt 0.346250 0.502500
vt 0.343750 0.502500
vt 0.375000 0.721251
vt 0.372500 0.721250
vt 0.372500 0.718750
vt 0.153750 0.749996
vt 0.153750 0.747500
vt 0.156250 0.747497
vt 0.156250 0.721251
vt 0.153750 0.721250
vt 0.153750 0.718750
vt 0.156250 0.528750
vt 0.153750 0.531250
vt 0.153750 0.528750
vt 0.343750 0.528750
vt 0.346250 0.528750
vt 0.346250 0.531250
vt 0.343750 0.721251
vt 0.346250 0.718750
vt 0.346250 0.721250
vt 0.593750 0.002533
vt 0.593750 0.000000
vt 0.625000 0.218505
vt 0.622558 0.218750
vt 0.406250 0.252503
vt 0.375000 0.247496
vt 0.406250 0.247496
vt 0.625000 0.468750
vt 0.622560 0.468750
vt 0.375000 0.502505
vt 0.406250 0.497499
vt 0.406250 0.502506
vt 0.375000 0.752500
vt 0.406250 0.747464
vt 0.406250 0.752500
vt 0.127500 0.625000
vt 0.125000 0.593750
vt 0.127500 0.593750
vt 0.468750 0.000000
vt 0.500000 0.002525
vt 0.468750 0.002526
vt 0.625000 0.124621
vt 0.622511 0.093750
vt 0.625000 0.093750
vt 0.500000 0.252499
vt 0.531250 0.247669
vt 0.531250 0.252508
vt 0.250000 0.502500
vt 0.281250 0.500000
vt 0.281250 0.502500
vt 0.625000 0.375000
vt 0.622560 0.343750
vt 0.625000 0.343750
vt 0.500000 0.502331
vt 0.531250 0.497504
vt 0.531250 0.502513
vt 0.372500 0.625000
vt 0.377500 0.656250
vt 0.372500 0.656250
vt 0.627203 0.625000
vt 0.622524 0.593750
vt 0.627198 0.593750
vt 0.531250 0.752500
vt 0.500000 0.747475
vt 0.531250 0.747474
vt 0.250000 0.747450
vt 0.218750 0.750000
vt 0.218750 0.747448
vt 0.625000 0.875000
vt 0.622500 0.843750
vt 0.625000 0.843750
vt 0.127500 0.687500
vt 0.125000 0.656250
vt 0.127500 0.656250
vt 0.562500 0.000000
vt 0.531250 0.002526
vt 0.531250 0.000000
vt 0.625000 0.156004
vt 0.622558 0.187500
vt 0.622556 0.156250
vt 0.468750 0.252505
vt 0.437500 0.247495
vt 0.468750 0.247493
vt 0.187500 0.502500
vt 0.218750 0.500000
vt 0.218750 0.502500
vt 0.625000 0.437500
vt 0.622560 0.406250
vt 0.625000 0.406250
vt 0.437500 0.502507
vt 0.468750 0.497498
vt 0.468750 0.502508
vt 0.372500 0.562500
vt 0.377500 0.593750
vt 0.372500 0.593750
vt 0.627474 0.656250
vt 0.622504 0.687500
vt 0.622504 0.656250
vt 0.437500 0.752500
vt 0.468750 0.747474
vt 0.468750 0.752500
vt 0.281250 0.747448
vt 0.312500 0.750000
vt 0.281250 0.750000
vt 0.625000 0.906250
vt 0.622500 0.937500
vt 0.622500 0.906250
vt 0.127500 0.533750
vt 0.125000 0.562500
vt 0.125000 0.531250
vt 0.406250 0.000000
vt 0.437500 0.002530
vt 0.406250 0.002536
vt 0.622510 0.062500
vt 0.593750 0.252513
vt 0.562500 0.247487
vt 0.593750 0.247484
vt 0.312500 0.500000
vt 0.625000 0.312500
vt 0.622560 0.281250
vt 0.625000 0.281250
vt 0.562500 0.502335
vt 0.593750 0.497494
vt 0.593750 0.502519
vt 0.377500 0.687500
vt 0.627194 0.562500
vt 0.622525 0.531250
vt 0.627192 0.531250
vt 0.593750 0.752500
vt 0.562500 0.747472
vt 0.593750 0.747467
vt 0.158750 0.747261
vt 0.187500 0.750000
vt 0.156250 0.750000
vt 0.622500 0.812500
vt 0.127500 0.715178
vt 0.125000 0.687500
vt 0.562500 0.002528
vt 0.625000 0.187255
vt 0.437500 0.252504
vt 0.158750 0.502500
vt 0.187500 0.500000
vt 0.622560 0.437500
vt 0.437500 0.497498
vt 0.377500 0.562500
vt 0.627477 0.687500
vt 0.437500 0.747470
vt 0.312500 0.747441
vt 0.625000 0.937911
vt 0.127500 0.562500
vt 0.437500 0.000000
vt 0.625000 0.062500
vt 0.562500 0.252503
vt 0.312500 0.502500
vt 0.622560 0.312500
vt 0.562500 0.497496
vt 0.372500 0.687500
vt 0.622524 0.562500
vt 0.562500 0.752500
vt 0.187500 0.747441
vt 0.625000 0.812089
vt 0.125000 0.625000
vt 0.500000 0.000000
vt 0.622554 0.125000
vt 0.500000 0.247492
vt 0.250000 0.500000
vt 0.622560 0.375000
vt 0.500000 0.497497
vt 0.377500 0.625000
vt 0.622523 0.625000
vt 0.500000 0.752500
vt 0.250000 0.750000
vt 0.622500 0.875000
vt 0.375000 0.000000
vt 0.375000 0.002791
vt 0.625000 0.752500
vt 0.625000 0.747243
vt 0.658750 0.747289
vt 0.156250 0.502500
vt 0.841250 0.747289
vt 0.872531 0.715254
vt 0.872500 0.718750
vt 0.625000 0.997500
vt 0.625000 0.778750
vt 0.843750 0.747500
vt 0.872500 0.721250
vt 0.625000 0.002757
vt 0.656250 0.747282
vt 0.375000 0.002537
vt 0.375000 0.971250
vt 0.375000 0.968750
vt 0.375000 0.278750
vt 0.375000 0.252503
vt 0.375000 0.247496
vt 0.375000 0.497499
vt 0.375000 0.028749
vt 0.375000 0.221250
vt 0.406250 0.997500
vt 0.375000 0.997500
vt 0.593750 0.997500
vt 0.593750 0.968750
vt 0.625000 0.997500
vt 0.375000 0.252503
vt 0.843750 0.502044
vt 0.872948 0.531250
vt 0.593750 0.218750
vt 0.375000 0.747209
vt 0.376384 0.778791
vt 0.375000 0.778750
vt 0.593750 0.718750
vt 0.376667 0.471250
vt 0.375000 0.471250
vt 0.656250 0.502044
vt 0.593750 0.468750
vt 0.377500 0.156250
vt 0.377500 0.125000
vt 0.377500 0.093750
vt 0.468750 0.997500
vt 0.500000 0.997500
vt 0.872536 0.656250
vt 0.872932 0.625000
vt 0.377500 0.406250
vt 0.377500 0.375000
vt 0.377500 0.343750
vt 0.781250 0.502044
vt 0.750000 0.502044
vt 0.718750 0.502044
vt 0.377500 0.906250
vt 0.377500 0.875000
vt 0.377500 0.843750
vt 0.718750 0.747454
vt 0.781250 0.747454
vt 0.750000 0.747455
vt 0.377500 0.062500
vt 0.531250 0.997500
vt 0.562500 0.997500
vt 0.872940 0.593750
vt 0.872945 0.562500
vt 0.377500 0.312500
vt 0.687500 0.502044
vt 0.377500 0.812500
vt 0.312500 0.718750
vt 0.812500 0.747448
vt 0.812500 0.718750
vt 0.377500 0.187500
vt 0.437500 0.997500
vt 0.843750 0.687500
vt 0.872532 0.687500
vt 0.377500 0.437500
vt 0.812500 0.502044
vt 0.343750 0.687500
vt 0.377500 0.937500
vt 0.687500 0.747448
vt 0.127500 0.718750
vt 0.843750 0.747282
vt 0.127500 0.531250
vt 0.156250 0.747251
vt 0.846250 0.747500
vt 0.125000 0.718750
vt 0.156250 0.500000
vt 0.872949 0.502411
vt 0.872500 0.747500
s 0
f 864/703/250 889/704/250 1091/705/250
f 868/706/251 893/707/251 1088/708/251
f 872/709/252 897/710/252 1085/711/252
f 876/712/253 901/713/253 1082/714/253
f 880/715/254 905/716/254 1079/717/254
f 884/718/255 909/719/255 1076/720/255
f 911/721/255 886/722/255 1074/723/255
f 912/724/255 913/725/255 1073/726/255
f 915/727/255 885/728/255 1071/729/255
f 916/730/255 917/731/255 1070/732/255
f 908/733/255 918/734/255 1069/735/255
f 920/736/255 921/737/255 1067/738/255
f 907/739/255 922/740/255 1066/741/255
f 923/742/256 882/743/256 1065/744/256
f 924/745/256 925/746/256 1064/747/256
f 927/748/256 881/749/256 1062/750/256
f 928/751/256 929/752/256 1061/753/256
f 904/754/254 930/755/254 1060/756/254
f 932/757/256 933/758/256 1058/759/256
f 903/760/254 934/761/254 1057/762/254
f 935/763/253 878/764/253 1056/765/253
f 936/766/253 937/767/253 1055/768/253
f 939/769/253 877/770/253 1053/771/253
f 940/772/253 941/773/253 1052/774/253
f 900/775/253 942/776/253 1051/777/253
f 944/778/253 945/779/253 1049/780/253
f 899/781/253 946/782/253 1048/783/253
f 947/784/252 874/785/252 1047/786/252
f 948/787/252 949/788/252 1046/789/252
f 951/790/252 873/791/252 1044/792/252
f 952/793/252 953/794/252 1043/795/252
f 896/796/252 954/797/252 1042/798/252
f 956/799/252 957/800/252 1040/801/252
f 895/802/252 958/803/252 1039/804/252
f 959/805/251 870/806/251 1038/807/251
f 960/808/251 961/809/251 1037/810/251
f 963/811/251 869/812/251 1036/813/251
f 892/814/251 966/815/251 1035/816/251
f 968/817/251 969/818/251 1034/819/251
f 891/820/251 970/821/251 1033/822/251
f 971/823/250 866/824/250 1032/825/250
f 972/826/250 973/827/250 1031/828/250
f 975/829/250 865/830/250 1029/831/250
f 976/832/250 977/833/250 1028/834/250
f 888/835/250 978/836/250 1027/837/250
f 980/838/250 981/839/250 1026/840/250
f 887/841/250 982/842/250 1025/843/250
f 984/844/250 985/845/250 1023/846/250
f 988/847/251 989/848/251 1020/849/251
f 992/850/252 993/851/252 1017/852/252
f 996/853/253 997/854/253 1014/855/253
f 1000/856/256 1001/857/256 1011/858/256
f 1004/859/255 1005/860/255 1008/861/255
f 1007/862/255 862/863/255 1004/859/255
f 910/864/255 1004/859/255 838/865/255
f 1008/861/255 835/866/255 907/739/255
f 886/722/255 907/739/255 814/867/255
f 838/865/255 1008/861/255 886/722/255
f 1005/860/255 883/868/255 835/866/255
f 862/863/255 1009/869/255 1005/860/255
f 1010/870/257 861/871/257 1000/856/257
f 906/872/257 1000/856/257 834/873/257
f 1011/858/256 831/874/256 903/760/256
f 882/743/256 903/760/256 813/875/256
f 834/873/256 1011/858/256 882/743/256
f 1001/857/256 879/876/256 831/874/256
f 861/871/256 1012/877/256 1001/857/256
f 1013/878/253 860/879/253 996/853/253
f 902/880/253 996/853/253 830/881/253
f 1014/855/253 827/882/253 899/781/253
f 878/764/253 899/781/253 812/883/253
f 830/881/253 1014/855/253 878/764/253
f 997/854/253 875/884/253 827/882/253
f 860/879/253 1015/885/253 997/854/253
f 1016/886/252 859/887/252 992/850/252
f 898/888/252 992/850/252 826/889/252
f 1017/852/252 823/890/252 895/802/252
f 874/785/252 895/802/252 811/891/252
f 826/889/252 1017/852/252 874/785/252
f 993/851/252 871/892/252 823/890/252
f 859/887/252 1018/893/252 993/851/252
f 1019/894/251 858/895/251 988/847/251
f 894/896/251 988/847/251 822/897/251
f 1020/849/251 819/898/251 891/820/251
f 870/806/251 891/820/251 810/899/251
f 822/897/251 1020/849/251 870/806/251
f 989/848/251 867/900/251 819/898/251
f 858/895/251 1021/901/251 989/848/251
f 1022/902/250 857/903/250 984/844/250
f 890/904/250 984/844/250 818/905/250
f 1023/846/250 815/906/250 887/841/250
f 866/824/250 887/841/250 809/907/250
f 818/905/250 1023/846/250 866/824/250
f 985/845/250 863/908/250 815/906/250
f 857/903/250 1024/909/250 985/845/250
f 1025/843/250 856/910/250 980/838/250
f 889/704/250 980/838/250 817/911/250
f 809/907/250 1025/843/250 889/704/250
f 817/911/250 1026/840/250 865/830/250
f 1027/837/250 855/912/250 976/832/250
f 855/912/250 1029/831/250 977/833/250
f 1030/913/250 854/914/250 972/826/250
f 1031/828/250 816/915/250 888/835/250
f 1032/825/250 809/907/250 864/703/250
f 973/827/250 864/703/250 816/915/250
f 854/914/250 1032/825/250 973/827/250
f 1033/822/251 853/916/251 968/817/251
f 893/707/251 968/817/251 821/917/251
f 810/899/251 1033/822/251 893/707/251
f 821/917/251 1034/819/251 869/812/251
f 1035/816/251 852/918/251 964/919/251
f 852/918/251 1036/813/251 965/920/251
f 1037/810/251 820/921/251 892/814/251
f 1038/807/251 810/899/251 868/706/251
f 961/809/251 868/706/251 820/921/251
f 851/922/251 1038/807/251 961/809/251
f 1039/804/252 850/923/252 956/799/252
f 897/710/252 956/799/252 825/924/252
f 811/891/252 1039/804/252 897/710/252
f 825/924/252 1040/801/252 873/791/252
f 850/923/252 1041/925/252 957/800/252
f 1042/798/252 849/926/252 952/793/252
f 849/926/252 1044/792/252 953/794/252
f 1045/927/252 848/928/252 948/787/252
f 1046/789/252 824/929/252 896/796/252
f 1047/786/252 811/891/252 872/709/252
f 949/788/252 872/709/252 824/929/252
f 848/928/252 1047/786/252 949/788/252
f 1048/783/253 847/930/253 944/778/253
f 901/713/253 944/778/253 829/931/253
f 812/883/253 1048/783/253 901/713/253
f 829/931/253 1049/780/253 877/770/253
f 847/930/253 1050/932/253 945/779/253
f 1051/777/253 846/933/253 940/772/253
f 846/933/253 1053/771/253 941/773/253
f 1054/934/253 845/935/253 936/766/253
f 1055/768/253 828/936/253 900/775/253
f 1056/765/253 812/883/253 876/712/253
f 937/767/253 876/712/253 828/936/253
f 845/935/253 1056/765/253 937/767/253
f 1057/762/256 844/937/256 932/757/256
f 905/716/256 932/757/256 833/938/256
f 813/875/254 1057/762/254 905/716/254
f 833/938/256 1058/759/256 881/749/256
f 844/937/256 1059/939/256 933/758/256
f 1060/756/256 843/940/256 928/751/256
f 843/940/256 1062/750/256 929/752/256
f 1063/941/257 842/942/257 924/745/257
f 1064/747/256 832/943/256 904/754/256
f 1065/744/256 813/875/256 880/715/256
f 925/746/256 880/715/256 832/943/256
f 842/942/256 1065/744/256 925/746/256
f 1066/741/255 841/944/255 920/736/255
f 909/719/255 920/736/255 837/945/255
f 814/867/255 1066/741/255 909/719/255
f 837/945/255 1067/738/255 885/728/255
f 841/944/255 1068/946/255 921/737/255
f 1069/735/255 840/947/255 916/730/255
f 840/947/255 1071/729/255 917/731/255
f 1072/948/255 839/949/255 912/724/255
f 1073/726/255 836/950/255 908/733/255
f 1074/723/255 814/867/255 884/718/255
f 913/725/255 884/718/255 836/950/255
f 839/949/255 1074/723/255 913/725/255
f 1075/951/255 838/865/255 911/721/255
f 914/952/255 911/721/255 839/949/255
f 1076/720/255 837/945/255 915/727/255
f 918/734/255 915/727/255 840/947/255
f 836/950/255 1076/720/255 918/734/255
f 922/740/255 919/953/255 841/944/255
f 835/866/255 1077/954/255 922/740/255
f 1078/955/257 834/873/257 923/742/257
f 926/956/257 923/742/257 842/942/257
f 1079/717/256 833/938/256 927/748/256
f 930/755/256 927/748/256 843/940/256
f 832/943/254 1079/717/254 930/755/254
f 934/761/256 931/957/256 844/937/256
f 831/874/254 1080/958/254 934/761/254
f 1081/959/253 830/881/253 935/763/253
f 938/960/253 935/763/253 845/935/253
f 1082/714/253 829/931/253 939/769/253
f 942/776/253 939/769/253 846/933/253
f 828/936/253 1082/714/253 942/776/253
f 946/782/253 943/961/253 847/930/253
f 827/882/253 1083/962/253 946/782/253
f 1084/963/252 826/889/252 947/784/252
f 950/964/252 947/784/252 848/928/252
f 1085/711/252 825/924/252 951/790/252
f 954/797/252 951/790/252 849/926/252
f 824/929/252 1085/711/252 954/797/252
f 958/803/252 955/965/252 850/923/252
f 823/890/252 1086/966/252 958/803/252
f 1087/967/251 822/897/251 959/805/251
f 962/968/251 959/805/251 851/922/251
f 1088/708/251 821/917/251 963/811/251
f 966/815/251 963/811/251 852/918/251
f 820/921/251 1088/708/251 966/815/251
f 970/821/251 967/969/251 853/916/251
f 819/898/251 1089/970/251 970/821/251
f 1090/971/250 818/905/250 971/823/250
f 974/972/250 971/823/250 854/914/250
f 1091/705/250 817/911/250 975/829/250
f 978/836/250 975/829/250 855/912/250
f 816/915/250 1091/705/250 978/836/250
f 982/842/250 979/973/250 856/910/250
f 815/906/250 1092/974/250 982/842/250
f 994/975/252 991/976/252 859/887/252
f 998/977/253 995/978/253 860/879/253
f 1002/979/257 999/980/257 861/871/257
f 1006/981/255 1003/982/255 862/863/255
f 1103/983/258 1104/984/258 1105/985/258
f 1112/986/259 1113/987/259 1114/988/259
f 1187/989/260 1188/989/260 1189/990/260
f 1196/991/261 1197/992/261 1198/993/261
f 1203/994/262 1204/995/262 1205/996/262
f 1206/997/263 1207/998/263 1208/999/263
f 1211/1000/264 1212/1001/264 1213/1002/264
f 1214/1003/265 1215/1004/265 1216/1005/265
f 1265/1006/266 1266/1007/266 1267/1007/266
f 1270/1008/267 1271/1009/267 1272/1010/267
f 1275/1011/268 1276/1012/268 1277/1013/268
f 1282/1014/269 1283/1015/269 1284/1016/269
f 1289/1017/270 1290/1018/270 1291/1018/270
f 1292/1019/271 1293/1020/271 1294/1021/271
f 1295/1022/272 1296/1023/272 1297/1024/272
f 1298/1025/273 1299/1026/273 1300/1027/273
f 1301/1028/274 1302/1029/274 1303/1030/274
f 1304/1031/275 1305/1032/275 1306/1033/275
f 1307/1034/276 1308/1035/276 1309/1036/276
f 1310/1037/277 1311/1038/277 1312/1039/277
f 1313/1040/278 1314/998/278 1315/1041/278
f 1316/1042/279 1317/1043/279 1318/1044/279
f 1319/1045/280 1320/1004/280 1321/1046/280
f 1322/1047/281 1323/1048/281 1324/1049/281
f 1325/1050/282 1326/1051/282 1327/1010/282
f 1328/1052/283 1329/1053/283 1330/1054/283
f 1331/1055/282 1332/1056/282 1333/1057/282
f 1334/1058/278 1335/1059/278 1336/1060/278
f 1337/1061/284 1338/1062/284 1339/1063/284
f 1340/1064/285 1341/1065/285 1342/1066/285
f 1343/1067/286 1344/1068/286 1345/1069/286
f 1346/1070/287 1347/1071/287 1348/1072/287
f 1349/1073/288 1350/995/288 1351/1074/288
f 1352/1075/289 1353/1076/289 1354/1077/289
f 1355/1078/290 1356/1079/290 1357/1080/290
f 1358/1081/291 1359/1082/291 1360/1083/291
f 1361/1084/292 1362/1085/292 1363/1086/292
f 1364/1087/293 1365/1088/293 1366/1089/293
f 1367/1090/294 1368/1091/294 1369/1092/294
f 1370/1093/295 1371/1094/295 1372/1095/295
f 1373/1096/294 1374/1097/294 1375/1098/294
f 1376/1099/288 1377/1100/288 1378/1101/288
f 1379/1102/292 1380/1103/292 1381/1104/292
f 1382/1105/284 1383/1106/284 1384/1107/284
f 1099/1047/296 1190/1108/296 1191/1109/296
f 1193/1110/297 1105/985/297 1192/1111/297
f 1195/1112/298 1102/1113/298 1194/1114/298
f 1200/1115/299 1114/988/299 1199/1116/299
f 1110/1117/300 1201/1118/300 1202/1119/300
f 1106/1120/301 1209/1121/301 1210/1122/301
f 1115/1123/302 1217/1124/302 1218/1125/302
f 1220/1126/303 1118/1127/303 1219/1128/303
f 1119/1129/304 1221/1130/304 1222/1131/304
f 1121/1132/305 1223/1133/305 1224/1134/305
f 1123/1135/306 1225/1136/306 1226/1137/306
f 1125/1138/307 1227/1139/307 1228/1140/307
f 1127/1141/308 1229/1142/308 1230/1143/308
f 1129/1144/309 1231/1145/309 1232/1146/309
f 1131/1147/310 1233/1148/310 1234/1149/310
f 1236/1150/311 1134/1151/311 1235/1152/311
f 1135/1153/312 1237/1154/312 1238/1155/312
f 1137/1156/313 1239/1157/313 1240/1158/313
f 1139/1159/302 1241/1160/302 1242/1161/302
f 1141/1162/314 1243/1163/314 1244/1164/314
f 1246/1165/315 1144/1166/315 1245/1167/315
f 1248/1168/316 1146/1169/316 1247/1170/316
f 1147/1171/306 1249/1172/306 1250/1173/306
f 1149/1174/307 1251/1175/307 1252/1176/307
f 1151/1177/317 1253/1178/317 1254/1179/317
f 1153/1180/309 1255/1181/309 1256/1182/309
f 1258/1183/318 1156/1184/318 1257/1185/318
f 1157/1186/319 1259/1187/319 1260/1188/319
f 1262/1189/312 1160/1190/312 1261/1191/312
f 1264/1192/313 1162/1193/313 1263/1194/313
f 1267/1195/302 1164/1196/302 1265/1197/302
f 1269/1198/320 1166/1199/320 1268/1200/320
f 1270/1008/321 1168/1201/321 1271/1009/321
f 1274/1202/322 1170/1203/322 1273/1204/322
f 1277/1013/306 1172/1205/306 1275/1011/306
f 1173/1206/307 1278/1207/307 1279/1208/307
f 1175/1209/323 1280/1210/323 1281/1211/323
f 1282/1014/309 1178/1212/309 1283/1015/309
f 1179/1213/324 1285/1214/324 1286/1215/324
f 1288/1216/325 1182/1217/325 1287/1218/325
f 1291/1219/326 1184/1220/326 1289/1221/326
f 1294/1021/327 1186/1222/327 1292/1019/327
f 1187/1223/302 1140/1224/302 1139/1159/302
f 1191/1109/328 1142/1225/328 1141/1162/328
f 1143/1226/329 1192/1111/329 1144/1166/329
f 1145/1227/330 1194/1114/330 1146/1169/330
f 1196/1228/306 1148/1229/306 1147/1171/306
f 1200/1115/307 1150/1230/307 1149/1174/307
f 1202/1119/331 1152/1231/331 1151/1177/331
f 1203/994/309 1154/1232/309 1153/1180/309
f 1206/997/332 1156/1184/332 1155/1233/332
f 1210/1122/333 1158/1234/333 1157/1186/333
f 1211/1000/334 1160/1190/334 1159/1235/334
f 1214/1003/335 1162/1193/335 1161/1236/335
f 1218/1125/302 1164/1196/302 1163/1237/302
f 1165/1238/336 1219/1128/336 1166/1199/336
f 1222/1131/321 1168/1201/321 1167/1239/321
f 1169/1240/337 1223/1133/337 1170/1203/337
f 1226/1137/306 1172/1205/306 1171/1241/306
f 1228/1140/307 1174/1242/307 1173/1206/307
f 1175/1209/338 1229/1142/338 1176/1243/338
f 1232/1146/309 1178/1212/309 1177/1244/309
f 1234/1149/339 1180/1245/339 1179/1213/339
f 1181/1246/340 1235/1152/340 1182/1217/340
f 1238/1155/341 1184/1220/341 1183/1247/341
f 1240/1158/342 1186/1222/342 1185/1248/342
f 1242/1161/302 1116/1249/302 1115/1123/302
f 1244/1164/343 1118/1127/343 1117/1250/343
f 1119/1129/344 1245/1167/344 1120/1251/344
f 1248/1168/345 1122/1252/345 1121/1132/345
f 1250/1173/306 1124/1253/306 1123/1135/306
f 1252/1176/307 1126/1254/307 1125/1138/307
f 1127/1141/346 1253/1178/346 1128/1255/346
f 1256/1182/309 1130/1256/309 1129/1144/309
f 1131/1147/347 1257/1185/347 1132/1257/347
f 1260/1188/348 1134/1151/348 1133/1258/348
f 1135/1153/312 1261/1191/312 1136/1259/312
f 1137/1156/313 1263/1194/313 1138/1260/313
f 1098/1261/349 1268/1200/349 1097/1262/349
f 1274/1202/350 1105/985/350 1104/984/350
f 1279/1208/351 1104/984/351 1103/983/351
f 1113/987/352 1280/1210/352 1114/988/352
f 1286/1215/324 1113/987/324 1112/986/324
f 1109/1263/353 1287/1218/353 1108/1264/353
f 1294/1265/354 1295/1022/354 1297/1024/354
f 1296/1023/355 1206/997/355 1297/1024/355
f 1291/1219/309 1298/1025/309 1300/1027/309
f 1299/1026/356 1187/1223/356 1300/1027/356
f 1196/1228/309 1301/1028/309 1197/1266/309
f 1267/1195/357 1303/1030/357 1302/1029/357
f 1304/1031/302 1277/1013/302 1276/1012/302
f 1203/994/357 1305/1032/357 1204/995/357
f 1307/1034/358 1214/1267/358 1308/1035/358
f 1309/1036/355 1270/1268/355 1272/1269/355
f 1310/1037/302 1211/1000/302 1311/1038/302
f 1312/1039/356 1282/1014/356 1284/1016/356
f 1315/1041/358 1316/1042/358 1313/1040/358
f 1323/1270/359 1319/1045/359 1321/1046/359
f 1326/1051/354 1324/1049/354 1323/1048/354
f 1329/1271/359 1318/1044/359 1317/1043/359
f 1330/1054/354 1332/1056/354 1331/1055/354
f 1315/1041/355 1333/1057/355 1332/1056/355
f 1336/1060/358 1320/1272/358 1334/1058/358
f 1336/1060/355 1327/1269/355 1326/1273/355
f 1335/1059/360 1307/1034/360 1309/1036/360
f 1319/1045/361 1215/1004/361 1320/1004/361
f 1099/1047/362 1324/1049/362 1100/1274/362
f 1272/1010/363 1325/1050/363 1327/1010/363
f 1316/1042/364 1109/1263/364 1108/1264/364
f 1293/1275/365 1328/1052/365 1330/1054/365
f 1207/998/360 1313/1040/360 1208/999/360
f 1295/1022/363 1333/1057/363 1296/1023/363
f 1339/1063/302 1340/1064/302 1337/1061/302
f 1345/1069/306 1346/1070/306 1343/1067/306
f 1351/1074/309 1352/1075/309 1349/1073/309
f 1359/1082/366 1355/1078/366 1357/1080/366
f 1362/1085/302 1348/1072/302 1347/1071/302
f 1365/1088/306 1354/1077/306 1353/1076/306
f 1368/1091/309 1360/1083/309 1359/1082/309
f 1371/1094/366 1342/1066/366 1341/1065/366
f 1372/1095/309 1374/1097/309 1373/1096/309
f 1339/1063/356 1375/1098/356 1374/1097/356
f 1376/1099/309 1345/1069/309 1344/1068/309
f 1363/1086/357 1378/1101/357 1377/1100/357
f 1380/1103/302 1366/1089/302 1365/1088/302
f 1381/1104/357 1351/1074/357 1350/995/357
f 1384/1107/302 1356/1079/302 1382/1105/302
f 1384/1107/356 1369/1092/356 1368/1091/356
f 1379/1102/367 1305/1032/367 1304/1031/367
f 1349/1073/368 1204/995/368 1350/995/368
f 1212/1001/369 1355/1078/369 1213/1002/369
f 1360/1083/370 1106/1120/370 1358/1081/370
f 1340/1276/371 1098/1261/371 1097/1262/371
f 1290/1018/372 1370/1277/372 1372/1278/372
f 1367/1090/373 1284/1016/373 1283/1015/373
f 1310/1037/374 1383/1106/374 1382/1105/374
f 1197/992/375 1343/1279/375 1198/993/375
f 1102/1113/376 1346/1280/376 1348/1281/376
f 1375/1098/373 1298/1025/373 1373/1096/373
f 1352/1075/377 1111/1282/377 1110/1117/377
f 1276/1012/378 1364/1087/378 1366/1089/378
f 1377/1100/368 1301/1028/368 1303/1030/368
f 1337/1283/374 1188/989/374 1338/989/374
f 1361/1284/367 1266/1007/367 1265/1006/367
f 1097/1262/255 1337/1283/255 1340/1276/255
f 1097/1262/255 1070/732/255 1189/990/255
f 1289/1017/379 1269/1285/379 1098/1286/379
f 1098/1286/380 1370/1277/380 1289/1017/380
f 1100/1274/255 1072/948/255 1190/1108/255
f 1100/1274/255 1325/1050/255 1271/1009/255
f 1216/1005/381 1191/1287/381 1093/1288/381
f 1099/1270/382 1319/1045/382 1322/1289/382
f 1265/1006/255 1194/1114/255 1102/1113/255
f 1102/1113/255 1361/1284/255 1265/1006/255
f 1195/1112/256 1198/993/256 1101/1290/256
f 1101/1290/256 1343/1279/256 1346/1280/256
f 1279/1291/250 1193/1292/250 1030/913/250
f 1192/1111/383 1273/1204/383 1096/1293/383
f 1274/1202/384 1278/1207/384 1063/941/384
f 1050/932/253 1107/1294/253 1283/1015/253
f 1107/1294/253 1367/1090/253 1283/1015/253
f 1210/1122/379 1213/1295/379 1106/1120/379
f 1106/1120/385 1355/1296/385 1358/1081/385
f 1108/1264/253 1313/1040/253 1316/1042/253
f 1094/1297/253 1108/1264/253 1287/1218/253
f 1288/1216/381 1292/1019/381 1045/927/381
f 1109/1263/386 1328/1271/386 1292/1019/386
f 1275/1298/256 1201/1118/256 1111/1282/256
f 1111/1282/256 1364/1299/256 1275/1298/256
f 1202/1119/253 1205/996/253 1110/1117/253
f 1110/1117/253 1349/1073/253 1352/1075/253
f 1200/1300/250 1286/1215/250 1112/986/250
f 1199/1116/384 1280/1210/384 1095/1301/384
f 1281/1211/387 1285/1214/387 1054/934/387
f 885/728/255 1217/1302/255 1116/1303/255
f 1071/729/255 1116/1303/255 1241/1304/255
f 1036/813/251 1115/1123/251 1218/1125/251
f 869/812/251 1242/1161/251 1115/1123/251
f 1219/1128/255 908/733/255 1069/735/255
f 871/892/252 1220/1305/252 1086/966/252
f 1018/893/252 1117/1306/252 871/892/252
f 1243/1163/255 908/733/255 1118/1127/255
f 890/904/250 1222/1307/250 1022/902/250
f 1120/1251/383 1007/862/383 910/864/383
f 1090/971/250 1119/1308/250 890/904/250
f 1221/1130/255 910/864/255 1075/951/255
f 1224/1134/388 904/754/388 1121/1132/388
f 1009/869/255 1122/1252/255 883/868/255
f 1077/954/255 1122/1252/255 1247/1170/255
f 1121/1132/389 1060/756/389 1248/1168/389
f 881/749/256 1225/1309/256 1124/1310/256
f 1062/750/256 1124/1310/256 1249/1311/256
f 1123/1135/251 1035/816/251 1250/1173/251
f 1226/1137/251 892/814/251 1123/1135/251
f 1228/1312/250 888/835/250 1125/1313/250
f 1126/1254/384 1010/870/384 906/872/384
f 1125/1313/250 1027/837/250 1252/1314/250
f 1227/1139/384 906/872/384 1078/955/384
f 1230/1143/253 900/775/253 1127/1141/253
f 1012/877/256 1128/1255/256 879/876/256
f 1080/958/254 1128/1255/254 1253/1178/254
f 1254/1179/253 900/775/253 1051/777/253
f 877/770/253 1231/1145/253 1130/1256/253
f 1053/771/253 1130/1256/253 1255/1181/253
f 1256/1182/251 894/896/251 1087/967/251
f 1129/1144/251 1019/894/251 894/896/251
f 1029/831/250 1131/1147/250 1234/1149/250
f 865/830/250 1258/1183/250 1131/1147/250
f 902/880/253 1257/1185/253 1013/878/253
f 1081/959/387 1132/1257/387 902/880/387
f 1236/1150/252 896/796/252 1133/1258/252
f 875/884/253 1235/1152/253 1134/1151/253
f 875/884/253 1259/1187/253 1083/962/253
f 1133/1258/252 1042/798/252 1260/1188/252
f 873/791/252 1237/1315/252 1136/1316/252
f 1044/792/252 1136/1316/252 1261/1317/252
f 867/900/251 1238/1155/251 1089/970/251
f 867/900/251 1262/1189/251 1135/1153/251
f 1239/1157/252 898/888/252 1084/963/252
f 863/908/250 1240/1318/250 1092/974/250
f 863/908/250 1264/1319/250 1137/1320/250
f 1138/1260/252 1016/886/252 898/888/252
f 917/731/255 1241/1304/255 1140/1321/255
f 969/818/251 1187/1223/251 1139/1159/251
f 1189/990/255 917/731/255 1140/1321/255
f 1034/819/251 1139/1159/251 1242/1161/251
f 1142/1225/255 1073/726/255 1243/1163/255
f 991/976/252 1244/1322/252 1018/893/252
f 1093/1288/252 1141/1323/252 991/976/252
f 1190/1108/255 912/724/255 1142/1225/255
f 974/972/250 1246/1324/250 1090/971/250
f 1144/1166/383 1096/1293/383 1006/981/383
f 1030/913/250 1143/1325/250 974/972/250
f 1245/1167/383 1006/981/383 1007/862/383
f 919/953/255 1247/1170/255 1146/1169/255
f 1068/946/255 1146/1169/255 1194/1114/255
f 1145/1227/256 1061/753/256 1195/1112/256
f 1248/1168/256 928/751/256 1145/1227/256
f 929/752/256 1249/1311/256 1148/1326/256
f 1061/753/256 1148/1326/256 1198/993/256
f 1196/1228/251 964/919/251 1302/1029/251
f 1250/1173/251 964/919/251 1147/1171/251
f 1252/1314/250 976/832/250 1149/1327/250
f 1150/1230/384 1095/1301/384 1002/979/384
f 1149/1327/250 1028/834/250 1200/1300/250
f 1251/1175/384 1002/979/384 1010/870/384
f 931/957/256 1253/1178/256 1152/1231/256
f 1059/939/256 1152/1231/256 1201/1118/256
f 1151/1177/253 1052/774/253 1202/1119/253
f 1254/1179/253 940/772/253 1151/1177/253
f 1153/1180/251 1087/967/251 962/968/251
f 941/773/253 1255/1181/253 1154/1232/253
f 1052/774/253 1154/1232/253 1205/996/253
f 1203/994/251 962/968/251 1306/1033/251
f 1026/840/250 1155/1233/250 1258/1183/250
f 981/839/250 1206/997/250 1155/1233/250
f 998/977/253 1208/999/253 1094/1297/253
f 1013/878/253 1156/1184/253 998/977/253
f 1083/962/253 1158/1234/253 943/961/253
f 943/961/253 1209/1121/253 1050/932/253
f 1157/1186/252 1043/795/252 1210/1122/252
f 1260/1188/252 952/793/252 1157/1186/252
f 953/794/252 1261/1317/252 1160/1328/252
f 987/1329/251 1211/1000/251 1159/1235/251
f 1043/795/390 1160/1328/390 1213/1295/390
f 1021/901/251 1159/1235/251 1262/1189/251
f 1263/1194/252 994/975/252 1016/886/252
f 1024/909/250 1161/1330/250 1264/1319/250
f 983/1331/250 1214/1267/250 1161/1330/250
f 1162/1193/252 1093/1288/252 994/975/252
f 1164/1332/255 1068/946/255 1265/1006/255
f 965/920/251 1218/1125/251 1163/1237/251
f 1067/738/255 1164/1332/255 1217/1302/255
f 1267/1195/251 965/920/251 1163/1237/251
f 1268/1200/255 916/730/255 1070/732/255
f 955/965/252 1269/1285/252 1041/925/252
f 1086/966/252 1165/1333/252 955/965/252
f 1166/1199/255 1069/735/255 916/730/255
f 986/1334/250 1270/1268/250 1308/1035/250
f 1168/1201/255 1075/951/255 914/952/255
f 1271/1009/255 914/952/255 1072/948/255
f 1022/902/250 1167/1335/250 986/1334/250
f 1003/982/255 1273/1204/255 1170/1203/255
f 1009/869/255 1170/1203/255 1223/1133/255
f 1224/1134/256 924/745/256 1064/747/256
f 1169/1240/391 1063/941/391 924/745/391
f 1172/1336/256 1059/939/256 1275/1298/256
f 1058/759/256 1172/1336/256 1225/1309/256
f 1171/1241/251 1037/810/251 1226/1137/251
f 1277/1013/251 960/808/251 1171/1241/251
f 1279/1291/250 972/826/250 1173/1337/250
f 1174/1242/384 1078/955/384 926/956/384
f 1278/1207/384 926/956/384 1063/941/384
f 1173/1337/250 1031/828/250 1228/1312/250
f 999/980/257 1280/1210/257 1176/1243/257
f 1012/877/392 1176/1243/392 1229/1142/392
f 1230/1143/253 936/766/253 1055/768/253
f 1281/1211/253 936/766/253 1175/1209/253
f 990/1338/251 1282/1014/251 1311/1038/251
f 945/779/253 1283/1015/253 1178/1212/253
f 1049/780/253 1178/1212/253 1231/1145/253
f 1232/1146/251 990/1338/251 1019/894/251
f 1028/834/250 1179/1213/250 1286/1215/250
f 977/833/250 1234/1149/250 1179/1213/250
f 938/960/387 1233/1148/387 1081/959/387
f 1054/934/387 1180/1245/387 938/960/387
f 995/978/253 1287/1218/253 1182/1217/253
f 1015/885/253 1182/1217/253 1235/1152/253
f 1181/1246/252 1046/789/252 1236/1150/252
f 1288/1216/252 948/787/252 1181/1246/252
f 1184/1339/393 1041/925/393 1289/1017/393
f 1089/970/251 1183/1247/251 967/969/251
f 1040/801/252 1184/1339/252 1237/1315/252
f 967/969/251 1291/1219/251 1300/1027/251
f 979/973/250 1294/1265/250 1297/1024/250
f 1092/974/250 1185/1340/250 979/973/250
f 1186/1222/252 1084/963/252 950/964/252
f 1045/927/252 1186/1222/252 950/964/252
f 1299/1026/394 1338/1062/394 1188/1341/394
f 1301/1028/253 1344/1068/253 1197/1266/253
f 1305/1032/252 1350/995/252 1204/995/252
f 1296/1023/395 1314/998/395 1207/998/395
f 1212/1001/255 1382/1105/255 1356/1079/255
f 1215/1342/253 1334/1058/253 1320/1272/253
f 1266/1343/252 1377/1100/252 1303/1030/252
f 1272/1269/395 1335/1059/395 1309/1036/395
f 1276/1012/255 1379/1102/255 1304/1031/255
f 1284/1016/394 1383/1106/394 1312/1039/394
f 1290/1344/253 1373/1096/253 1298/1025/253
f 1293/1275/255 1331/1055/255 1295/1022/255
f 856/910/250 1297/1024/250 981/839/250
f 853/916/251 1300/1027/251 969/818/251
f 1302/1029/251 852/918/251 965/920/251
f 1306/1033/251 851/922/251 960/808/251
f 857/903/250 1308/1035/250 983/1331/250
f 858/895/251 1311/1038/251 987/1329/251
f 1332/1056/250 1317/1043/250 1315/1041/250
f 1326/1273/250 1321/1345/250 1336/1060/250
f 1374/1097/251 1341/1065/251 1339/1063/251
f 1345/1069/251 1362/1085/251 1347/1071/251
f 1353/1076/251 1380/1103/251 1365/1088/251
f 1368/1091/251 1357/1080/251 1384/1107/251
f 864/703/250 809/907/250 889/704/250
f 868/706/251 810/899/251 893/707/251
f 872/709/252 811/891/252 897/710/252
f 876/712/253 812/883/253 901/713/253
f 880/715/396 813/875/396 905/716/396
f 884/718/255 814/867/255 909/719/255
f 911/721/255 838/865/255 886/722/255
f 912/724/255 839/949/255 913/725/255
f 915/727/255 837/945/255 885/728/255
f 916/730/255 840/947/255 917/731/255
f 908/733/255 836/950/255 918/734/255
f 920/736/255 841/944/255 921/737/255
f 907/739/255 835/866/255 922/740/255
f 923/742/256 834/873/256 882/743/256
f 924/745/256 842/942/256 925/746/256
f 927/748/256 833/938/256 881/749/256
f 928/751/256 843/940/256 929/752/256
f 904/754/396 832/943/396 930/755/396
f 932/757/256 844/937/256 933/758/256
f 903/760/396 831/874/396 934/761/396
f 935/763/253 830/881/253 878/764/253
f 936/766/253 845/935/253 937/767/253
f 939/769/253 829/931/253 877/770/253
f 940/772/253 846/933/253 941/773/253
f 900/775/253 828/936/253 942/776/253
f 944/778/253 847/930/253 945/779/253
f 899/781/253 827/882/253 946/782/253
f 947/784/252 826/889/252 874/785/252
f 948/787/252 848/928/252 949/788/252
f 951/790/252 825/924/252 873/791/252
f 952/793/252 849/926/252 953/794/252
f 896/796/252 824/929/252 954/797/252
f 956/799/252 850/923/252 957/800/252
f 895/802/252 823/890/252 958/803/252
f 959/805/251 822/897/251 870/806/251
f 960/808/251 851/922/251 961/809/251
f 963/811/251 821/917/251 869/812/251
f 892/814/251 820/921/251 966/815/251
f 968/817/251 853/916/251 969/818/251
f 891/820/251 819/898/251 970/821/251
f 971/823/250 818/905/250 866/824/250
f 972/826/250 854/914/250 973/827/250
f 975/829/250 817/911/250 865/830/250
f 976/832/250 855/912/250 977/833/250
f 888/835/250 816/915/250 978/836/250
f 980/838/250 856/910/250 981/839/250
f 887/841/250 815/906/250 982/842/250
f 984/844/250 857/903/250 985/845/250
f 988/847/251 858/895/251 989/848/251
f 992/850/252 859/887/252 993/851/252
f 996/853/253 860/879/253 997/854/253
f 1000/856/256 861/871/256 1001/857/256
f 1004/859/255 862/863/255 1005/860/255
f 1007/862/255 1006/981/255 862/863/255
f 910/864/255 1007/862/255 1004/859/255
f 1008/861/255 1005/860/255 835/866/255
f 886/722/255 1008/861/255 907/739/255
f 838/865/255 1004/859/255 1008/861/255
f 1005/860/255 1009/869/255 883/868/255
f 862/863/255 1003/982/255 1009/869/255
f 1010/870/397 1002/979/397 861/871/397
f 906/872/397 1010/870/397 1000/856/397
f 1011/858/256 1001/857/256 831/874/256
f 882/743/256 1011/858/256 903/760/256
f 834/873/256 1000/856/256 1011/858/256
f 1001/857/256 1012/877/256 879/876/256
f 861/871/256 999/980/256 1012/877/256
f 1013/878/253 998/977/253 860/879/253
f 902/880/253 1013/878/253 996/853/253
f 1014/855/253 997/854/253 827/882/253
f 878/764/253 1014/855/253 899/781/253
f 830/881/253 996/853/253 1014/855/253
f 997/854/253 1015/885/253 875/884/253
f 860/879/253 995/978/253 1015/885/253
f 1016/886/252 994/975/252 859/887/252
f 898/888/252 1016/886/252 992/850/252
f 1017/852/252 993/851/252 823/890/252
f 874/785/252 1017/852/252 895/802/252
f 826/889/252 992/850/252 1017/852/252
f 993/851/252 1018/893/252 871/892/252
f 859/887/252 991/976/252 1018/893/252
f 1019/894/251 990/1338/251 858/895/251
f 894/896/251 1019/894/251 988/847/251
f 1020/849/251 989/848/251 819/898/251
f 870/806/251 1020/849/251 891/820/251
f 822/897/251 988/847/251 1020/849/251
f 989/848/251 1021/901/251 867/900/251
f 858/895/251 987/1329/251 1021/901/251
f 1022/902/250 986/1334/250 857/903/250
f 890/904/250 1022/902/250 984/844/250
f 1023/846/250 985/845/250 815/906/250
f 866/824/250 1023/846/250 887/841/250
f 818/905/250 984/844/250 1023/846/250
f 985/845/250 1024/909/250 863/908/250
f 857/903/250 983/1331/250 1024/909/250
f 1025/843/250 982/842/250 856/910/250
f 889/704/250 1025/843/250 980/838/250
f 809/907/250 887/841/250 1025/843/250
f 817/911/250 980/838/250 1026/840/250
f 1027/837/250 978/836/250 855/912/250
f 855/912/250 975/829/250 1029/831/250
f 1030/913/250 974/972/250 854/914/250
f 1031/828/250 973/827/250 816/915/250
f 1032/825/250 866/824/250 809/907/250
f 973/827/250 1032/825/250 864/703/250
f 854/914/250 971/823/250 1032/825/250
f 1033/822/251 970/821/251 853/916/251
f 893/707/251 1033/822/251 968/817/251
f 810/899/251 891/820/251 1033/822/251
f 821/917/251 968/817/251 1034/819/251
f 1035/816/251 966/815/251 852/918/251
f 852/918/251 963/811/251 1036/813/251
f 1037/810/251 961/809/251 820/921/251
f 1038/807/251 870/806/251 810/899/251
f 961/809/251 1038/807/251 868/706/251
f 851/922/251 959/805/251 1038/807/251
f 1039/804/252 958/803/252 850/923/252
f 897/710/252 1039/804/252 956/799/252
f 811/891/252 895/802/252 1039/804/252
f 825/924/252 956/799/252 1040/801/252
f 850/923/252 955/965/252 1041/925/252
f 1042/798/252 954/797/252 849/926/252
f 849/926/252 951/790/252 1044/792/252
f 1045/927/252 950/964/252 848/928/252
f 1046/789/252 949/788/252 824/929/252
f 1047/786/252 874/785/252 811/891/252
f 949/788/252 1047/786/252 872/709/252
f 848/928/252 947/784/252 1047/786/252
f 1048/783/253 946/782/253 847/930/253
f 901/713/253 1048/783/253 944/778/253
f 812/883/253 899/781/253 1048/783/253
f 829/931/253 944/778/253 1049/780/253
f 847/930/253 943/961/253 1050/932/253
f 1051/777/253 942/776/253 846/933/253
f 846/933/253 939/769/253 1053/771/253
f 1054/934/253 938/960/253 845/935/253
f 1055/768/253 937/767/253 828/936/253
f 1056/765/253 878/764/253 812/883/253
f 937/767/253 1056/765/253 876/712/253
f 845/935/253 935/763/253 1056/765/253
f 1057/762/256 934/761/256 844/937/256
f 905/716/256 1057/762/256 932/757/256
f 813/875/396 903/760/396 1057/762/396
f 833/938/256 932/757/256 1058/759/256
f 844/937/256 931/957/256 1059/939/256
f 1060/756/256 930/755/256 843/940/256
f 843/940/256 927/748/256 1062/750/256
f 1063/941/397 926/956/397 842/942/397
f 1064/747/256 925/746/256 832/943/256
f 1065/744/256 882/743/256 813/875/256
f 925/746/256 1065/744/256 880/715/256
f 842/942/256 923/742/256 1065/744/256
f 1066/741/255 922/740/255 841/944/255
f 909/719/255 1066/741/255 920/736/255
f 814/867/255 907/739/255 1066/741/255
f 837/945/255 920/736/255 1067/738/255
f 841/944/255 919/953/255 1068/946/255
f 1069/735/255 918/734/255 840/947/255
f 840/947/255 915/727/255 1071/729/255
f 1072/948/255 914/952/255 839/949/255
f 1073/726/255 913/725/255 836/950/255
f 1074/723/255 886/722/255 814/867/255
f 913/725/255 1074/723/255 884/718/255
f 839/949/255 911/721/255 1074/723/255
f 1075/951/255 910/864/255 838/865/255
f 914/952/255 1075/951/255 911/721/255
f 1076/720/255 909/719/255 837/945/255
f 918/734/255 1076/720/255 915/727/255
f 836/950/255 884/718/255 1076/720/255
f 922/740/255 1077/954/255 919/953/255
f 835/866/255 883/868/255 1077/954/255
f 1078/955/397 906/872/397 834/873/397
f 926/956/397 1078/955/397 923/742/397
f 1079/717/256 905/716/256 833/938/256
f 930/755/256 1079/717/256 927/748/256
f 832/943/396 880/715/396 1079/717/396
f 934/761/256 1080/958/256 931/957/256
f 831/874/396 879/876/396 1080/958/396
f 1081/959/253 902/880/253 830/881/253
f 938/960/253 1081/959/253 935/763/253
f 1082/714/253 901/713/253 829/931/253
f 942/776/253 1082/714/253 939/769/253
f 828/936/253 876/712/253 1082/714/253
f 946/782/253 1083/962/253 943/961/253
f 827/882/253 875/884/253 1083/962/253
f 1084/963/252 898/888/252 826/889/252
f 950/964/252 1084/963/252 947/784/252
f 1085/711/252 897/710/252 825/924/252
f 954/797/252 1085/711/252 951/790/252
f 824/929/252 872/709/252 1085/711/252
f 958/803/252 1086/966/252 955/965/252
f 823/890/252 871/892/252 1086/966/252
f 1087/967/251 894/896/251 822/897/251
f 962/968/251 1087/967/251 959/805/251
f 1088/708/251 893/707/251 821/917/251
f 966/815/251 1088/708/251 963/811/251
f 820/921/251 868/706/251 1088/708/251
f 970/821/251 1089/970/251 967/969/251
f 819/898/251 867/900/251 1089/970/251
f 1090/971/250 890/904/250 818/905/250
f 974/972/250 1090/971/250 971/823/250
f 1091/705/250 889/704/250 817/911/250
f 978/836/250 1091/705/250 975/829/250
f 816/915/250 864/703/250 1091/705/250
f 982/842/250 1092/974/250 979/973/250
f 815/906/250 863/908/250 1092/974/250
f 994/975/252 1093/1288/252 991/976/252
f 998/977/253 1094/1297/253 995/978/253
f 1002/979/397 1095/1301/397 999/980/397
f 1006/981/255 1096/1293/255 1003/982/255
f 1099/1047/398 1100/1274/398 1190/1108/398
f 1193/1110/297 1103/983/297 1105/985/297
f 1195/1112/399 1101/1290/399 1102/1113/399
f 1200/1115/400 1112/986/400 1114/988/400
f 1110/1117/401 1111/1282/401 1201/1118/401
f 1106/1120/402 1107/1294/402 1209/1121/402
f 1115/1123/302 1116/1249/302 1217/1124/302
f 1220/1126/343 1117/1250/343 1118/1127/343
f 1119/1129/403 1120/1251/403 1221/1130/403
f 1121/1132/404 1122/1252/404 1223/1133/404
f 1123/1135/306 1124/1253/306 1225/1136/306
f 1125/1138/307 1126/1254/307 1227/1139/307
f 1127/1141/405 1128/1255/405 1229/1142/405
f 1129/1144/309 1130/1256/309 1231/1145/309
f 1131/1147/406 1132/1257/406 1233/1148/406
f 1236/1150/348 1133/1258/348 1134/1151/348
f 1135/1153/312 1136/1259/312 1237/1154/312
f 1137/1156/313 1138/1260/313 1239/1157/313
f 1139/1159/302 1140/1224/302 1241/1160/302
f 1141/1162/407 1142/1225/407 1243/1163/407
f 1246/1165/329 1143/1226/329 1144/1166/329
f 1248/1168/408 1145/1227/408 1146/1169/408
f 1147/1171/306 1148/1229/306 1249/1172/306
f 1149/1174/307 1150/1230/307 1251/1175/307
f 1151/1177/409 1152/1231/409 1253/1178/409
f 1153/1180/309 1154/1232/309 1255/1181/309
f 1258/1183/332 1155/1233/332 1156/1184/332
f 1157/1186/410 1158/1234/410 1259/1187/410
f 1262/1189/341 1159/1235/341 1160/1190/341
f 1264/1192/342 1161/1236/342 1162/1193/342
f 1267/1195/302 1163/1237/302 1164/1196/302
f 1269/1198/411 1165/1238/411 1166/1199/411
f 1270/1008/321 1167/1239/321 1168/1201/321
f 1274/1202/412 1169/1240/412 1170/1203/412
f 1277/1013/306 1171/1241/306 1172/1205/306
f 1173/1206/307 1174/1242/307 1278/1207/307
f 1175/1209/413 1176/1243/413 1280/1210/413
f 1282/1014/309 1177/1244/309 1178/1212/309
f 1179/1213/339 1180/1245/339 1285/1214/339
f 1288/1216/414 1181/1246/414 1182/1217/414
f 1291/1219/415 1183/1247/415 1184/1220/415
f 1294/1021/416 1185/1248/416 1186/1222/416
f 1187/1223/302 1189/1346/302 1140/1224/302
f 1191/1109/417 1190/1108/417 1142/1225/417
f 1143/1226/297 1193/1110/297 1192/1111/297
f 1145/1227/298 1195/1112/298 1194/1114/298
f 1196/1228/306 1198/1347/306 1148/1229/306
f 1200/1115/307 1199/1116/307 1150/1230/307
f 1202/1119/418 1201/1118/418 1152/1231/418
f 1203/994/309 1205/996/309 1154/1232/309
f 1206/997/332 1208/999/332 1156/1184/332
f 1210/1122/419 1209/1121/419 1158/1234/419
f 1211/1000/420 1213/1002/420 1160/1190/420
f 1214/1003/421 1216/1005/421 1162/1193/421
f 1218/1125/302 1217/1124/302 1164/1196/302
f 1165/1238/422 1220/1126/422 1219/1128/422
f 1222/1131/321 1221/1130/321 1168/1201/321
f 1169/1240/423 1224/1134/423 1223/1133/423
f 1226/1137/306 1225/1136/306 1172/1205/306
f 1228/1140/307 1227/1139/307 1174/1242/307
f 1175/1209/424 1230/1143/424 1229/1142/424
f 1232/1146/309 1231/1145/309 1178/1212/309
f 1234/1149/310 1233/1148/310 1180/1245/310
f 1181/1246/425 1236/1150/425 1235/1152/425
f 1238/1155/312 1237/1154/312 1184/1220/312
f 1240/1158/313 1239/1157/313 1186/1222/313
f 1242/1161/302 1241/1160/302 1116/1249/302
f 1244/1164/426 1243/1163/426 1118/1127/426
f 1119/1129/315 1246/1165/315 1245/1167/315
f 1248/1168/427 1247/1170/427 1122/1252/427
f 1250/1173/306 1249/1172/306 1124/1253/306
f 1252/1176/307 1251/1175/307 1126/1254/307
f 1127/1141/428 1254/1179/428 1253/1178/428
f 1256/1182/309 1255/1181/309 1130/1256/309
f 1131/1147/429 1258/1183/429 1257/1185/429
f 1260/1188/430 1259/1187/430 1134/1151/430
f 1135/1153/312 1262/1189/312 1261/1191/312
f 1137/1156/313 1264/1192/313 1263/1194/313
f 1098/1261/431 1269/1198/431 1268/1200/431
f 1274/1202/432 1273/1204/432 1105/985/432
f 1279/1208/433 1278/1207/433 1104/984/433
f 1113/987/434 1281/1211/434 1280/1210/434
f 1286/1215/324 1285/1214/324 1113/987/324
f 1109/1263/435 1288/1216/435 1287/1218/435
f 1294/1265/354 1293/1275/354 1295/1022/354
f 1296/1023/355 1207/998/355 1206/997/355
f 1291/1219/309 1290/1344/309 1298/1025/309
f 1299/1026/356 1188/1341/356 1187/1223/356
f 1196/1228/309 1302/1029/309 1301/1028/309
f 1267/1195/357 1266/1343/357 1303/1030/357
f 1304/1031/302 1306/1033/302 1277/1013/302
f 1203/994/357 1306/1033/357 1305/1032/357
f 1307/1034/358 1215/1342/358 1214/1267/358
f 1309/1036/355 1308/1035/355 1270/1268/355
f 1310/1037/302 1212/1001/302 1211/1000/302
f 1312/1039/356 1311/1038/356 1282/1014/356
f 1315/1041/358 1317/1043/358 1316/1042/358
f 1323/1270/359 1322/1289/359 1319/1045/359
f 1326/1051/354 1325/1050/354 1324/1049/354
f 1329/1271/359 1328/1271/359 1318/1044/359
f 1330/1054/354 1329/1053/354 1332/1056/354
f 1315/1041/355 1314/998/355 1333/1057/355
f 1336/1060/358 1321/1345/358 1320/1272/358
f 1336/1060/355 1335/1059/355 1327/1269/355
f 1335/1059/360 1334/1058/360 1307/1034/360
f 1319/1045/436 1216/1005/436 1215/1004/436
f 1099/1047/437 1322/1047/437 1324/1049/437
f 1272/1010/363 1271/1009/363 1325/1050/363
f 1316/1042/438 1318/1044/438 1109/1263/438
f 1293/1275/439 1292/1052/439 1328/1052/439
f 1207/998/360 1314/998/360 1313/1040/360
f 1295/1022/363 1331/1055/363 1333/1057/363
f 1339/1063/302 1341/1065/302 1340/1064/302
f 1345/1069/306 1347/1071/306 1346/1070/306
f 1351/1074/309 1353/1076/309 1352/1075/309
f 1359/1082/366 1358/1081/366 1355/1078/366
f 1362/1085/302 1361/1084/302 1348/1072/302
f 1365/1088/306 1364/1087/306 1354/1077/306
f 1368/1091/309 1367/1090/309 1360/1083/309
f 1371/1094/366 1370/1093/366 1342/1066/366
f 1372/1095/309 1371/1094/309 1374/1097/309
f 1339/1063/356 1338/1062/356 1375/1098/356
f 1376/1099/309 1378/1101/309 1345/1069/309
f 1363/1086/357 1362/1085/357 1378/1101/357
f 1380/1103/302 1379/1102/302 1366/1089/302
f 1381/1104/357 1380/1103/357 1351/1074/357
f 1384/1107/302 1357/1080/302 1356/1079/302
f 1384/1107/356 1383/1106/356 1369/1092/356
f 1379/1102/367 1381/1104/367 1305/1032/367
f 1349/1073/368 1205/996/368 1204/995/368
f 1212/1001/440 1356/1079/440 1355/1078/440
f 1360/1083/441 1107/1294/441 1106/1120/441
f 1340/1276/442 1342/1261/442 1098/1261/442
f 1290/1018/443 1289/1017/443 1370/1277/443
f 1367/1090/373 1369/1092/373 1284/1016/373
f 1310/1037/374 1312/1039/374 1383/1106/374
f 1197/992/375 1344/991/375 1343/1279/375
f 1102/1113/376 1101/1290/376 1346/1280/376
f 1375/1098/373 1299/1026/373 1298/1025/373
f 1352/1075/444 1354/1077/444 1111/1282/444
f 1276/1012/378 1275/1011/378 1364/1087/378
f 1377/1100/368 1376/1099/368 1301/1028/368
f 1337/1283/374 1189/990/374 1188/989/374
f 1361/1284/367 1363/1007/367 1266/1007/367
f 1097/1262/255 1189/990/255 1337/1283/255
f 1097/1262/255 1268/1200/255 1070/732/255
f 1289/1017/379 1041/925/379 1269/1285/379
f 1098/1286/385 1342/1286/385 1370/1277/385
f 1100/1274/255 1271/1009/255 1072/948/255
f 1100/1274/255 1324/1049/255 1325/1050/255
f 1216/1005/381 1099/1270/381 1191/1287/381
f 1099/1270/445 1216/1005/445 1319/1045/445
f 1265/1006/255 1068/946/255 1194/1114/255
f 1102/1113/255 1348/1281/255 1361/1284/255
f 1195/1112/256 1061/753/256 1198/993/256
f 1101/1290/256 1198/993/256 1343/1279/256
f 1279/1291/250 1103/1348/250 1193/1292/250
f 1192/1111/383 1105/985/383 1273/1204/383
f 1274/1202/446 1104/984/446 1278/1207/446
f 1050/932/253 1209/1121/253 1107/1294/253
f 1107/1294/253 1360/1083/253 1367/1090/253
f 1210/1122/379 1043/795/379 1213/1295/379
f 1106/1120/447 1213/1295/447 1355/1296/447
f 1108/1264/253 1208/999/253 1313/1040/253
f 1094/1297/253 1208/999/253 1108/1264/253
f 1288/1216/381 1109/1263/381 1292/1019/381
f 1109/1263/382 1318/1044/382 1328/1271/382
f 1275/1298/256 1059/939/256 1201/1118/256
f 1111/1282/256 1354/1077/256 1364/1299/256
f 1202/1119/253 1052/774/253 1205/996/253
f 1110/1117/253 1205/996/253 1349/1073/253
f 1200/1300/250 1028/834/250 1286/1215/250
f 1199/1116/448 1114/988/448 1280/1210/448
f 1281/1211/387 1113/987/387 1285/1214/387
f 885/728/255 1067/738/255 1217/1302/255
f 1071/729/255 885/728/255 1116/1303/255
f 1036/813/251 869/812/251 1115/1123/251
f 869/812/251 1034/819/251 1242/1161/251
f 1219/1128/255 1118/1127/255 908/733/255
f 871/892/252 1117/1306/252 1220/1305/252
f 1018/893/252 1244/1322/252 1117/1306/252
f 1243/1163/255 1073/726/255 908/733/255
f 890/904/250 1119/1308/250 1222/1307/250
f 1120/1251/383 1245/1167/383 1007/862/383
f 1090/971/250 1246/1324/250 1119/1308/250
f 1221/1130/449 1120/1251/449 910/864/449
f 1224/1134/256 1064/747/256 904/754/256
f 1009/869/255 1223/1133/255 1122/1252/255
f 1077/954/255 883/868/255 1122/1252/255
f 1121/1132/450 904/754/450 1060/756/450
f 881/749/256 1058/759/256 1225/1309/256
f 1062/750/256 881/749/256 1124/1310/256
f 1123/1135/251 892/814/251 1035/816/251
f 1226/1137/251 1037/810/251 892/814/251
f 1228/1312/250 1031/828/250 888/835/250
f 1126/1254/384 1251/1175/384 1010/870/384
f 1125/1313/250 888/835/250 1027/837/250
f 1227/1139/384 1126/1254/384 906/872/384
f 1230/1143/253 1055/768/253 900/775/253
f 1012/877/451 1229/1142/451 1128/1255/451
f 1080/958/396 879/876/396 1128/1255/396
f 1254/1179/253 1127/1141/253 900/775/253
f 877/770/253 1049/780/253 1231/1145/253
f 1053/771/253 877/770/253 1130/1256/253
f 1256/1182/251 1129/1144/251 894/896/251
f 1129/1144/251 1232/1146/251 1019/894/251
f 1029/831/250 865/830/250 1131/1147/250
f 865/830/250 1026/840/250 1258/1183/250
f 902/880/452 1132/1257/452 1257/1185/452
f 1081/959/387 1233/1148/387 1132/1257/387
f 1236/1150/252 1046/789/252 896/796/252
f 875/884/253 1015/885/253 1235/1152/253
f 875/884/253 1134/1151/253 1259/1187/253
f 1133/1258/252 896/796/252 1042/798/252
f 873/791/252 1040/801/252 1237/1315/252
f 1044/792/252 873/791/252 1136/1316/252
f 867/900/251 1135/1153/251 1238/1155/251
f 867/900/251 1021/901/251 1262/1189/251
f 1239/1157/252 1138/1260/252 898/888/252
f 863/908/250 1137/1320/250 1240/1318/250
f 863/908/250 1024/909/250 1264/1319/250
f 1138/1260/252 1263/1194/252 1016/886/252
f 917/731/255 1071/729/255 1241/1304/255
f 969/818/251 1300/1027/251 1187/1223/251
f 1189/990/255 1070/732/255 917/731/255
f 1034/819/251 969/818/251 1139/1159/251
f 1142/1225/255 912/724/255 1073/726/255
f 991/976/252 1141/1323/252 1244/1322/252
f 1093/1288/252 1191/1287/252 1141/1323/252
f 1190/1108/255 1072/948/255 912/724/255
f 974/972/250 1143/1325/250 1246/1324/250
f 1144/1166/383 1192/1111/383 1096/1293/383
f 1030/913/250 1193/1292/250 1143/1325/250
f 1245/1167/383 1144/1166/383 1006/981/383
f 919/953/255 1077/954/255 1247/1170/255
f 1068/946/255 919/953/255 1146/1169/255
f 1145/1227/256 928/751/256 1061/753/256
f 1248/1168/256 1060/756/256 928/751/256
f 929/752/256 1062/750/256 1249/1311/256
f 1061/753/256 929/752/256 1148/1326/256
f 1196/1228/251 1147/1171/251 964/919/251
f 1250/1173/251 1035/816/251 964/919/251
f 1252/1314/250 1027/837/250 976/832/250
f 1150/1230/384 1199/1116/384 1095/1301/384
f 1149/1327/250 976/832/250 1028/834/250
f 1251/1175/384 1150/1230/384 1002/979/384
f 931/957/256 1080/958/256 1253/1178/256
f 1059/939/256 931/957/256 1152/1231/256
f 1151/1177/253 940/772/253 1052/774/253
f 1254/1179/253 1051/777/253 940/772/253
f 1153/1180/251 1256/1182/251 1087/967/251
f 941/773/253 1053/771/253 1255/1181/253
f 1052/774/253 941/773/253 1154/1232/253
f 1203/994/251 1153/1180/251 962/968/251
f 1026/840/250 981/839/250 1155/1233/250
f 981/839/250 1297/1024/250 1206/997/250
f 998/977/253 1156/1184/253 1208/999/253
f 1013/878/253 1257/1185/253 1156/1184/253
f 1083/962/253 1259/1187/253 1158/1234/253
f 943/961/253 1158/1234/253 1209/1121/253
f 1157/1186/252 952/793/252 1043/795/252
f 1260/1188/252 1042/798/252 952/793/252
f 953/794/252 1044/792/252 1261/1317/252
f 987/1329/251 1311/1038/251 1211/1000/251
f 1043/795/252 953/794/252 1160/1328/252
f 1021/901/251 987/1329/251 1159/1235/251
f 1263/1194/252 1162/1193/252 994/975/252
f 1024/909/250 983/1331/250 1161/1330/250
f 983/1331/250 1308/1035/250 1214/1267/250
f 1162/1193/453 1216/1005/453 1093/1288/453
f 1164/1332/255 921/737/255 1068/946/255
f 965/920/251 1036/813/251 1218/1125/251
f 1067/738/255 921/737/255 1164/1332/255
f 1267/1195/251 1302/1029/251 965/920/251
f 1268/1200/255 1166/1199/255 916/730/255
f 955/965/252 1165/1333/252 1269/1285/252
f 1086/966/252 1220/1305/252 1165/1333/252
f 1166/1199/255 1219/1128/255 1069/735/255
f 986/1334/250 1167/1335/250 1270/1268/250
f 1168/1201/255 1221/1130/255 1075/951/255
f 1271/1009/255 1168/1201/255 914/952/255
f 1022/902/250 1222/1307/250 1167/1335/250
f 1003/982/255 1096/1293/255 1273/1204/255
f 1009/869/255 1003/982/255 1170/1203/255
f 1224/1134/454 1169/1240/454 924/745/454
f 1169/1240/455 1274/1202/455 1063/941/455
f 1172/1336/256 933/758/256 1059/939/256
f 1058/759/256 933/758/256 1172/1336/256
f 1171/1241/251 960/808/251 1037/810/251
f 1277/1013/251 1306/1033/251 960/808/251
f 1279/1291/250 1030/913/250 972/826/250
f 1174/1242/384 1227/1139/384 1078/955/384
f 1278/1207/384 1174/1242/384 926/956/384
f 1173/1337/250 972/826/250 1031/828/250
f 999/980/397 1095/1301/397 1280/1210/397
f 1012/877/256 999/980/256 1176/1243/256
f 1230/1143/253 1175/1209/253 936/766/253
f 1281/1211/253 1054/934/253 936/766/253
f 990/1338/251 1177/1244/251 1282/1014/251
f 945/779/253 1050/932/253 1283/1015/253
f 1049/780/253 945/779/253 1178/1212/253
f 1232/1146/251 1177/1244/251 990/1338/251
f 1028/834/250 977/833/250 1179/1213/250
f 977/833/250 1029/831/250 1234/1149/250
f 938/960/387 1180/1245/387 1233/1148/387
f 1054/934/387 1285/1214/387 1180/1245/387
f 995/978/253 1094/1297/253 1287/1218/253
f 1015/885/253 995/978/253 1182/1217/253
f 1181/1246/252 948/787/252 1046/789/252
f 1288/1216/252 1045/927/252 948/787/252
f 1184/1339/252 957/800/252 1041/925/252
f 1089/970/251 1238/1155/251 1183/1247/251
f 1040/801/252 957/800/252 1184/1339/252
f 967/969/251 1183/1247/251 1291/1219/251
f 979/973/250 1185/1340/250 1294/1265/250
f 1092/974/250 1240/1318/250 1185/1340/250
f 1186/1222/252 1239/1157/252 1084/963/252
f 1045/927/456 1292/1019/456 1186/1222/456
f 1299/1026/394 1375/1098/394 1338/1062/394
f 1301/1028/253 1376/1099/253 1344/1068/253
f 1305/1032/252 1381/1104/252 1350/995/252
f 1296/1023/395 1333/1057/395 1314/998/395
f 1212/1001/255 1310/1037/255 1382/1105/255
f 1215/1342/253 1307/1034/253 1334/1058/253
f 1266/1343/252 1363/1086/252 1377/1100/252
f 1272/1269/395 1327/1269/395 1335/1059/395
f 1276/1012/255 1366/1089/255 1379/1102/255
f 1284/1016/394 1369/1092/394 1383/1106/394
f 1290/1344/253 1372/1095/253 1373/1096/253
f 1293/1275/255 1330/1054/255 1331/1055/255
f 856/910/250 979/973/250 1297/1024/250
f 853/916/251 967/969/251 1300/1027/251
f 1302/1029/251 964/919/251 852/918/251
f 1306/1033/251 962/968/251 851/922/251
f 857/903/250 986/1334/250 1308/1035/250
f 858/895/251 990/1338/251 1311/1038/251
f 1332/1056/250 1329/1053/250 1317/1043/250
f 1326/1273/250 1323/1349/250 1321/1345/250
f 1374/1097/251 1371/1094/251 1341/1065/251
f 1345/1069/251 1378/1101/251 1362/1085/251
f 1353/1076/251 1351/1074/251 1380/1103/251
f 1368/1091/251 1359/1082/251 1357/1080/251
o Plane.001
v -5.598695 1.893657 1.093829
v -5.597806 1.897257 1.093969
v -5.600927 1.897257 1.108055
v -5.600927 2.290057 1.108055
v -5.597806 2.290057 1.093969
v -5.598695 2.293657 1.093829
v -5.355132 1.893657 -0.458378
v -5.352900 1.897257 -0.472604
v -5.354243 1.897257 -0.458238
v -5.355132 2.293657 -0.458378
v -5.354243 2.290057 -0.458238
v -5.352900 2.290057 -0.472604
v -5.447458 1.893657 -0.472865
v -5.448347 1.897257 -0.473004
v -5.445225 1.897257 -0.487091
v -5.691020 1.893657 1.079342
v -5.693253 1.897257 1.093568
v -5.691910 1.897257 1.079202
v -5.693253 2.290057 1.093568
v -5.691020 2.293657 1.079342
v -5.691910 2.290057 1.079202
v -5.447457 2.293657 -0.472865
v -5.445225 2.290057 -0.487091
v -5.448347 2.290057 -0.473004
v -5.630912 2.393657 1.088774
v -5.630023 2.397257 1.088913
v -5.633144 2.397257 1.103000
v -5.633144 2.790057 1.103000
v -5.630023 2.790057 1.088913
v -5.630912 2.793657 1.088774
v -5.387349 2.393657 -0.463433
v -5.385117 2.397257 -0.477659
v -5.386460 2.397257 -0.463294
v -5.387349 2.793657 -0.463433
v -5.386460 2.790057 -0.463294
v -5.385117 2.790057 -0.477659
v -5.479674 2.393657 -0.477920
v -5.480563 2.397257 -0.478060
v -5.477442 2.397257 -0.492146
v -5.723237 2.393657 1.074287
v -5.725470 2.397257 1.088513
v -5.724126 2.397257 1.074147
v -5.725470 2.790057 1.088513
v -5.723237 2.793657 1.074287
v -5.724126 2.790057 1.074147
v -5.479674 2.793657 -0.477920
v -5.477442 2.790057 -0.492146
v -5.480563 2.790057 -0.478060
v -5.663128 2.893657 1.083719
v -5.662240 2.897257 1.083858
v -5.665361 2.897257 1.097945
v -5.665360 3.290057 1.097945
v -5.662240 3.290057 1.083858
v -5.663128 3.293657 1.083719
v -5.419565 2.893657 -0.468488
v -5.417333 2.897257 -0.482714
v -5.418676 2.897257 -0.468349
v -5.419565 3.293657 -0.468488
v -5.418676 3.290057 -0.468349
v -5.417333 3.290057 -0.482714
v -5.511891 2.893657 -0.482975
v -5.512780 2.897257 -0.483115
v -5.509658 2.897257 -0.497201
v -5.755454 2.893657 1.069232
v -5.757686 2.897257 1.083457
v -5.756343 2.897257 1.069092
v -5.757686 3.290057 1.083457
v -5.755454 3.293657 1.069232
v -5.756343 3.290057 1.069092
v -5.511891 3.293657 -0.482975
v -5.509658 3.290057 -0.497201
v -5.512780 3.290057 -0.483115
v -5.695345 3.393657 1.078663
v -5.694456 3.397257 1.078803
v -5.697577 3.397257 1.092889
v -5.697577 3.790057 1.092889
v -5.694456 3.790057 1.078803
v -5.695345 3.793657 1.078663
v -5.451782 3.393657 -0.473543
v -5.449550 3.397257 -0.487769
v -5.450893 3.397257 -0.473404
v -5.451782 3.793657 -0.473543
v -5.450893 3.790057 -0.473404
v -5.449550 3.790057 -0.487769
v -5.544107 3.393657 -0.488031
v -5.544996 3.397257 -0.488170
v -5.541875 3.397257 -0.502257
v -5.787671 3.393657 1.064176
v -5.789903 3.397257 1.078402
v -5.788559 3.397257 1.064037
v -5.789903 3.790057 1.078402
v -5.787670 3.793657 1.064176
v -5.788559 3.790057 1.064037
v -5.544107 3.793657 -0.488031
v -5.541875 3.790057 -0.502257
v -5.544996 3.790057 -0.488170
vn 0.9473 -0.2421 0.2099
vn 0.9473 0.2421 0.2099
vn 0.9660 -0.2421 0.0903
vn 0.9660 0.2421 0.0903
vn -0.9473 -0.2421 -0.2099
vn -0.9660 -0.2421 -0.0903
vn -0.9660 0.2421 -0.0903
vn -0.9473 0.2421 -0.2099
vn 0.9584 -0.2425 0.1504
vn 0.9763 -0.0000 0.2163
vn 0.9584 0.2425 0.1504
vn 0.9957 -0.0000 0.0931
vn -0.9584 -0.2425 -0.1504
vn -0.9957 -0.0000 -0.0931
vn -0.9584 0.2425 -0.1504
vn -0.9763 -0.0000 -0.2163
vn -0.0376 -0.9701 0.2396
vn 0.0376 -0.9701 -0.2396
vn 0.0376 0.9701 -0.2396
vn -0.0376 0.9701 0.2396
vn -0.0000 -1.0000 -0.0000
vn 0.9879 -0.0000 0.1550
vn -0.1550 -0.0000 0.9879
vn -0.0000 1.0000 -0.0000
vn 0.1550 -0.0000 -0.9879
vn -0.9879 -0.0000 -0.1550
vt 0.000000 0.009000
vt 0.009000 0.009000
vt 0.009000 0.000000
vt 0.991000 0.000000
vt 0.991000 0.009000
vt 1.000000 0.009000
vt 0.000000 0.991000
vt 0.009000 1.000000
vt 0.009000 0.991000
vt 1.000000 0.991000
vt 0.991000 0.991000
vt 0.991000 1.000000
vt 0.009000 1.000000
vt 0.000000 0.009000
vt 0.009000 0.000000
vt 0.991000 0.000000
vt 1.000000 0.009000
vt 1.000000 0.991000
s 0
usemtl 
f 1385/1350/457 1386/1351/457 1387/1352/457
f 1388/1353/458 1389/1354/458 1390/1355/458
f 1391/1356/459 1392/1357/459 1393/1358/459
f 1394/1359/460 1395/1360/460 1396/1361/460
f 1397/1356/461 1398/1358/461 1399/1362/461
f 1400/1363/462 1401/1364/462 1402/1351/462
f 1403/1365/463 1404/1366/463 1405/1354/463
f 1406/1367/464 1407/1361/464 1408/1360/464
f 1386/1351/465 1391/1356/465 1393/1358/465
f 1389/1354/466 1387/1352/466 1386/1351/466
f 1395/1360/467 1390/1355/467 1389/1354/467
f 1393/1358/468 1396/1361/468 1395/1360/468
f 1400/1363/469 1398/1358/469 1397/1356/469
f 1403/1365/470 1402/1351/470 1401/1364/470
f 1406/1367/471 1405/1354/471 1404/1366/471
f 1399/1362/472 1408/1360/472 1407/1361/472
f 1401/1364/473 1385/1350/473 1387/1352/473
f 1392/1357/474 1397/1356/474 1399/1362/474
f 1394/1359/475 1407/1361/475 1406/1367/475
f 1404/1366/476 1388/1353/476 1390/1355/476
f 1385/1350/477 1397/1356/477 1391/1356/477
f 1393/1358/478 1389/1354/478 1386/1351/478
f 1388/1353/479 1401/1364/479 1387/1352/479
f 1394/1359/480 1404/1366/480 1390/1355/480
f 1392/1357/481 1407/1361/481 1396/1361/481
f 1405/1354/482 1398/1358/482 1402/1351/482
f 1409/1350/457 1410/1351/457 1411/1352/457
f 1412/1353/458 1413/1354/458 1414/1355/458
f 1415/1356/459 1416/1357/459 1417/1358/459
f 1418/1359/460 1419/1360/460 1420/1361/460
f 1421/1356/461 1422/1358/461 1423/1362/461
f 1424/1363/462 1425/1364/462 1426/1351/462
f 1427/1365/463 1428/1366/463 1429/1354/463
f 1430/1367/464 1431/1361/464 1432/1360/464
f 1410/1351/465 1415/1356/465 1417/1358/465
f 1413/1354/466 1411/1352/466 1410/1351/466
f 1419/1360/467 1414/1355/467 1413/1354/467
f 1417/1358/468 1420/1361/468 1419/1360/468
f 1424/1363/469 1422/1358/469 1421/1356/469
f 1427/1365/470 1426/1351/470 1425/1364/470
f 1430/1367/471 1429/1354/471 1428/1366/471
f 1423/1362/472 1432/1360/472 1431/1361/472
f 1425/1364/473 1409/1350/473 1411/1352/473
f 1416/1357/474 1421/1356/474 1423/1362/474
f 1418/1359/475 1431/1361/475 1430/1367/475
f 1428/1366/476 1412/1353/476 1414/1355/476
f 1409/1350/477 1421/1356/477 1415/1356/477
f 1417/1358/478 1413/1354/478 1410/1351/478
f 1412/1353/479 1425/1364/479 1411/1352/479
f 1418/1359/480 1428/1366/480 1414/1355/480
f 1416/1357/481 1431/1361/481 1420/1361/481
f 1429/1354/482 1422/1358/482 1426/1351/482
f 1433/1350/457 1434/1351/457 1435/1352/457
f 1436/1353/458 1437/1354/458 1438/1355/458
f 1439/1356/459 1440/1357/459 1441/1358/459
f 1442/1359/460 1443/1360/460 1444/1361/460
f 1445/1356/461 1446/1358/461 1447/1362/461
f 1448/1363/462 1449/1364/462 1450/1351/462
f 1451/1365/463 1452/1366/463 1453/1354/463
f 1454/1367/464 1455/1361/464 1456/1360/464
f 1434/1351/465 1439/1356/465 1441/1358/465
f 1437/1354/466 1435/1352/466 1434/1351/466
f 1443/1360/467 1438/1355/467 1437/1354/467
f 1441/1358/468 1444/1361/468 1443/1360/468
f 1448/1363/469 1446/1358/469 1445/1356/469
f 1451/1365/470 1450/1351/470 1449/1364/470
f 1454/1367/471 1453/1354/471 1452/1366/471
f 1447/1362/472 1456/1360/472 1455/1361/472
f 1449/1364/473 1433/1350/473 1435/1352/473
f 1440/1357/474 1445/1356/474 1447/1362/474
f 1442/1359/475 1455/1361/475 1454/1367/475
f 1452/1366/476 1436/1353/476 1438/1355/476
f 1433/1350/477 1445/1356/477 1439/1356/477
f 1441/1358/478 1437/1354/478 1434/1351/478
f 1436/1353/479 1449/1364/479 1435/1352/479
f 1442/1359/480 1452/1366/480 1438/1355/480
f 1440/1357/481 1455/1361/481 1444/1361/481
f 1453/1354/482 1446/1358/482 1450/1351/482
f 1457/1350/457 1458/1351/457 1459/1352/457
f 1460/1353/458 1461/1354/458 1462/1355/458
f 1463/1356/459 1464/1357/459 1465/1358/459
f 1466/1359/460 1467/1360/460 1468/1361/460
f 1469/1356/461 1470/1358/461 1471/1362/461
f 1472/1363/462 1473/1364/462 1474/1351/462
f 1475/1365/463 1476/1366/463 1477/1354/463
f 1478/1367/464 1479/1361/464 1480/1360/464
f 1458/1351/465 1463/1356/465 1465/1358/465
f 1461/1354/466 1459/1352/466 1458/1351/466
f 1467/1360/467 1462/1355/467 1461/1354/467
f 1465/1358/468 1468/1361/468 1467/1360/468
f 1472/1363/469 1470/1358/469 1469/1356/469
f 1475/1365/470 1474/1351/470 1473/1364/470
f 1478/1367/471 1477/1354/471 1476/1366/471
f 1471/1362/472 1480/1360/472 1479/1361/472
f 1473/1364/473 1457/1350/473 1459/1352/473
f 1464/1357/474 1469/1356/474 1471/1362/474
f 1466/1359/475 1479/1361/475 1478/1367/475
f 1476/1366/476 1460/1353/476 1462/1355/476
f 1457/1350/477 1469/1356/477 1463/1356/477
f 1465/1358/478 1461/1354/478 1458/1351/478
f 1460/1353/479 1473/1364/479 1459/1352/479
f 1466/1359/480 1476/1366/480 1462/1355/480
f 1464/1357/481 1479/1361/481 1468/1361/481
f 1477/1354/482 1470/1358/482 1474/1351/482
f 1386/1351/465 1385/1350/465 1391/1356/465
f 1389/1354/466 1388/1353/466 1387/1352/466
f 1395/1360/467 1394/1359/467 1390/1355/467
f 1393/1358/468 1392/1357/468 1396/1361/468
f 1400/1363/469 1402/1351/469 1398/1358/469
f 1403/1365/470 1405/1354/470 1402/1351/470
f 1406/1367/471 1408/1360/471 1405/1354/471
f 1399/1362/472 1398/1358/472 1408/1360/472
f 1401/1364/473 1400/1363/473 1385/1350/473
f 1392/1357/474 1391/1356/474 1397/1356/474
f 1394/1359/475 1396/1361/475 1407/1361/475
f 1404/1366/476 1403/1365/476 1388/1353/476
f 1385/1350/477 1400/1363/477 1397/1356/477
f 1393/1358/478 1395/1360/478 1389/1354/478
f 1388/1353/479 1403/1365/479 1401/1364/479
f 1394/1359/480 1406/1367/480 1404/1366/480
f 1392/1357/481 1399/1362/481 1407/1361/481
f 1405/1354/482 1408/1360/482 1398/1358/482
f 1410/1351/465 1409/1350/465 1415/1356/465
f 1413/1354/466 1412/1353/466 1411/1352/466
f 1419/1360/467 1418/1359/467 1414/1355/467
f 1417/1358/468 1416/1357/468 1420/1361/468
f 1424/1363/469 1426/1351/469 1422/1358/469
f 1427/1365/470 1429/1354/470 1426/1351/470
f 1430/1367/471 1432/1360/471 1429/1354/471
f 1423/1362/472 1422/1358/472 1432/1360/472
f 1425/1364/473 1424/1363/473 1409/1350/473
f 1416/1357/474 1415/1356/474 1421/1356/474
f 1418/1359/475 1420/1361/475 1431/1361/475
f 1428/1366/476 1427/1365/476 1412/1353/476
f 1409/1350/477 1424/1363/477 1421/1356/477
f 1417/1358/478 1419/1360/478 1413/1354/478
f 1412/1353/479 1427/1365/479 1425/1364/479
f 1418/1359/480 1430/1367/480 1428/1366/480
f 1416/1357/481 1423/1362/481 1431/1361/481
f 1429/1354/482 1432/1360/482 1422/1358/482
f 1434/1351/465 1433/1350/465 1439/1356/465
f 1437/1354/466 1436/1353/466 1435/1352/466
f 1443/1360/467 1442/1359/467 1438/1355/467
f 1441/1358/468 1440/1357/468 1444/1361/468
f 1448/1363/469 1450/1351/469 1446/1358/469
f 1451/1365/470 1453/1354/470 1450/1351/470
f 1454/1367/471 1456/1360/471 1453/1354/471
f 1447/1362/472 1446/1358/472 1456/1360/472
f 1449/1364/473 1448/1363/473 1433/1350/473
f 1440/1357/474 1439/1356/474 1445/1356/474
f 1442/1359/475 1444/1361/475 1455/1361/475
f 1452/1366/476 1451/1365/476 1436/1353/476
f 1433/1350/477 1448/1363/477 1445/1356/477
f 1441/1358/478 1443/1360/478 1437/1354/478
f 1436/1353/479 1451/1365/479 1449/1364/479
f 1442/1359/480 1454/1367/480 1452/1366/480
f 1440/1357/481 1447/1362/481 1455/1361/481
f 1453/1354/482 1456/1360/482 1446/1358/482
f 1458/1351/465 1457/1350/465 1463/1356/465
f 1461/1354/466 1460/1353/466 1459/1352/466
f 1467/1360/467 1466/1359/467 1462/1355/467
f 1465/1358/468 1464/1357/468 1468/1361/468
f 1472/1363/469 1474/1351/469 1470/1358/469
f 1475/1365/470 1477/1354/470 1474/1351/470
f 1478/1367/471 1480/1360/471 1477/1354/471
f 1471/1362/472 1470/1358/472 1480/1360/472
f 1473/1364/473 1472/1363/473 1457/1350/473
f 1464/1357/474 1463/1356/474 1469/1356/474
f 1466/1359/475 1468/1361/475 1479/1361/475
f 1476/1366/476 1475/1365/476 1460/1353/476
f 1457/1350/477 1472/1363/477 1469/1356/477
f 1465/1358/478 1467/1360/478 1461/1354/478
f 1460/1353/479 1475/1365/479 1473/1364/479
f 1466/1359/480 1478/1367/480 1476/1366/480
f 1464/1357/481 1471/1362/481 1479/1361/481
f 1477/1354/482 1480/1360/482 1470/1358/482
o Cube.006
v -4.756152 1.830402 0.430823
v -4.756152 1.720447 0.430823
v -5.744064 1.775425 0.275806
v -4.911170 1.775425 1.418735
v -3.749174 1.775425 0.588832
v -4.601135 1.775425 -0.557088
v -5.250108 1.830402 0.353315
v -4.262196 1.830402 0.508332
v -4.833661 1.830402 0.924779
v -4.678644 1.830402 -0.063133
v -5.250108 1.720447 0.353315
v -4.262196 1.720447 0.508332
v -4.678644 1.720447 -0.063133
v -4.833661 1.720447 0.924779
v -5.666555 1.775425 -0.218150
v -5.821572 1.775425 0.769762
v -5.744064 1.747936 0.275806
v -5.744064 1.802913 0.275806
v -5.405125 1.775425 1.341226
v -4.417213 1.775425 1.496244
v -4.911170 1.747936 1.418735
v -4.911170 1.802913 1.418735
v -3.826683 1.775425 1.082788
v -3.671666 1.775425 0.094876
v -3.768240 1.747936 0.585841
v -3.749174 1.802913 0.588832
v -4.107179 1.775425 -0.479580
v -5.095091 1.775425 -0.634597
v -4.601135 1.747936 -0.557088
v -4.601135 1.802913 -0.557088
v -5.095091 1.802913 -0.634597
v -5.095091 1.747936 -0.634597
v -4.107179 1.747936 -0.479580
v -3.671666 1.802913 0.094876
v -3.690732 1.747936 0.091885
v -3.845749 1.747936 1.079796
v -4.417213 1.802913 1.496244
v -4.417213 1.747936 1.496244
v -5.405125 1.747936 1.341226
v -5.821572 1.802913 0.769762
v -5.821572 1.747936 0.769762
v -5.666555 1.747936 -0.218150
v -4.339705 1.720447 1.002288
v -4.184688 1.720447 0.014376
v -5.172599 1.720447 -0.140641
v -4.184688 1.830402 0.014376
v -4.339705 1.830402 1.002288
v -5.327617 1.830402 0.847271
v -5.172599 1.830402 -0.140641
v -5.327617 1.720447 0.847271
v -5.666555 1.802913 -0.218150
v -5.405125 1.802913 1.341226
v -3.826683 1.802913 1.082788
v -4.107179 1.802913 -0.479580
v -5.497086 1.830402 0.314560
v -4.509174 1.830402 0.469578
v -4.872415 1.830402 1.171757
v -4.717398 1.830402 0.183845
v -5.497086 1.720447 0.314560
v -4.509174 1.720447 0.469578
v -4.639889 1.720447 -0.310111
v -4.794907 1.720447 0.677801
v -5.627801 1.775425 -0.465128
v -5.782818 1.775425 0.522784
v -5.744064 1.734192 0.275806
v -5.744064 1.789169 0.275806
v -5.652103 1.775425 1.302472
v -4.664191 1.775425 1.457489
v -4.911170 1.734192 1.418735
v -4.911170 1.789169 1.418735
v -3.865437 1.775425 1.329766
v -3.710420 1.775425 0.341854
v -3.768240 1.734192 0.585841
v -3.749174 1.789169 0.588832
v -3.860201 1.775425 -0.440825
v -4.848113 1.775425 -0.595843
v -4.601135 1.734192 -0.557088
v -4.601135 1.789169 -0.557088
v -5.003130 1.830402 0.392069
v -4.015218 1.830402 0.547086
v -4.794907 1.830402 0.677801
v -4.639889 1.830402 -0.310111
v -5.003130 1.720447 0.392069
v -4.015218 1.720447 0.547086
v -4.717398 1.720447 0.183845
v -4.872415 1.720447 1.171757
v -5.705309 1.775425 0.028828
v -5.860327 1.775425 1.016740
v -5.744064 1.761680 0.275806
v -5.744064 1.816658 0.275806
v -5.158147 1.775425 1.379981
v -4.170236 1.775425 1.534998
v -4.911170 1.761680 1.418735
v -4.911170 1.816658 1.418735
v -3.787929 1.775425 0.835810
v -3.632911 1.775425 -0.152102
v -3.768240 1.761680 0.585841
v -3.768240 1.816658 0.585841
v -4.354157 1.775425 -0.518334
v -5.342069 1.775425 -0.673351
v -4.601135 1.761680 -0.557088
v -4.601135 1.816658 -0.557088
v -4.848113 1.802913 -0.595843
v -5.342069 1.802913 -0.673351
v -5.095091 1.789169 -0.634597
v -5.095091 1.816658 -0.634597
v -4.848113 1.747936 -0.595843
v -5.342069 1.747936 -0.673351
v -5.095091 1.734192 -0.634597
v -5.095091 1.761680 -0.634597
v -3.860201 1.747936 -0.440825
v -4.354157 1.747936 -0.518334
v -4.107179 1.734192 -0.479580
v -4.107179 1.761680 -0.479580
v -3.710420 1.802913 0.341854
v -3.632911 1.802913 -0.152102
v -3.671666 1.789169 0.094876
v -3.690732 1.816658 0.091885
v -3.729486 1.747936 0.338863
v -3.651978 1.747936 -0.155093
v -3.690732 1.734192 0.091885
v -3.690732 1.761680 0.091885
v -3.884503 1.747936 1.326774
v -3.806995 1.747936 0.832819
v -3.845749 1.734192 1.079796
v -3.845749 1.761680 1.079796
v -4.664191 1.802913 1.457489
v -4.170236 1.802913 1.534998
v -4.417213 1.789169 1.496244
v -4.417213 1.816658 1.496244
v -4.664191 1.747936 1.457489
v -4.170236 1.747936 1.534998
v -4.417213 1.734192 1.496244
v -4.417213 1.761680 1.496244
v -5.652103 1.747936 1.302472
v -5.158147 1.747936 1.379981
v -5.405125 1.734192 1.341226
v -5.405125 1.761680 1.341226
v -5.782818 1.802913 0.522784
v -5.860327 1.802913 1.016740
v -5.821572 1.789169 0.769762
v -5.821572 1.816658 0.769762
v -5.782818 1.747936 0.522784
v -5.860327 1.747936 1.016740
v -5.821572 1.734192 0.769762
v -5.821572 1.761680 0.769762
v -5.627801 1.747936 -0.465128
v -5.705309 1.747936 0.028828
v -5.666555 1.734192 -0.218150
v -5.666555 1.761680 -0.218150
v -4.586683 1.720447 0.963534
v -4.092727 1.720447 1.041042
v -4.300951 1.720447 0.755310
v -4.378459 1.720447 1.249266
v -4.431665 1.720447 -0.024378
v -3.937710 1.720447 0.053130
v -4.145933 1.720447 -0.232602
v -4.223442 1.720447 0.261354
v -5.419578 1.720447 -0.179396
v -4.925622 1.720447 -0.101887
v -5.133845 1.720447 -0.387619
v -5.211354 1.720447 0.106337
v -4.431665 1.830402 -0.024378
v -3.937710 1.830402 0.053130
v -4.223442 1.830402 0.261354
v -4.145933 1.830402 -0.232602
v -4.586683 1.830402 0.963534
v -4.092727 1.830402 1.041042
v -4.378459 1.830402 1.249266
v -4.300951 1.830402 0.755310
v -5.574594 1.830402 0.808516
v -5.080639 1.830402 0.886025
v -5.366371 1.830402 1.094249
v -5.288862 1.830402 0.600293
v -5.419578 1.830402 -0.179396
v -4.925622 1.830402 -0.101887
v -5.211354 1.830402 0.106337
v -5.133845 1.830402 -0.387619
v -5.574594 1.720447 0.808516
v -5.080639 1.720447 0.886025
v -5.288862 1.720447 0.600293
v -5.366371 1.720447 1.094249
v -5.627801 1.802913 -0.465128
v -5.705309 1.802913 0.028828
v -5.666555 1.789169 -0.218150
v -5.666555 1.816658 -0.218150
v -5.652103 1.802913 1.302472
v -5.158147 1.802913 1.379981
v -5.405125 1.789169 1.341226
v -5.405125 1.816658 1.341226
v -3.865437 1.802913 1.329766
v -3.787929 1.802913 0.835810
v -3.826683 1.789169 1.082788
v -3.845749 1.816658 1.079796
v -3.860201 1.802913 -0.440825
v -4.354157 1.802913 -0.518334
v -4.107179 1.789169 -0.479580
v -4.107179 1.816658 -0.479580
v -4.354157 1.816658 -0.518334
v -4.354157 1.789169 -0.518334
v -3.860201 1.789169 -0.440825
v -3.806995 1.816658 0.832819
v -3.787929 1.789169 0.835810
v -3.865437 1.789169 1.329766
v -5.158147 1.816658 1.379981
v -5.158147 1.789169 1.379981
v -5.652103 1.789169 1.302472
v -5.705309 1.816658 0.028828
v -5.705309 1.789169 0.028828
v -5.627801 1.789169 -0.465128
v -5.119393 1.720447 1.133003
v -5.041884 1.720447 0.639047
v -5.535841 1.720447 0.561538
v -4.886867 1.830402 -0.348865
v -4.964376 1.830402 0.145091
v -5.458332 1.830402 0.067582
v -5.041884 1.830402 0.639047
v -5.119393 1.830402 1.133003
v -4.053973 1.830402 0.794064
v -4.131481 1.830402 1.288020
v -4.625437 1.830402 1.210511
v -3.898955 1.830402 -0.193848
v -3.976464 1.830402 0.300108
v -4.470420 1.830402 0.222600
v -4.964376 1.720447 0.145091
v -4.886867 1.720447 -0.348865
v -3.976464 1.720447 0.300108
v -4.392911 1.720447 -0.271356
v -4.053973 1.720447 0.794064
v -4.547928 1.720447 0.716556
v -5.705309 1.761680 0.028828
v -5.705309 1.734192 0.028828
v -5.627801 1.734192 -0.465128
v -5.860327 1.761680 1.016740
v -5.860327 1.734192 1.016740
v -5.782818 1.734192 0.522784
v -5.860327 1.816658 1.016740
v -5.860327 1.789169 1.016740
v -5.782818 1.789169 0.522784
v -5.158147 1.761680 1.379981
v -5.158147 1.734192 1.379981
v -5.652103 1.734192 1.302472
v -4.170236 1.761680 1.534998
v -4.170236 1.734192 1.534998
v -4.664191 1.734192 1.457489
v -4.170236 1.816658 1.534998
v -4.170236 1.789169 1.534998
v -4.664191 1.789169 1.457489
v -3.806995 1.761680 0.832819
v -3.806995 1.734192 0.832819
v -3.884503 1.734192 1.326774
v -3.651978 1.761680 -0.155093
v -3.651978 1.734192 -0.155093
v -3.729486 1.734192 0.338863
v -3.651978 1.816658 -0.155093
v -3.632911 1.789169 -0.152102
v -3.710420 1.789169 0.341854
v -4.354157 1.761680 -0.518334
v -4.354157 1.734192 -0.518334
v -3.860201 1.734192 -0.440825
v -5.342069 1.761680 -0.673351
v -5.342069 1.734192 -0.673351
v -4.848113 1.734192 -0.595843
v -5.342069 1.816658 -0.673351
v -5.342069 1.789169 -0.673351
v -4.848113 1.789169 -0.595843
v -4.848113 1.816658 -0.595843
v -4.848113 1.761680 -0.595843
v -3.860201 1.761680 -0.440825
v -3.729486 1.816658 0.338863
v -3.729486 1.761680 0.338863
v -3.884503 1.761680 1.326774
v -4.664191 1.816658 1.457489
v -4.664191 1.761680 1.457489
v -5.652103 1.761680 1.302472
v -5.782818 1.816658 0.522784
v -5.782818 1.761680 0.522784
v -5.627801 1.761680 -0.465128
v -4.625437 1.720447 1.210511
v -4.470420 1.720447 0.222600
v -5.458332 1.720447 0.067582
v -4.392911 1.830402 -0.271356
v -4.547928 1.830402 0.716556
v -5.535841 1.830402 0.561538
v -5.627801 1.816658 -0.465128
v -5.652103 1.816658 1.302472
v -3.884503 1.816658 1.326774
v -3.860201 1.816658 -0.440825
v -5.472465 1.720447 -0.693812
v -5.495623 1.720447 -0.677202
v -5.501948 1.830402 -0.678194
v -5.478812 1.830402 -0.694808
v -3.616327 1.720447 -0.382290
v -3.633013 1.720447 -0.405176
v -3.568466 1.830402 -0.433415
v -3.553979 1.829332 -0.426654
v -3.570529 1.829329 -0.449616
v -5.799457 1.720447 1.259106
v -5.782499 1.720447 1.282011
v -5.788847 1.830402 1.281015
v -5.805782 1.830402 1.258113
v -3.943057 1.720447 1.570646
v -3.920156 1.720447 1.553985
v -3.887056 1.830402 1.596821
v -3.894283 1.829314 1.613089
v -3.871444 1.829332 1.596419
v -4.604235 1.720447 -0.537330
v -4.601135 1.721547 -0.557088
v -5.592147 1.775425 -0.692348
v -5.569092 1.775425 -0.708974
v -4.540294 1.830402 -0.585745
v -4.538550 1.829327 -0.601504
v -3.614797 1.775425 -0.382085
v -3.633047 1.775425 -0.405182
v -3.787999 1.720447 0.582740
v -3.768240 1.721547 0.585841
v -3.732873 1.830402 0.591390
v -3.717419 1.829329 0.593815
v -3.924032 1.775425 1.573631
v -3.901088 1.775425 1.556966
v -4.908069 1.720447 1.398977
v -4.911170 1.721547 1.418735
v -4.859080 1.830402 1.444190
v -4.862278 1.829313 1.461195
v -5.895981 1.775425 1.243960
v -5.879127 1.775425 1.266849
v -5.723907 1.720447 0.278969
v -5.744064 1.721547 0.275806
v -5.723953 1.830402 0.278962
v -5.744064 1.829303 0.275806
v -5.098191 1.720447 -0.614839
v -5.095091 1.721547 -0.634597
v -5.592147 1.802913 -0.692348
v -5.569066 1.802913 -0.708970
v -4.046295 1.830402 -0.508355
v -4.044587 1.829328 -0.524001
v -3.616328 1.747936 -0.382283
v -3.633023 1.747936 -0.405178
v -3.710490 1.720447 0.088784
v -3.690732 1.721547 0.091885
v -3.810382 1.830402 1.085346
v -3.794928 1.829329 1.087771
v -3.943070 1.747936 1.570644
v -3.920155 1.747936 1.553981
v -4.414113 1.720447 1.476485
v -4.417213 1.721547 1.496244
v -5.402054 1.830402 1.321652
v -5.405125 1.829304 1.341226
v -5.895981 1.747936 1.243960
v -5.879088 1.747936 1.266855
v -5.801352 1.720447 0.772935
v -5.821572 1.721547 0.769762
v -5.646386 1.830402 -0.214985
v -5.666555 1.829303 -0.218150
v -4.110279 1.720447 -0.459822
v -4.107179 1.721547 -0.479580
v -5.592147 1.747936 -0.692348
v -5.569054 1.747936 -0.708969
v -5.098152 1.830402 -0.615090
v -5.095091 1.829307 -0.634597
v -3.614800 1.802913 -0.382052
v -3.633083 1.802913 -0.405188
v -3.865507 1.720447 1.076696
v -3.845749 1.721547 1.079796
v -3.655365 1.830402 0.097434
v -3.639910 1.829329 0.099859
v -3.924071 1.802913 1.573625
v -3.901086 1.802913 1.556952
v -5.402025 1.720447 1.321468
v -5.405125 1.721547 1.341226
v -4.365120 1.830402 1.521781
v -4.368320 1.829313 1.538705
v -5.895981 1.802913 1.243960
v -5.879100 1.802913 1.266853
v -5.646334 1.720447 -0.214977
v -5.666555 1.721547 -0.218150
v -5.801404 1.830402 0.772927
v -5.821572 1.829303 0.769762
v -5.251270 1.720447 -0.638859
v -5.271078 1.719348 -0.641967
v -5.287636 1.721547 -0.664810
v -5.569027 1.816658 -0.708964
v -5.592147 1.816658 -0.692348
v -3.797608 1.829328 -0.485248
v -3.799307 1.830402 -0.469628
v -3.633017 1.734192 -0.405177
v -3.616327 1.734192 -0.382288
v -3.674836 1.720447 -0.138435
v -3.671736 1.719348 -0.158194
v -3.648877 1.721547 -0.174852
v -3.833682 1.829329 1.334749
v -3.849137 1.830402 1.332324
v -3.920156 1.734192 1.553983
v -3.943061 1.734192 1.570645
v -4.186893 1.720447 1.512139
v -4.167135 1.719348 1.515240
v -4.150477 1.721547 1.538098
v -5.558928 1.830402 1.297029
v -5.578696 1.831502 1.293746
v -5.601480 1.829304 1.310416
v -5.879042 1.734192 1.266862
v -5.895981 1.734192 1.243960
v -5.748165 1.720447 1.014095
v -5.744109 1.719348 1.034976
v -5.773156 1.721339 1.050593
v -5.527716 1.830402 -0.429178
v -5.517891 1.831502 -0.447881
v -5.540509 1.829488 -0.471618
v -4.354157 1.721547 -0.518334
v -4.357257 1.720447 -0.498576
v -5.569081 1.761680 -0.708973
v -5.592147 1.761680 -0.692348
v -4.848113 1.829308 -0.595843
v -4.851169 1.830402 -0.576365
v -3.613998 1.789169 -0.402193
v -3.597267 1.789169 -0.379260
v -3.806995 1.721547 0.832819
v -3.826753 1.720447 0.829718
v -3.678665 1.829329 0.346837
v -3.694119 1.830402 0.344412
v -3.918640 1.789169 1.554265
v -3.943116 1.789169 1.570636
v -5.158147 1.721547 1.379981
v -5.155047 1.720447 1.360222
v -4.615298 1.829313 1.499950
v -4.612100 1.830402 1.482994
v -5.879121 1.789169 1.266850
v -5.895981 1.789169 1.243960
v -5.705309 1.721547 0.028828
v -5.685137 1.720447 0.031993
v -5.782818 1.829303 0.522784
v -5.762693 1.830402 0.525942
v -4.848113 1.721547 -0.595843
v -4.851213 1.720447 -0.576084
v -5.569087 1.789169 -0.708974
v -5.592147 1.789169 -0.692348
v -4.291568 1.829327 -0.562753
v -4.293290 1.830402 -0.547062
v -3.633033 1.761680 -0.405180
v -3.616329 1.761680 -0.382276
v -3.729486 1.721547 0.338863
v -3.749244 1.720447 0.335762
v -3.756173 1.829329 0.840793
v -3.771628 1.830402 0.838368
v -3.920155 1.761680 1.553978
v -3.943082 1.761680 1.570642
v -4.664191 1.721547 1.457489
v -4.661091 1.720447 1.437731
v -5.158147 1.829305 1.379981
v -5.155079 1.830402 1.360428
v -5.879116 1.761680 1.266851
v -5.895981 1.761680 1.243960
v -5.782818 1.721547 0.522784
v -5.762646 1.720447 0.525949
v -5.705309 1.829303 0.028828
v -5.685184 1.830402 0.031986
v -3.840443 1.721547 -0.437725
v -3.863301 1.719348 -0.421067
v -3.883060 1.720447 -0.424168
v -5.569008 1.734192 -0.708961
v -5.592147 1.734192 -0.692348
v -5.255028 1.830402 -0.639696
v -5.291445 1.829307 -0.665408
v -5.274862 1.831502 -0.642561
v -3.633108 1.816658 -0.405191
v -3.616340 1.816658 -0.382208
v -3.887604 1.721547 1.346533
v -3.904262 1.719348 1.323674
v -3.901161 1.720447 1.303916
v -3.601156 1.829329 -0.147119
v -3.616611 1.830402 -0.149544
v -3.920150 1.816658 1.553949
v -3.943163 1.816658 1.570629
v -5.555104 1.720447 1.297448
v -5.597671 1.721547 1.311013
v -5.574912 1.719348 1.294340
v -4.121341 1.829314 1.577460
v -4.118141 1.830402 1.560554
v -5.879062 1.816658 1.266859
v -5.895981 1.816658 1.243960
v -5.534451 1.721339 -0.470654
v -5.511583 1.719348 -0.446892
v -5.521840 1.720447 -0.428256
v -5.779219 1.829488 1.049655
v -5.750418 1.831502 1.033986
v -5.754041 1.830402 1.013173
v -5.562800 1.831502 1.063426
v -5.546142 1.831502 1.086285
v -5.520146 1.830402 1.049874
v -5.326490 1.719348 -0.417848
v -5.303632 1.719348 -0.434506
v -5.290024 1.720447 -0.391881
v -3.879197 1.719348 -0.190747
v -3.921814 1.720447 -0.177190
v -3.895855 1.719348 -0.213606
v -4.111723 1.719348 1.291120
v -4.134582 1.719348 1.307778
v -4.148139 1.720447 1.265162
v -5.330274 1.831502 -0.418442
v -5.293820 1.830402 -0.392477
v -5.307415 1.831502 -0.435100
v -5.559016 1.719348 1.064020
v -5.516350 1.720447 1.050470
v -5.542358 1.719348 1.086878
v -5.671824 3.897666 1.299378
v -5.648965 3.897666 1.282720
v -5.668761 3.898765 1.279613
v -5.879009 3.897666 1.266867
v -5.876223 3.898765 1.247060
v -5.895933 3.897666 1.243967
v -5.624653 3.897666 -0.484879
v -5.607995 3.897666 -0.462020
v -5.604942 3.898765 -0.481786
v -5.592099 3.897666 -0.692340
v -5.572389 3.898765 -0.689247
v -5.568974 3.897666 -0.708956
v -5.361790 3.897666 -0.676446
v -5.364927 3.898765 -0.656693
v -5.345132 3.897666 -0.653587
v -5.863379 3.897666 1.036506
v -5.843669 3.898765 1.039598
v -5.840521 3.897666 1.019848
v -5.633070 3.897666 1.052400
v -5.636208 3.898765 1.072152
v -5.616412 3.897666 1.075258
v -5.400544 3.897666 -0.429468
v -5.377685 3.897666 -0.446126
v -5.397481 3.898765 -0.449232
v -5.361777 0.087254 -0.676444
v -5.345119 0.087254 -0.653585
v -5.364927 0.086155 -0.656693
v -5.568935 0.087254 -0.708950
v -5.572389 0.086155 -0.689247
v -5.592082 0.087254 -0.692337
v -3.648877 0.087254 -0.174852
v -3.671736 0.087254 -0.158194
v -3.668635 0.086155 -0.177952
v -3.616327 0.087254 -0.382291
v -3.636082 0.086155 -0.385413
v -3.633012 0.087254 -0.405176
v -4.150477 0.087254 1.538098
v -4.167135 0.087254 1.515240
v -4.147377 0.086155 1.518340
v -3.943055 0.087254 1.570646
v -3.939916 0.086155 1.550894
v -3.920156 0.087254 1.553985
v -5.863362 0.087254 1.036508
v -5.840504 0.087254 1.019850
v -5.843669 0.086155 1.039598
v -5.895916 0.087254 1.243970
v -5.876223 0.086155 1.247060
v -5.878970 0.087254 1.266874
v -3.840443 0.087254 -0.437725
v -3.843543 0.086155 -0.417967
v -3.863301 0.087254 -0.421067
v -3.887604 0.087254 1.346533
v -3.907362 0.086155 1.343432
v -3.904262 0.087254 1.323674
v -5.671812 0.087254 1.299380
v -5.668761 0.086155 1.279613
v -5.648953 0.087254 1.282722
v -5.624636 0.087254 -0.484876
v -5.604942 0.086155 -0.481786
v -5.607978 0.087254 -0.462017
v -5.400531 0.087254 -0.429466
v -5.397481 0.086155 -0.449232
v -5.377673 0.087254 -0.446124
v -3.879197 0.087254 -0.190747
v -3.895855 0.087254 -0.213606
v -3.876097 0.086155 -0.210505
v -4.111723 0.087254 1.291120
v -4.114823 0.086155 1.310879
v -4.134582 0.087254 1.307778
v -5.633058 0.087254 1.052402
v -5.616399 0.087254 1.075260
v -5.636208 0.086155 1.072152
vn -0.0000 1.0000 -0.0000
vn -0.0000 -1.0000 -0.0000
vn -0.9879 -0.0000 -0.1550
vn -0.1550 -0.0000 0.9879
vn 0.5731 -0.8146 0.0899
vn 0.1550 -0.0000 -0.9879
vn 0.9879 -0.0000 0.1550
vn 0.5731 0.8145 0.0899
vn 0.1104 0.9907 -0.0797
vn 0.0706 0.9927 0.0978
vn 0.0785 -0.9853 -0.1518
vn 0.1521 -0.9852 0.0787
vn -0.0787 -0.9852 0.1521
vn 0.0271 0.9856 0.1670
vn -0.0873 -0.9955 -0.0355
vn -0.0967 0.9953 0.0077
vn -0.0283 -0.9852 -0.1689
vn 0.0763 0.9857 -0.1501
vn 0.1689 -0.9852 -0.0283
vn 0.0283 -0.9853 0.1685
vn -0.0940 -0.9955 0.0070
vn -0.0897 0.9953 -0.0370
vn 0.0209 0.9997 -0.0152
vn 0.0152 -0.9997 0.0209
vn -0.0209 -0.9997 0.0153
vn -0.0153 -0.9997 -0.0209
vn 0.0152 0.9997 0.0209
vn 0.0209 -0.9997 -0.0152
vn 0.0456 0.9970 0.0625
vn -0.0629 0.9969 0.0465
vn -0.0628 0.9970 0.0458
vn -0.0456 0.9969 -0.0635
vn 0.0625 0.9970 -0.0456
vn -0.0458 0.9970 -0.0628
vn 0.0625 -0.9970 -0.0455
vn -0.0457 -0.9969 -0.0636
vn 0.0457 -0.9970 0.0627
vn 0.0627 -0.9970 -0.0457
vn -0.0626 -0.9970 0.0457
vn 0.0457 -0.9970 0.0628
vn -0.0458 -0.9970 -0.0628
vn -0.0630 -0.9969 0.0466
vn -0.0457 -0.9970 -0.0627
vn 0.0626 -0.9970 -0.0457
vn 0.0455 -0.9970 0.0625
vn -0.0629 -0.9970 0.0458
vn -0.1223 0.9778 -0.1702
vn 0.0106 0.9977 -0.0674
vn 0.8080 0.0002 -0.5891
vn 0.0677 0.9977 0.0098
vn 0.5882 0.0002 0.8087
vn -0.1579 -0.9805 0.1168
vn 0.0085 -0.9985 -0.0542
vn -0.5847 -0.0006 -0.8112
vn -0.0017 0.9984 -0.0564
vn 0.5977 -0.6727 -0.4361
vn 0.0542 -0.9985 0.0085
vn 0.0676 0.9977 0.0106
vn 0.4025 0.6899 0.6017
vn -0.0085 -0.9985 0.0542
vn -0.0098 0.9980 0.0623
vn -0.8052 0.0003 0.5930
vn -0.0531 -0.9986 -0.0083
vn -0.0532 0.9985 -0.0084
vn -0.5848 -0.0000 -0.8112
vn 0.0105 0.9977 -0.0672
vn 0.8080 0.0005 -0.5892
vn 0.5879 0.0007 0.8089
vn -0.0086 0.9985 0.0547
vn -0.8051 -0.0000 0.5932
vn -0.5832 -0.0024 -0.8123
vn 0.0086 0.9985 -0.0547
vn 0.8079 0.0013 -0.5894
vn 0.4167 0.7041 0.5749
vn -0.0098 0.9980 0.0624
vn -0.8043 0.0020 0.5942
vn -0.0266 -0.9996 -0.0131
vn -0.0306 0.9995 0.0040
vn -0.5844 -0.0000 -0.8115
vn 0.0106 0.9977 -0.0673
vn 0.8080 0.0003 -0.5892
vn 0.5881 0.0004 0.8088
vn -0.8047 -0.0000 0.5937
vn -0.0562 -0.9983 0.0124
vn -0.0501 0.9984 -0.0277
vn -0.5842 -0.0014 -0.8116
vn 0.5676 0.6904 -0.4485
vn 0.4347 -0.6723 0.5992
vn -0.8049 0.0011 0.5935
vn -0.0530 -0.9986 -0.0083
vn -0.0531 0.9986 -0.0083
vn -0.5849 -0.0000 -0.8111
vn 0.0105 0.9977 -0.0669
vn 0.7822 -0.0786 -0.6181
vn 0.4174 -0.7039 0.5747
vn -0.0167 0.9980 0.0608
vn -0.8052 -0.0000 0.5929
vn -0.0532 -0.9986 -0.0083
vn -0.0533 0.9985 -0.0084
vn -0.1145 -0.9805 -0.1597
vn 0.1325 -0.9866 -0.0954
vn 0.0683 0.9976 0.0116
vn 0.1167 -0.9804 0.1588
vn -0.1685 0.9778 0.1246
vn 0.0085 0.9985 -0.0542
vn 0.0541 0.9985 0.0085
vn 0.0541 -0.9985 0.0085
vn -0.0542 -0.9985 -0.0085
vn -0.0085 0.9985 0.0542
vn -0.0544 0.9985 -0.0085
vn 0.5888 0.0243 0.8079
vn -0.8078 -0.0312 0.5887
vn -0.5830 -0.0310 -0.8119
vn 0.8079 0.0243 -0.5888
vn -0.8037 -0.0310 0.5943
vn -0.5887 -0.0312 -0.8078
vn -0.0544 -0.9985 -0.0085
vn -0.5889 -0.0000 -0.8082
vn -0.8082 -0.0000 0.5889
vn -0.4715 0.0336 -0.8812
vn -0.8032 0.0419 0.5943
vn -0.5823 0.0419 -0.8119
vn -0.8075 0.0422 0.5884
vn 0.5886 -0.0325 0.8077
vn 0.8077 -0.0325 -0.5886
vn 0.5889 -0.0000 0.8082
vn 0.8080 -0.0000 -0.5891
vn 0.5883 -0.0000 0.8086
vn 0.8082 -0.0000 -0.5889
vn -0.1376 -0.9903 -0.0216
vn -0.9812 0.0558 -0.1847
vn -0.1471 0.9889 -0.0231
vn -0.9870 -0.0441 -0.1549
vn 0.0357 -0.9732 -0.2273
vn 0.2363 -0.9710 0.0371
vn -0.9862 0.0597 -0.1547
vn -0.9912 -0.0411 -0.1261
vn -0.0536 -0.9384 0.3414
vn 0.6115 -0.7898 0.0482
vn 0.9817 -0.1116 0.1540
vn -0.1557 -0.9875 0.0261
vn 0.5794 0.8137 0.0456
vn 0.5968 -0.7898 0.1414
vn -0.1402 -0.9875 -0.0726
vn 0.9869 -0.0459 0.1549
vn 0.9873 0.0344 0.1549
vn 0.5731 -0.8145 0.0899
vn 0.5731 0.8146 0.0899
vn 0.0106 0.9977 -0.0675
vn 0.8080 0.0001 -0.5891
vn 0.0686 0.9976 0.0098
vn 0.5883 0.0001 0.8086
vn -0.1579 -0.9805 0.1169
vn -0.0013 0.9977 -0.0682
vn 0.5681 -0.6898 -0.4489
vn 0.4348 0.6728 0.5986
vn -0.0097 0.9980 0.0621
vn -0.5844 0.0011 -0.8115
vn 0.8080 0.0004 -0.5892
vn 0.5881 0.0002 0.8088
vn -0.8047 -0.0014 0.5937
vn -0.5842 -0.0000 -0.8116
vn 0.7820 0.0806 -0.6180
vn 0.4170 0.7040 0.5749
vn -0.8049 -0.0000 0.5935
vn -0.0497 -0.9983 -0.0290
vn -0.0562 0.9984 0.0111
vn -0.5836 0.0020 -0.8120
vn 0.5882 0.0001 0.8087
vn -0.0086 0.9985 0.0546
vn -0.8040 -0.0024 0.5946
vn -0.0294 -0.9996 0.0043
vn -0.0279 0.9995 -0.0131
vn -0.5847 -0.0000 -0.8112
vn 0.0086 0.9985 -0.0548
vn 0.5972 0.6734 -0.4357
vn 0.4028 -0.6892 0.6023
vn -0.8052 -0.0000 0.5930
vn -0.5848 0.0003 -0.8112
vn 0.8080 0.0007 -0.5892
vn 0.4176 -0.7038 0.5746
vn -0.0152 0.9984 0.0537
vn -0.8051 -0.0006 0.5932
vn -0.1146 -0.9805 -0.1596
vn 0.1316 -0.9866 -0.0960
vn 0.0675 0.9977 0.0114
vn 0.1155 -0.9805 0.1593
vn -0.1685 0.9778 0.1245
vn -0.7227 -0.0250 0.6907
vn -0.5832 -0.0310 -0.8117
vn -0.8038 -0.0310 0.5941
vn -0.4764 -0.0250 -0.8789
vn -0.5884 0.0422 -0.8075
vn -0.8030 0.0419 0.5945
vn -0.5826 0.0419 -0.8117
vn -0.7187 0.0336 0.6945
vn -0.9822 -0.0411 -0.1835
vn 0.2249 -0.9736 0.0380
vn -0.9906 0.0558 -0.1247
vn 0.2251 -0.9738 0.0325
vn -0.0051 -0.9597 -0.2809
vn 0.5794 -0.8137 0.0456
vn 0.5968 0.7899 0.1414
vn -0.1090 -0.9113 0.3971
vn -0.1504 0.9858 -0.0741
vn 0.6115 0.7898 0.0482
vn 0.9817 0.1118 0.1540
vn -0.1659 0.9858 0.0244
vt 0.750000 0.593750
vt 0.718750 0.625000
vt 0.718750 0.593750
vt 0.250000 0.593750
vt 0.218750 0.625000
vt 0.218750 0.593750
vt 0.500000 0.843750
vt 0.468750 0.875000
vt 0.468750 0.843750
vt 0.500000 0.593750
vt 0.468750 0.625000
vt 0.468750 0.593750
vt 0.500000 0.343750
vt 0.468750 0.375000
vt 0.468750 0.343750
vt 0.500000 0.093750
vt 0.468750 0.125000
vt 0.468750 0.093750
vt 0.562500 0.093750
vt 0.531250 0.125000
vt 0.531250 0.093750
vt 0.562500 0.031250
vt 0.531250 0.062500
vt 0.531250 0.031250
vt 0.437500 0.093750
vt 0.406250 0.125000
vt 0.406250 0.093750
vt 0.437500 0.031250
vt 0.406250 0.062500
vt 0.406250 0.031250
vt 0.500000 0.031250
vt 0.468750 0.062500
vt 0.468750 0.031250
vt 0.437500 0.156250
vt 0.406250 0.187500
vt 0.406250 0.156250
vt 0.500000 0.156250
vt 0.468750 0.187500
vt 0.468750 0.156250
vt 0.562500 0.343750
vt 0.531250 0.375000
vt 0.531250 0.343750
vt 0.562500 0.281250
vt 0.531250 0.312500
vt 0.531250 0.281250
vt 0.437500 0.343750
vt 0.406250 0.375000
vt 0.406250 0.343750
vt 0.437500 0.281250
vt 0.406250 0.312500
vt 0.406250 0.281250
vt 0.500000 0.281250
vt 0.468750 0.312500
vt 0.468750 0.281250
vt 0.437500 0.406250
vt 0.406250 0.437500
vt 0.406250 0.406250
vt 0.500000 0.406250
vt 0.468750 0.437500
vt 0.468750 0.406250
vt 0.562500 0.593750
vt 0.531250 0.625000
vt 0.531250 0.593750
vt 0.562500 0.531250
vt 0.531250 0.562500
vt 0.531250 0.531250
vt 0.437500 0.593750
vt 0.406250 0.625000
vt 0.406250 0.593750
vt 0.437500 0.531250
vt 0.406250 0.562500
vt 0.406250 0.531250
vt 0.500000 0.531250
vt 0.468750 0.562500
vt 0.468750 0.531250
vt 0.437500 0.656250
vt 0.406250 0.687500
vt 0.406250 0.656250
vt 0.500000 0.656250
vt 0.468750 0.687500
vt 0.468750 0.656250
vt 0.562500 0.843750
vt 0.531250 0.875000
vt 0.531250 0.843750
vt 0.562500 0.781250
vt 0.531250 0.812500
vt 0.531250 0.781250
vt 0.437500 0.843750
vt 0.406250 0.875000
vt 0.406250 0.843750
vt 0.437500 0.781250
vt 0.406250 0.812500
vt 0.406250 0.781250
vt 0.500000 0.781250
vt 0.468750 0.812500
vt 0.468750 0.781250
vt 0.437500 0.906250
vt 0.406250 0.937500
vt 0.406250 0.906250
vt 0.500000 0.906250
vt 0.468750 0.937500
vt 0.468750 0.906250
vt 0.312500 0.593750
vt 0.281250 0.625000
vt 0.281250 0.593750
vt 0.312500 0.531250
vt 0.281250 0.562500
vt 0.281250 0.531250
vt 0.187500 0.593750
vt 0.156250 0.625000
vt 0.156250 0.593750
vt 0.250000 0.531250
vt 0.218750 0.562500
vt 0.218750 0.531250
vt 0.187500 0.656250
vt 0.156250 0.687500
vt 0.156250 0.656250
vt 0.250000 0.656250
vt 0.218750 0.687500
vt 0.218750 0.656250
vt 0.812500 0.593750
vt 0.781250 0.625000
vt 0.781250 0.593750
vt 0.812500 0.531250
vt 0.781250 0.562500
vt 0.781250 0.531250
vt 0.687500 0.593750
vt 0.656250 0.625000
vt 0.656250 0.593750
vt 0.687500 0.531250
vt 0.656250 0.562500
vt 0.656250 0.531250
vt 0.750000 0.531250
vt 0.718750 0.562500
vt 0.718750 0.531250
vt 0.687500 0.656250
vt 0.656250 0.687500
vt 0.656250 0.656250
vt 0.750000 0.656250
vt 0.718750 0.687500
vt 0.718750 0.656250
vt 0.812500 0.656250
vt 0.781250 0.687500
vt 0.781250 0.656250
vt 0.312500 0.656250
vt 0.281250 0.687500
vt 0.281250 0.656250
vt 0.562500 0.906250
vt 0.531250 0.937500
vt 0.531250 0.906250
vt 0.562500 0.656250
vt 0.531250 0.687500
vt 0.531250 0.656250
vt 0.562500 0.406250
vt 0.531250 0.437500
vt 0.531250 0.406250
vt 0.562500 0.156250
vt 0.531250 0.187500
vt 0.531250 0.156250
vt 0.593750 0.156250
vt 0.562500 0.187500
vt 0.593750 0.125000
vt 0.562500 0.125000
vt 0.500000 0.187500
vt 0.500000 0.125000
vt 0.500000 0.218750
vt 0.531250 0.218750
vt 0.593750 0.406250
vt 0.562500 0.437500
vt 0.593750 0.375000
vt 0.562500 0.375000
vt 0.500000 0.437500
vt 0.500000 0.375000
vt 0.500000 0.468750
vt 0.531250 0.468750
vt 0.593750 0.656250
vt 0.562500 0.687500
vt 0.593750 0.625000
vt 0.562500 0.625000
vt 0.500000 0.687500
vt 0.500000 0.625000
vt 0.500000 0.718750
vt 0.531250 0.718750
vt 0.593750 0.906250
vt 0.562500 0.937500
vt 0.593750 0.875000
vt 0.562500 0.875000
vt 0.500000 0.937500
vt 0.500000 0.875000
vt 0.500000 0.968750
vt 0.531250 0.968750
vt 0.343750 0.656250
vt 0.312500 0.687500
vt 0.343750 0.625000
vt 0.312500 0.625000
vt 0.250000 0.687500
vt 0.250000 0.625000
vt 0.250000 0.718750
vt 0.281250 0.718750
vt 0.843750 0.656250
vt 0.812500 0.687500
vt 0.843750 0.625000
vt 0.812500 0.625000
vt 0.750000 0.687500
vt 0.750000 0.625000
vt 0.750000 0.718750
vt 0.781250 0.718750
vt 0.687500 0.687500
vt 0.687500 0.625000
vt 0.687500 0.562500
vt 0.843750 0.531250
vt 0.812500 0.562500
vt 0.750000 0.562500
vt 0.187500 0.687500
vt 0.187500 0.625000
vt 0.187500 0.562500
vt 0.187500 0.531250
vt 0.156250 0.562500
vt 0.250000 0.562500
vt 0.312500 0.562500
vt 0.437500 0.937500
vt 0.437500 0.875000
vt 0.406250 0.968750
vt 0.437500 0.812500
vt 0.593750 0.781250
vt 0.562500 0.812500
vt 0.500000 0.812500
vt 0.437500 0.687500
vt 0.437500 0.625000
vt 0.406250 0.718750
vt 0.437500 0.562500
vt 0.593750 0.531250
vt 0.562500 0.562500
vt 0.500000 0.562500
vt 0.437500 0.437500
vt 0.437500 0.375000
vt 0.406250 0.468750
vt 0.437500 0.312500
vt 0.593750 0.281250
vt 0.562500 0.312500
vt 0.500000 0.312500
vt 0.437500 0.187500
vt 0.437500 0.125000
vt 0.406250 0.218750
vt 0.437500 0.062500
vt 0.593750 0.031250
vt 0.562500 0.062500
vt 0.500000 0.062500
vt 0.593750 0.093750
vt 0.593750 0.062500
vt 0.437500 0.218750
vt 0.468750 0.218750
vt 0.593750 0.343750
vt 0.593750 0.312500
vt 0.437500 0.468750
vt 0.468750 0.468750
vt 0.593750 0.593750
vt 0.593750 0.562500
vt 0.437500 0.718750
vt 0.468750 0.718750
vt 0.593750 0.843750
vt 0.593750 0.812500
vt 0.437500 0.968750
vt 0.468750 0.968750
vt 0.343750 0.593750
vt 0.343750 0.562500
vt 0.187500 0.718750
vt 0.218750 0.718750
vt 0.843750 0.593750
vt 0.843750 0.562500
vt 0.687500 0.718750
vt 0.718750 0.718750
vt 0.593750 0.937500
vt 0.562500 0.968750
vt 0.593750 0.687500
vt 0.562500 0.718750
vt 0.593750 0.437500
vt 0.562500 0.468750
vt 0.593750 0.187500
vt 0.562500 0.218750
vt 0.624814 0.249049
vt 0.622432 0.251582
vt 0.622559 0.247482
vt 0.625959 0.500111
vt 0.622386 0.501890
vt 0.622566 0.497766
vt 0.375000 0.031250
vt 0.376000 0.028803
vt 0.375000 0.281250
vt 0.375000 0.281250
vt 0.376000 0.278750
vt 0.372500 0.533750
vt 0.372500 0.531250
vt 0.376667 0.528750
vt 0.627478 0.715254
vt 0.627500 0.718750
vt 0.623336 0.721040
vt 0.341875 0.747510
vt 0.343750 0.747251
vt 0.343750 0.750000
vt 0.625000 0.967074
vt 0.625000 0.968750
vt 0.623586 0.970799
vt 0.376000 0.221250
vt 0.375000 0.218750
vt 0.625000 0.034746
vt 0.623261 0.029314
vt 0.625000 0.031250
vt 0.343750 0.500000
vt 0.343750 0.502500
vt 0.341875 0.502500
vt 0.372500 0.715178
vt 0.376250 0.721141
vt 0.372500 0.718750
vt 0.375831 0.971222
vt 0.375000 0.968750
vt 0.623303 0.779290
vt 0.625000 0.781250
vt 0.625000 0.782926
vt 0.656250 0.721468
vt 0.653750 0.718750
vt 0.658750 0.715198
vt 0.156250 0.721499
vt 0.153750 0.718750
vt 0.158750 0.715119
vt 0.156250 0.528750
vt 0.158750 0.533750
vt 0.153750 0.531250
vt 0.343750 0.528750
vt 0.346250 0.531250
vt 0.341250 0.533750
vt 0.843750 0.721468
vt 0.841250 0.715179
vt 0.846250 0.718750
vt 0.343750 0.721498
vt 0.341250 0.715099
vt 0.346250 0.718750
vt 0.625000 0.721250
vt 0.627500 0.721250
vt 0.625000 0.748099
vt 0.626250 0.750000
vt 0.625000 0.752500
vt 0.625000 0.971250
vt 0.625000 0.971250
vt 0.625000 0.000000
vt 0.625000 0.002500
vt 0.625000 0.002534
vt 0.625000 0.028750
vt 0.625000 0.028750
vt 0.656250 0.750000
vt 0.654583 0.747500
vt 0.656250 0.747500
vt 0.656250 0.721250
vt 0.653750 0.721250
vt 0.653750 0.718750
vt 0.843750 0.721250
vt 0.846250 0.718750
vt 0.846250 0.721250
vt 0.125000 0.721244
vt 0.127500 0.718750
vt 0.127500 0.721250
vt 0.125000 0.747455
vt 0.127500 0.747500
vt 0.127500 0.749996
vt 0.153750 0.500000
vt 0.156250 0.502500
vt 0.153750 0.502500
vt 0.127503 0.500000
vt 0.127500 0.502500
vt 0.125000 0.502504
vt 0.375000 0.528750
vt 0.372500 0.528750
vt 0.375000 0.502505
vt 0.372500 0.502500
vt 0.373749 0.498749
vt 0.345417 0.749997
vt 0.343750 0.747497
vt 0.346250 0.747500
vt 0.373750 0.751248
vt 0.372500 0.747500
vt 0.375000 0.747461
vt 0.125000 0.528750
vt 0.127500 0.528750
vt 0.127500 0.531250
vt 0.345417 0.500000
vt 0.346250 0.502500
vt 0.343750 0.502500
vt 0.375000 0.721251
vt 0.372500 0.721250
vt 0.372500 0.718750
vt 0.153750 0.749996
vt 0.153750 0.747500
vt 0.156250 0.747497
vt 0.156250 0.721251
vt 0.153750 0.721250
vt 0.153750 0.718750
vt 0.156250 0.528750
vt 0.153750 0.531250
vt 0.153750 0.528750
vt 0.343750 0.528750
vt 0.346250 0.528750
vt 0.346250 0.531250
vt 0.343750 0.721251
vt 0.346250 0.718750
vt 0.346250 0.721250
vt 0.593750 0.002533
vt 0.593750 0.000000
vt 0.625000 0.218505
vt 0.622558 0.218750
vt 0.406250 0.252503
vt 0.375000 0.247496
vt 0.406250 0.247496
vt 0.625000 0.468750
vt 0.622560 0.468750
vt 0.375000 0.502505
vt 0.406250 0.497499
vt 0.406250 0.502506
vt 0.375000 0.752500
vt 0.406250 0.747464
vt 0.406250 0.752500
vt 0.127500 0.625000
vt 0.125000 0.593750
vt 0.127500 0.593750
vt 0.468750 0.000000
vt 0.500000 0.002525
vt 0.468750 0.002526
vt 0.625000 0.124621
vt 0.622511 0.093750
vt 0.625000 0.093750
vt 0.500000 0.252499
vt 0.531250 0.247669
vt 0.531250 0.252508
vt 0.250000 0.502500
vt 0.281250 0.500000
vt 0.281250 0.502500
vt 0.625000 0.375000
vt 0.622560 0.343750
vt 0.625000 0.343750
vt 0.500000 0.502331
vt 0.531250 0.497504
vt 0.531250 0.502513
vt 0.372500 0.625000
vt 0.377500 0.656250
vt 0.372500 0.656250
vt 0.627203 0.625000
vt 0.622524 0.593750
vt 0.627198 0.593750
vt 0.531250 0.752500
vt 0.500000 0.747475
vt 0.531250 0.747474
vt 0.250000 0.747450
vt 0.218750 0.750000
vt 0.218750 0.747448
vt 0.625000 0.875000
vt 0.622500 0.843750
vt 0.625000 0.843750
vt 0.127500 0.687500
vt 0.125000 0.656250
vt 0.127500 0.656250
vt 0.562500 0.000000
vt 0.531250 0.002526
vt 0.531250 0.000000
vt 0.625000 0.156004
vt 0.622558 0.187500
vt 0.622556 0.156250
vt 0.468750 0.252505
vt 0.437500 0.247495
vt 0.468750 0.247493
vt 0.187500 0.502500
vt 0.218750 0.500000
vt 0.218750 0.502500
vt 0.625000 0.437500
vt 0.622560 0.406250
vt 0.625000 0.406250
vt 0.437500 0.502507
vt 0.468750 0.497498
vt 0.468750 0.502508
vt 0.372500 0.562500
vt 0.377500 0.593750
vt 0.372500 0.593750
vt 0.627474 0.656250
vt 0.622504 0.687500
vt 0.622504 0.656250
vt 0.437500 0.752500
vt 0.468750 0.747474
vt 0.468750 0.752500
vt 0.281250 0.747448
vt 0.312500 0.750000
vt 0.281250 0.750000
vt 0.625000 0.906250
vt 0.622500 0.937500
vt 0.622500 0.906250
vt 0.127500 0.533750
vt 0.125000 0.562500
vt 0.125000 0.531250
vt 0.406250 0.000000
vt 0.437500 0.002530
vt 0.406250 0.002536
vt 0.622510 0.062500
vt 0.593750 0.252513
vt 0.562500 0.247487
vt 0.593750 0.247484
vt 0.312500 0.500000
vt 0.625000 0.312500
vt 0.622560 0.281250
vt 0.625000 0.281250
vt 0.562500 0.502335
vt 0.593750 0.497494
vt 0.593750 0.502519
vt 0.377500 0.687500
vt 0.627194 0.562500
vt 0.622525 0.531250
vt 0.627192 0.531250
vt 0.593750 0.752500
vt 0.562500 0.747472
vt 0.593750 0.747467
vt 0.158750 0.747261
vt 0.187500 0.750000
vt 0.156250 0.750000
vt 0.622500 0.812500
vt 0.127500 0.715178
vt 0.125000 0.687500
vt 0.562500 0.002528
vt 0.625000 0.187255
vt 0.437500 0.252504
vt 0.158750 0.502500
vt 0.187500 0.500000
vt 0.622560 0.437500
vt 0.437500 0.497498
vt 0.377500 0.562500
vt 0.627477 0.687500
vt 0.437500 0.747470
vt 0.312500 0.747441
vt 0.625000 0.937911
vt 0.127500 0.562500
vt 0.437500 0.000000
vt 0.625000 0.062500
vt 0.562500 0.252503
vt 0.312500 0.502500
vt 0.622560 0.312500
vt 0.562500 0.497496
vt 0.372500 0.687500
vt 0.622524 0.562500
vt 0.562500 0.752500
vt 0.187500 0.747441
vt 0.625000 0.812089
vt 0.125000 0.625000
vt 0.500000 0.000000
vt 0.622554 0.125000
vt 0.500000 0.247492
vt 0.250000 0.500000
vt 0.622560 0.375000
vt 0.500000 0.497497
vt 0.377500 0.625000
vt 0.622523 0.625000
vt 0.500000 0.752500
vt 0.250000 0.750000
vt 0.622500 0.875000
vt 0.375000 0.000000
vt 0.375000 0.002791
vt 0.625000 0.752500
vt 0.625000 0.747243
vt 0.658750 0.747289
vt 0.156250 0.502500
vt 0.841250 0.747289
vt 0.872531 0.715254
vt 0.872500 0.718750
vt 0.625000 0.997500
vt 0.625000 0.778750
vt 0.843750 0.747500
vt 0.872500 0.721250
vt 0.625000 0.002757
vt 0.656250 0.747282
vt 0.375000 0.002537
vt 0.375000 0.971250
vt 0.375000 0.968750
vt 0.375000 0.278750
vt 0.375000 0.252503
vt 0.375000 0.247496
vt 0.375000 0.497499
vt 0.375000 0.028749
vt 0.375000 0.221250
vt 0.406250 0.997500
vt 0.375000 0.997500
vt 0.593750 0.997500
vt 0.593750 0.968750
vt 0.625000 0.997500
vt 0.375000 0.252503
vt 0.843750 0.502044
vt 0.872948 0.531250
vt 0.593750 0.218750
vt 0.375000 0.747209
vt 0.376384 0.778791
vt 0.375000 0.778750
vt 0.593750 0.718750
vt 0.376667 0.471250
vt 0.375000 0.471250
vt 0.656250 0.502044
vt 0.593750 0.468750
vt 0.377500 0.156250
vt 0.377500 0.125000
vt 0.377500 0.093750
vt 0.468750 0.997500
vt 0.500000 0.997500
vt 0.872536 0.656250
vt 0.872932 0.625000
vt 0.377500 0.406250
vt 0.377500 0.375000
vt 0.377500 0.343750
vt 0.781250 0.502044
vt 0.750000 0.502044
vt 0.718750 0.502044
vt 0.377500 0.906250
vt 0.377500 0.875000
vt 0.377500 0.843750
vt 0.718750 0.747454
vt 0.781250 0.747454
vt 0.750000 0.747455
vt 0.377500 0.062500
vt 0.531250 0.997500
vt 0.562500 0.997500
vt 0.872940 0.593750
vt 0.872945 0.562500
vt 0.377500 0.312500
vt 0.687500 0.502044
vt 0.377500 0.812500
vt 0.312500 0.718750
vt 0.812500 0.747448
vt 0.812500 0.718750
vt 0.377500 0.187500
vt 0.437500 0.997500
vt 0.843750 0.687500
vt 0.872532 0.687500
vt 0.377500 0.437500
vt 0.812500 0.502044
vt 0.343750 0.687500
vt 0.377500 0.937500
vt 0.687500 0.747448
vt 0.127500 0.718750
vt 0.843750 0.747282
vt 0.127500 0.531250
vt 0.156250 0.747251
vt 0.846250 0.747500
vt 0.125000 0.718750
vt 0.156250 0.500000
vt 0.872949 0.502411
vt 0.872500 0.747500
s 0
f 1536/1368/483 1561/1369/483 1763/1370/483
f 1540/1371/484 1565/1372/484 1760/1373/484
f 1544/1374/485 1569/1375/485 1757/1376/485
f 1548/1377/486 1573/1378/486 1754/1379/486
f 1552/1380/487 1577/1381/487 1751/1382/487
f 1556/1383/488 1581/1384/488 1748/1385/488
f 1583/1386/488 1558/1387/488 1746/1388/488
f 1584/1389/488 1585/1390/488 1745/1391/488
f 1587/1392/488 1557/1393/488 1743/1394/488
f 1588/1395/488 1589/1396/488 1742/1397/488
f 1580/1398/488 1590/1399/488 1741/1400/488
f 1592/1401/488 1593/1402/488 1739/1403/488
f 1579/1404/488 1594/1405/488 1738/1406/488
f 1595/1407/489 1554/1408/489 1737/1409/489
f 1596/1410/489 1597/1411/489 1736/1412/489
f 1599/1413/489 1553/1414/489 1734/1415/489
f 1600/1416/489 1601/1417/489 1733/1418/489
f 1576/1419/487 1602/1420/487 1732/1421/487
f 1604/1422/489 1605/1423/489 1730/1424/489
f 1575/1425/487 1606/1426/487 1729/1427/487
f 1607/1428/486 1550/1429/486 1728/1430/486
f 1608/1431/486 1609/1432/486 1727/1433/486
f 1611/1434/486 1549/1435/486 1725/1436/486
f 1612/1437/486 1613/1438/486 1724/1439/486
f 1572/1440/486 1614/1441/486 1723/1442/486
f 1616/1443/486 1617/1444/486 1721/1445/486
f 1571/1446/486 1618/1447/486 1720/1448/486
f 1619/1449/485 1546/1450/485 1719/1451/485
f 1620/1452/485 1621/1453/485 1718/1454/485
f 1623/1455/485 1545/1456/485 1716/1457/485
f 1624/1458/485 1625/1459/485 1715/1460/485
f 1568/1461/485 1626/1462/485 1714/1463/485
f 1628/1464/485 1629/1465/485 1712/1466/485
f 1567/1467/485 1630/1468/485 1711/1469/485
f 1631/1470/484 1542/1471/484 1710/1472/484
f 1632/1473/484 1633/1474/484 1709/1475/484
f 1635/1476/484 1541/1477/484 1708/1478/484
f 1564/1479/484 1638/1480/484 1707/1481/484
f 1640/1482/484 1641/1483/484 1706/1484/484
f 1563/1485/484 1642/1486/484 1705/1487/484
f 1643/1488/483 1538/1489/483 1704/1490/483
f 1644/1491/483 1645/1492/483 1703/1493/483
f 1647/1494/483 1537/1495/483 1701/1496/483
f 1648/1497/483 1649/1498/483 1700/1499/483
f 1560/1500/483 1650/1501/483 1699/1502/483
f 1652/1503/483 1653/1504/483 1698/1505/483
f 1559/1506/483 1654/1507/483 1697/1508/483
f 1656/1509/483 1657/1510/483 1695/1511/483
f 1660/1512/484 1661/1513/484 1692/1514/484
f 1664/1515/485 1665/1516/485 1689/1517/485
f 1668/1518/486 1669/1519/486 1686/1520/486
f 1672/1521/489 1673/1522/489 1683/1523/489
f 1676/1524/488 1677/1525/488 1680/1526/488
f 1679/1527/488 1534/1528/488 1676/1524/488
f 1582/1529/488 1676/1524/488 1510/1530/488
f 1680/1526/488 1507/1531/488 1579/1404/488
f 1558/1387/488 1579/1404/488 1486/1532/488
f 1510/1530/488 1680/1526/488 1558/1387/488
f 1677/1525/488 1555/1533/488 1507/1531/488
f 1534/1528/488 1681/1534/488 1677/1525/488
f 1682/1535/490 1533/1536/490 1672/1521/490
f 1578/1537/490 1672/1521/490 1506/1538/490
f 1683/1523/489 1503/1539/489 1575/1425/489
f 1554/1408/489 1575/1425/489 1485/1540/489
f 1506/1538/489 1683/1523/489 1554/1408/489
f 1673/1522/489 1551/1541/489 1503/1539/489
f 1533/1536/489 1684/1542/489 1673/1522/489
f 1685/1543/486 1532/1544/486 1668/1518/486
f 1574/1545/486 1668/1518/486 1502/1546/486
f 1686/1520/486 1499/1547/486 1571/1446/486
f 1550/1429/486 1571/1446/486 1484/1548/486
f 1502/1546/486 1686/1520/486 1550/1429/486
f 1669/1519/486 1547/1549/486 1499/1547/486
f 1532/1544/486 1687/1550/486 1669/1519/486
f 1688/1551/485 1531/1552/485 1664/1515/485
f 1570/1553/485 1664/1515/485 1498/1554/485
f 1689/1517/485 1495/1555/485 1567/1467/485
f 1546/1450/485 1567/1467/485 1483/1556/485
f 1498/1554/485 1689/1517/485 1546/1450/485
f 1665/1516/485 1543/1557/485 1495/1555/485
f 1531/1552/485 1690/1558/485 1665/1516/485
f 1691/1559/484 1530/1560/484 1660/1512/484
f 1566/1561/484 1660/1512/484 1494/1562/484
f 1692/1514/484 1491/1563/484 1563/1485/484
f 1542/1471/484 1563/1485/484 1482/1564/484
f 1494/1562/484 1692/1514/484 1542/1471/484
f 1661/1513/484 1539/1565/484 1491/1563/484
f 1530/1560/484 1693/1566/484 1661/1513/484
f 1694/1567/483 1529/1568/483 1656/1509/483
f 1562/1569/483 1656/1509/483 1490/1570/483
f 1695/1511/483 1487/1571/483 1559/1506/483
f 1538/1489/483 1559/1506/483 1481/1572/483
f 1490/1570/483 1695/1511/483 1538/1489/483
f 1657/1510/483 1535/1573/483 1487/1571/483
f 1529/1568/483 1696/1574/483 1657/1510/483
f 1697/1508/483 1528/1575/483 1652/1503/483
f 1561/1369/483 1652/1503/483 1489/1576/483
f 1481/1572/483 1697/1508/483 1561/1369/483
f 1489/1576/483 1698/1505/483 1537/1495/483
f 1699/1502/483 1527/1577/483 1648/1497/483
f 1527/1577/483 1701/1496/483 1649/1498/483
f 1702/1578/483 1526/1579/483 1644/1491/483
f 1703/1493/483 1488/1580/483 1560/1500/483
f 1704/1490/483 1481/1572/483 1536/1368/483
f 1645/1492/483 1536/1368/483 1488/1580/483
f 1526/1579/483 1704/1490/483 1645/1492/483
f 1705/1487/484 1525/1581/484 1640/1482/484
f 1565/1372/484 1640/1482/484 1493/1582/484
f 1482/1564/484 1705/1487/484 1565/1372/484
f 1493/1582/484 1706/1484/484 1541/1477/484
f 1707/1481/484 1524/1583/484 1636/1584/484
f 1524/1583/484 1708/1478/484 1637/1585/484
f 1709/1475/484 1492/1586/484 1564/1479/484
f 1710/1472/484 1482/1564/484 1540/1371/484
f 1633/1474/484 1540/1371/484 1492/1586/484
f 1523/1587/484 1710/1472/484 1633/1474/484
f 1711/1469/485 1522/1588/485 1628/1464/485
f 1569/1375/485 1628/1464/485 1497/1589/485
f 1483/1556/485 1711/1469/485 1569/1375/485
f 1497/1589/485 1712/1466/485 1545/1456/485
f 1522/1588/485 1713/1590/485 1629/1465/485
f 1714/1463/485 1521/1591/485 1624/1458/485
f 1521/1591/485 1716/1457/485 1625/1459/485
f 1717/1592/485 1520/1593/485 1620/1452/485
f 1718/1454/485 1496/1594/485 1568/1461/485
f 1719/1451/485 1483/1556/485 1544/1374/485
f 1621/1453/485 1544/1374/485 1496/1594/485
f 1520/1593/485 1719/1451/485 1621/1453/485
f 1720/1448/486 1519/1595/486 1616/1443/486
f 1573/1378/486 1616/1443/486 1501/1596/486
f 1484/1548/486 1720/1448/486 1573/1378/486
f 1501/1596/486 1721/1445/486 1549/1435/486
f 1519/1595/486 1722/1597/486 1617/1444/486
f 1723/1442/486 1518/1598/486 1612/1437/486
f 1518/1598/486 1725/1436/486 1613/1438/486
f 1726/1599/486 1517/1600/486 1608/1431/486
f 1727/1433/486 1500/1601/486 1572/1440/486
f 1728/1430/486 1484/1548/486 1548/1377/486
f 1609/1432/486 1548/1377/486 1500/1601/486
f 1517/1600/486 1728/1430/486 1609/1432/486
f 1729/1427/489 1516/1602/489 1604/1422/489
f 1577/1381/489 1604/1422/489 1505/1603/489
f 1485/1540/487 1729/1427/487 1577/1381/487
f 1505/1603/489 1730/1424/489 1553/1414/489
f 1516/1602/489 1731/1604/489 1605/1423/489
f 1732/1421/489 1515/1605/489 1600/1416/489
f 1515/1605/489 1734/1415/489 1601/1417/489
f 1735/1606/490 1514/1607/490 1596/1410/490
f 1736/1412/489 1504/1608/489 1576/1419/489
f 1737/1409/489 1485/1540/489 1552/1380/489
f 1597/1411/489 1552/1380/489 1504/1608/489
f 1514/1607/489 1737/1409/489 1597/1411/489
f 1738/1406/488 1513/1609/488 1592/1401/488
f 1581/1384/488 1592/1401/488 1509/1610/488
f 1486/1532/488 1738/1406/488 1581/1384/488
f 1509/1610/488 1739/1403/488 1557/1393/488
f 1513/1609/488 1740/1611/488 1593/1402/488
f 1741/1400/488 1512/1612/488 1588/1395/488
f 1512/1612/488 1743/1394/488 1589/1396/488
f 1744/1613/488 1511/1614/488 1584/1389/488
f 1745/1391/488 1508/1615/488 1580/1398/488
f 1746/1388/488 1486/1532/488 1556/1383/488
f 1585/1390/488 1556/1383/488 1508/1615/488
f 1511/1614/488 1746/1388/488 1585/1390/488
f 1747/1616/488 1510/1530/488 1583/1386/488
f 1586/1617/488 1583/1386/488 1511/1614/488
f 1748/1385/488 1509/1610/488 1587/1392/488
f 1590/1399/488 1587/1392/488 1512/1612/488
f 1508/1615/488 1748/1385/488 1590/1399/488
f 1594/1405/488 1591/1618/488 1513/1609/488
f 1507/1531/488 1749/1619/488 1594/1405/488
f 1750/1620/490 1506/1538/490 1595/1407/490
f 1598/1621/490 1595/1407/490 1514/1607/490
f 1751/1382/489 1505/1603/489 1599/1413/489
f 1602/1420/489 1599/1413/489 1515/1605/489
f 1504/1608/487 1751/1382/487 1602/1420/487
f 1606/1426/489 1603/1622/489 1516/1602/489
f 1503/1539/487 1752/1623/487 1606/1426/487
f 1753/1624/486 1502/1546/486 1607/1428/486
f 1610/1625/486 1607/1428/486 1517/1600/486
f 1754/1379/486 1501/1596/486 1611/1434/486
f 1614/1441/486 1611/1434/486 1518/1598/486
f 1500/1601/486 1754/1379/486 1614/1441/486
f 1618/1447/486 1615/1626/486 1519/1595/486
f 1499/1547/486 1755/1627/486 1618/1447/486
f 1756/1628/485 1498/1554/485 1619/1449/485
f 1622/1629/485 1619/1449/485 1520/1593/485
f 1757/1376/485 1497/1589/485 1623/1455/485
f 1626/1462/485 1623/1455/485 1521/1591/485
f 1496/1594/485 1757/1376/485 1626/1462/485
f 1630/1468/485 1627/1630/485 1522/1588/485
f 1495/1555/485 1758/1631/485 1630/1468/485
f 1759/1632/484 1494/1562/484 1631/1470/484
f 1634/1633/484 1631/1470/484 1523/1587/484
f 1760/1373/484 1493/1582/484 1635/1476/484
f 1638/1480/484 1635/1476/484 1524/1583/484
f 1492/1586/484 1760/1373/484 1638/1480/484
f 1642/1486/484 1639/1634/484 1525/1581/484
f 1491/1563/484 1761/1635/484 1642/1486/484
f 1762/1636/483 1490/1570/483 1643/1488/483
f 1646/1637/483 1643/1488/483 1526/1579/483
f 1763/1370/483 1489/1576/483 1647/1494/483
f 1650/1501/483 1647/1494/483 1527/1577/483
f 1488/1580/483 1763/1370/483 1650/1501/483
f 1654/1507/483 1651/1638/483 1528/1575/483
f 1487/1571/483 1764/1639/483 1654/1507/483
f 1666/1640/485 1663/1641/485 1531/1552/485
f 1670/1642/486 1667/1643/486 1532/1544/486
f 1674/1644/490 1671/1645/490 1533/1536/490
f 1678/1646/488 1675/1647/488 1534/1528/488
f 1775/1648/491 1776/1649/491 1777/1650/491
f 1784/1651/492 1785/1652/492 1786/1653/492
f 1859/1654/493 1860/1654/493 1861/1655/493
f 1868/1656/494 1869/1657/494 1870/1658/494
f 1875/1659/495 1876/1660/495 1877/1661/495
f 1878/1662/496 1879/1663/496 1880/1664/496
f 1883/1665/497 1884/1666/497 1885/1667/497
f 1886/1668/498 1887/1669/498 1888/1670/498
f 1937/1671/499 1938/1672/499 1939/1672/499
f 1942/1673/500 1943/1674/500 1944/1675/500
f 1947/1676/501 1948/1677/501 1949/1678/501
f 1954/1679/502 1955/1680/502 1956/1681/502
f 1961/1682/503 1962/1683/503 1963/1683/503
f 1964/1684/504 1965/1685/504 1966/1686/504
f 1967/1687/505 1968/1688/505 1969/1689/505
f 1970/1690/506 1971/1691/506 1972/1692/506
f 1973/1693/507 1974/1694/507 1975/1695/507
f 1976/1696/508 1977/1697/508 1978/1698/508
f 1979/1699/509 1980/1700/509 1981/1701/509
f 1982/1702/510 1983/1703/510 1984/1704/510
f 1985/1705/511 1986/1663/511 1987/1706/511
f 1988/1707/512 1989/1708/512 1990/1709/512
f 1991/1710/513 1992/1669/513 1993/1711/513
f 1994/1712/514 1995/1713/514 1996/1714/514
f 1997/1715/515 1998/1716/515 1999/1675/515
f 2000/1717/516 2001/1718/516 2002/1719/516
f 2003/1720/515 2004/1721/515 2005/1722/515
f 2006/1723/511 2007/1724/511 2008/1725/511
f 2009/1726/517 2010/1727/517 2011/1728/517
f 2012/1729/518 2013/1730/518 2014/1731/518
f 2015/1732/519 2016/1733/519 2017/1734/519
f 2018/1735/520 2019/1736/520 2020/1737/520
f 2021/1738/521 2022/1660/521 2023/1739/521
f 2024/1740/522 2025/1741/522 2026/1742/522
f 2027/1743/523 2028/1744/523 2029/1745/523
f 2030/1746/524 2031/1747/524 2032/1748/524
f 2033/1749/525 2034/1750/525 2035/1751/525
f 2036/1752/526 2037/1753/526 2038/1754/526
f 2039/1755/527 2040/1756/527 2041/1757/527
f 2042/1758/528 2043/1759/528 2044/1760/528
f 2045/1761/527 2046/1762/527 2047/1763/527
f 2048/1764/521 2049/1765/521 2050/1766/521
f 2051/1767/525 2052/1768/525 2053/1769/525
f 2054/1770/517 2055/1771/517 2056/1772/517
f 1771/1712/529 1862/1773/529 1863/1774/529
f 1865/1775/530 1777/1650/530 1864/1776/530
f 1867/1777/531 1774/1778/531 1866/1779/531
f 1872/1780/532 1786/1653/532 1871/1781/532
f 1782/1782/533 1873/1783/533 1874/1784/533
f 1778/1785/534 1881/1786/534 1882/1787/534
f 1787/1788/535 1889/1789/535 1890/1790/535
f 1892/1791/536 1790/1792/536 1891/1793/536
f 1791/1794/537 1893/1795/537 1894/1796/537
f 1793/1797/538 1895/1798/538 1896/1799/538
f 1795/1800/539 1897/1801/539 1898/1802/539
f 1797/1803/540 1899/1804/540 1900/1805/540
f 1799/1806/541 1901/1807/541 1902/1808/541
f 1801/1809/542 1903/1810/542 1904/1811/542
f 1803/1812/543 1905/1813/543 1906/1814/543
f 1908/1815/544 1806/1816/544 1907/1817/544
f 1807/1818/545 1909/1819/545 1910/1820/545
f 1809/1821/546 1911/1822/546 1912/1823/546
f 1811/1824/535 1913/1825/535 1914/1826/535
f 1813/1827/547 1915/1828/547 1916/1829/547
f 1918/1830/548 1816/1831/548 1917/1832/548
f 1920/1833/549 1818/1834/549 1919/1835/549
f 1819/1836/539 1921/1837/539 1922/1838/539
f 1821/1839/540 1923/1840/540 1924/1841/540
f 1823/1842/550 1925/1843/550 1926/1844/550
f 1825/1845/542 1927/1846/542 1928/1847/542
f 1930/1848/551 1828/1849/551 1929/1850/551
f 1829/1851/552 1931/1852/552 1932/1853/552
f 1934/1854/545 1832/1855/545 1933/1856/545
f 1936/1857/546 1834/1858/546 1935/1859/546
f 1939/1860/535 1836/1861/535 1937/1862/535
f 1941/1863/553 1838/1864/553 1940/1865/553
f 1942/1673/554 1840/1866/554 1943/1674/554
f 1946/1867/555 1842/1868/555 1945/1869/555
f 1949/1678/539 1844/1870/539 1947/1676/539
f 1845/1871/540 1950/1872/540 1951/1873/540
f 1847/1874/556 1952/1875/556 1953/1876/556
f 1954/1679/542 1850/1877/542 1955/1680/542
f 1851/1878/557 1957/1879/557 1958/1880/557
f 1960/1881/558 1854/1882/558 1959/1883/558
f 1963/1884/559 1856/1885/559 1961/1886/559
f 1966/1686/560 1858/1887/560 1964/1684/560
f 1859/1888/535 1812/1889/535 1811/1824/535
f 1863/1774/561 1814/1890/561 1813/1827/561
f 1815/1891/562 1864/1776/562 1816/1831/562
f 1817/1892/563 1866/1779/563 1818/1834/563
f 1868/1893/539 1820/1894/539 1819/1836/539
f 1872/1780/540 1822/1895/540 1821/1839/540
f 1874/1784/564 1824/1896/564 1823/1842/564
f 1875/1659/542 1826/1897/542 1825/1845/542
f 1878/1662/551 1828/1849/551 1827/1898/551
f 1882/1787/565 1830/1899/565 1829/1851/565
f 1883/1665/566 1832/1855/566 1831/1900/566
f 1886/1668/567 1834/1858/567 1833/1901/567
f 1890/1790/535 1836/1861/535 1835/1902/535
f 1837/1903/568 1891/1793/568 1838/1864/568
f 1894/1796/554 1840/1866/554 1839/1904/554
f 1841/1905/569 1895/1798/569 1842/1868/569
f 1898/1802/539 1844/1870/539 1843/1906/539
f 1900/1805/540 1846/1907/540 1845/1871/540
f 1847/1874/570 1901/1807/570 1848/1908/570
f 1904/1811/542 1850/1877/542 1849/1909/542
f 1906/1814/557 1852/1910/557 1851/1878/557
f 1853/1911/571 1907/1817/571 1854/1882/571
f 1910/1820/572 1856/1885/572 1855/1912/572
f 1912/1823/573 1858/1887/573 1857/1913/573
f 1914/1826/535 1788/1914/535 1787/1788/535
f 1916/1829/574 1790/1792/574 1789/1915/574
f 1791/1794/575 1917/1832/575 1792/1916/575
f 1920/1833/576 1794/1917/576 1793/1797/576
f 1922/1838/539 1796/1918/539 1795/1800/539
f 1924/1841/540 1798/1919/540 1797/1803/540
f 1799/1806/577 1925/1843/577 1800/1920/577
f 1928/1847/542 1802/1921/542 1801/1809/542
f 1803/1812/578 1929/1850/578 1804/1922/578
f 1932/1853/579 1806/1816/579 1805/1923/579
f 1807/1818/580 1933/1856/580 1808/1924/580
f 1809/1821/581 1935/1859/581 1810/1925/581
f 1770/1926/582 1940/1865/582 1769/1927/582
f 1946/1867/583 1777/1650/583 1776/1649/583
f 1951/1873/584 1776/1649/584 1775/1648/584
f 1785/1652/585 1952/1875/585 1786/1653/585
f 1958/1880/557 1785/1652/557 1784/1651/557
f 1781/1928/586 1959/1883/586 1780/1929/586
f 1966/1930/587 1967/1687/587 1969/1689/587
f 1968/1688/588 1878/1662/588 1969/1689/588
f 1963/1884/542 1970/1690/542 1972/1692/542
f 1971/1691/589 1859/1888/589 1972/1692/589
f 1868/1893/542 1973/1693/542 1869/1931/542
f 1939/1860/590 1975/1695/590 1974/1694/590
f 1976/1696/535 1949/1678/535 1948/1677/535
f 1875/1659/590 1977/1697/590 1876/1660/590
f 1979/1699/591 1886/1932/591 1980/1700/591
f 1981/1701/588 1942/1933/588 1944/1934/588
f 1982/1702/535 1883/1665/535 1983/1703/535
f 1984/1704/589 1954/1679/589 1956/1681/589
f 1987/1706/591 1988/1707/591 1985/1705/591
f 1995/1935/592 1991/1710/592 1993/1711/592
f 1998/1716/587 1996/1714/587 1995/1713/587
f 2001/1936/592 1990/1709/592 1989/1708/592
f 2002/1719/587 2004/1721/587 2003/1720/587
f 1987/1706/588 2005/1722/588 2004/1721/588
f 2008/1725/591 1992/1937/591 2006/1723/591
f 2008/1725/588 1999/1934/588 1998/1938/588
f 2007/1724/593 1979/1699/593 1981/1701/593
f 1991/1710/594 1887/1669/594 1992/1669/594
f 1771/1712/595 1996/1714/595 1772/1939/595
f 1944/1675/596 1997/1715/596 1999/1675/596
f 1988/1707/597 1781/1928/597 1780/1929/597
f 1965/1940/598 2000/1717/598 2002/1719/598
f 1879/1663/593 1985/1705/593 1880/1664/593
f 1967/1687/596 2005/1722/596 1968/1688/596
f 2011/1728/535 2012/1729/535 2009/1726/535
f 2017/1734/539 2018/1735/539 2015/1732/539
f 2023/1739/542 2024/1740/542 2021/1738/542
f 2031/1747/599 2027/1743/599 2029/1745/599
f 2034/1750/535 2020/1737/535 2019/1736/535
f 2037/1753/539 2026/1742/539 2025/1741/539
f 2040/1756/542 2032/1748/542 2031/1747/542
f 2043/1759/599 2014/1731/599 2013/1730/599
f 2044/1760/542 2046/1762/542 2045/1761/542
f 2011/1728/589 2047/1763/589 2046/1762/589
f 2048/1764/542 2017/1734/542 2016/1733/542
f 2035/1751/590 2050/1766/590 2049/1765/590
f 2052/1768/535 2038/1754/535 2037/1753/535
f 2053/1769/590 2023/1739/590 2022/1660/590
f 2056/1772/535 2028/1744/535 2054/1770/535
f 2056/1772/589 2041/1757/589 2040/1756/589
f 2051/1767/600 1977/1697/600 1976/1696/600
f 2021/1738/601 1876/1660/601 2022/1660/601
f 1884/1666/602 2027/1743/602 1885/1667/602
f 2032/1748/603 1778/1785/603 2030/1746/603
f 2012/1941/604 1770/1926/604 1769/1927/604
f 1962/1683/605 2042/1942/605 2044/1943/605
f 2039/1755/606 1956/1681/606 1955/1680/606
f 1982/1702/607 2055/1771/607 2054/1770/607
f 1869/1657/608 2015/1944/608 1870/1658/608
f 1774/1778/609 2018/1945/609 2020/1946/609
f 2047/1763/606 1970/1690/606 2045/1761/606
f 2024/1740/610 1783/1947/610 1782/1782/610
f 1948/1677/611 2036/1752/611 2038/1754/611
f 2049/1765/601 1973/1693/601 1975/1695/601
f 2009/1948/607 1860/1654/607 2010/1654/607
f 2033/1949/600 1938/1672/600 1937/1671/600
f 1769/1927/488 2009/1948/488 2012/1941/488
f 1769/1927/488 1742/1397/488 1861/1655/488
f 1961/1682/612 1941/1950/612 1770/1951/612
f 1770/1951/613 2042/1942/613 1961/1682/613
f 1772/1939/488 1744/1613/488 1862/1773/488
f 1772/1939/488 1997/1715/488 1943/1674/488
f 1888/1670/614 1863/1952/614 1765/1953/614
f 1771/1935/615 1991/1710/615 1994/1954/615
f 1937/1671/488 1866/1779/488 1774/1778/488
f 1774/1778/488 2033/1949/488 1937/1671/488
f 1867/1777/489 1870/1658/489 1773/1955/489
f 1773/1955/489 2015/1944/489 2018/1945/489
f 1951/1956/483 1865/1957/483 1702/1578/483
f 1864/1776/616 1945/1869/616 1768/1958/616
f 1946/1867/617 1950/1872/617 1735/1606/617
f 1722/1597/486 1779/1959/486 1955/1680/486
f 1779/1959/486 2039/1755/486 1955/1680/486
f 1882/1787/612 1885/1960/612 1778/1785/612
f 1778/1785/618 2027/1961/618 2030/1746/618
f 1780/1929/486 1985/1705/486 1988/1707/486
f 1766/1962/486 1780/1929/486 1959/1883/486
f 1960/1881/614 1964/1684/614 1717/1592/614
f 1781/1928/619 2000/1936/619 1964/1684/619
f 1947/1963/489 1873/1783/489 1783/1947/489
f 1783/1947/489 2036/1964/489 1947/1963/489
f 1874/1784/486 1877/1661/486 1782/1782/486
f 1782/1782/486 2021/1738/486 2024/1740/486
f 1872/1965/483 1958/1880/483 1784/1651/483
f 1871/1781/617 1952/1875/617 1767/1966/617
f 1953/1876/620 1957/1879/620 1726/1599/620
f 1557/1393/488 1889/1967/488 1788/1968/488
f 1743/1394/488 1788/1968/488 1913/1969/488
f 1708/1478/484 1787/1788/484 1890/1790/484
f 1541/1477/484 1914/1826/484 1787/1788/484
f 1891/1793/488 1580/1398/488 1741/1400/488
f 1543/1557/485 1892/1970/485 1758/1631/485
f 1690/1558/485 1789/1971/485 1543/1557/485
f 1915/1828/488 1580/1398/488 1790/1792/488
f 1562/1569/483 1894/1972/483 1694/1567/483
f 1792/1916/616 1679/1527/616 1582/1529/616
f 1762/1636/483 1791/1973/483 1562/1569/483
f 1893/1795/488 1582/1529/488 1747/1616/488
f 1896/1799/621 1576/1419/621 1793/1797/621
f 1681/1534/488 1794/1917/488 1555/1533/488
f 1749/1619/488 1794/1917/488 1919/1835/488
f 1793/1797/622 1732/1421/622 1920/1833/622
f 1553/1414/489 1897/1974/489 1796/1975/489
f 1734/1415/489 1796/1975/489 1921/1976/489
f 1795/1800/484 1707/1481/484 1922/1838/484
f 1898/1802/484 1564/1479/484 1795/1800/484
f 1900/1977/483 1560/1500/483 1797/1978/483
f 1798/1919/617 1682/1535/617 1578/1537/617
f 1797/1978/483 1699/1502/483 1924/1979/483
f 1899/1804/617 1578/1537/617 1750/1620/617
f 1902/1808/486 1572/1440/486 1799/1806/486
f 1684/1542/489 1800/1920/489 1551/1541/489
f 1752/1623/487 1800/1920/487 1925/1843/487
f 1926/1844/486 1572/1440/486 1723/1442/486
f 1549/1435/486 1903/1810/486 1802/1921/486
f 1725/1436/486 1802/1921/486 1927/1846/486
f 1928/1847/484 1566/1561/484 1759/1632/484
f 1801/1809/484 1691/1559/484 1566/1561/484
f 1701/1496/483 1803/1812/483 1906/1814/483
f 1537/1495/483 1930/1848/483 1803/1812/483
f 1574/1545/486 1929/1850/486 1685/1543/486
f 1753/1624/620 1804/1922/620 1574/1545/620
f 1908/1815/485 1568/1461/485 1805/1923/485
f 1547/1549/486 1907/1817/486 1806/1816/486
f 1547/1549/486 1931/1852/486 1755/1627/486
f 1805/1923/485 1714/1463/485 1932/1853/485
f 1545/1456/485 1909/1980/485 1808/1981/485
f 1716/1457/485 1808/1981/485 1933/1982/485
f 1539/1565/484 1910/1820/484 1761/1635/484
f 1539/1565/484 1934/1854/484 1807/1818/484
f 1911/1822/485 1570/1553/485 1756/1628/485
f 1535/1573/483 1912/1983/483 1764/1639/483
f 1535/1573/483 1936/1984/483 1809/1985/483
f 1810/1925/485 1688/1551/485 1570/1553/485
f 1589/1396/488 1913/1969/488 1812/1986/488
f 1641/1483/484 1859/1888/484 1811/1824/484
f 1861/1655/488 1589/1396/488 1812/1986/488
f 1706/1484/484 1811/1824/484 1914/1826/484
f 1814/1890/488 1745/1391/488 1915/1828/488
f 1663/1641/485 1916/1987/485 1690/1558/485
f 1765/1953/485 1813/1988/485 1663/1641/485
f 1862/1773/488 1584/1389/488 1814/1890/488
f 1646/1637/483 1918/1989/483 1762/1636/483
f 1816/1831/616 1768/1958/616 1678/1646/616
f 1702/1578/483 1815/1990/483 1646/1637/483
f 1917/1832/616 1678/1646/616 1679/1527/616
f 1591/1618/488 1919/1835/488 1818/1834/488
f 1740/1611/488 1818/1834/488 1866/1779/488
f 1817/1892/489 1733/1418/489 1867/1777/489
f 1920/1833/489 1600/1416/489 1817/1892/489
f 1601/1417/489 1921/1976/489 1820/1991/489
f 1733/1418/489 1820/1991/489 1870/1658/489
f 1868/1893/484 1636/1584/484 1974/1694/484
f 1922/1838/484 1636/1584/484 1819/1836/484
f 1924/1979/483 1648/1497/483 1821/1992/483
f 1822/1895/617 1767/1966/617 1674/1644/617
f 1821/1992/483 1700/1499/483 1872/1965/483
f 1923/1840/617 1674/1644/617 1682/1535/617
f 1603/1622/489 1925/1843/489 1824/1896/489
f 1731/1604/489 1824/1896/489 1873/1783/489
f 1823/1842/486 1724/1439/486 1874/1784/486
f 1926/1844/486 1612/1437/486 1823/1842/486
f 1825/1845/484 1759/1632/484 1634/1633/484
f 1613/1438/486 1927/1846/486 1826/1897/486
f 1724/1439/486 1826/1897/486 1877/1661/486
f 1875/1659/484 1634/1633/484 1978/1698/484
f 1698/1505/483 1827/1898/483 1930/1848/483
f 1653/1504/483 1878/1662/483 1827/1898/483
f 1670/1642/486 1880/1664/486 1766/1962/486
f 1685/1543/486 1828/1849/486 1670/1642/486
f 1755/1627/486 1830/1899/486 1615/1626/486
f 1615/1626/486 1881/1786/486 1722/1597/486
f 1829/1851/485 1715/1460/485 1882/1787/485
f 1932/1853/485 1624/1458/485 1829/1851/485
f 1625/1459/485 1933/1982/485 1832/1993/485
f 1659/1994/484 1883/1665/484 1831/1900/484
f 1715/1460/623 1832/1993/623 1885/1960/623
f 1693/1566/484 1831/1900/484 1934/1854/484
f 1935/1859/485 1666/1640/485 1688/1551/485
f 1696/1574/483 1833/1995/483 1936/1984/483
f 1655/1996/483 1886/1932/483 1833/1995/483
f 1834/1858/485 1765/1953/485 1666/1640/485
f 1836/1997/488 1740/1611/488 1937/1671/488
f 1637/1585/484 1890/1790/484 1835/1902/484
f 1739/1403/488 1836/1997/488 1889/1967/488
f 1939/1860/484 1637/1585/484 1835/1902/484
f 1940/1865/488 1588/1395/488 1742/1397/488
f 1627/1630/485 1941/1950/485 1713/1590/485
f 1758/1631/485 1837/1998/485 1627/1630/485
f 1838/1864/488 1741/1400/488 1588/1395/488
f 1658/1999/483 1942/1933/483 1980/1700/483
f 1840/1866/488 1747/1616/488 1586/1617/488
f 1943/1674/488 1586/1617/488 1744/1613/488
f 1694/1567/483 1839/2000/483 1658/1999/483
f 1675/1647/488 1945/1869/488 1842/1868/488
f 1681/1534/488 1842/1868/488 1895/1798/488
f 1896/1799/489 1596/1410/489 1736/1412/489
f 1841/1905/624 1735/1606/624 1596/1410/624
f 1844/2001/489 1731/1604/489 1947/1963/489
f 1730/1424/489 1844/2001/489 1897/1974/489
f 1843/1906/484 1709/1475/484 1898/1802/484
f 1949/1678/484 1632/1473/484 1843/1906/484
f 1951/1956/483 1644/1491/483 1845/2002/483
f 1846/1907/617 1750/1620/617 1598/1621/617
f 1950/1872/617 1598/1621/617 1735/1606/617
f 1845/2002/483 1703/1493/483 1900/1977/483
f 1671/1645/490 1952/1875/490 1848/1908/490
f 1684/1542/625 1848/1908/625 1901/1807/625
f 1902/1808/486 1608/1431/486 1727/1433/486
f 1953/1876/486 1608/1431/486 1847/1874/486
f 1662/2003/484 1954/1679/484 1983/1703/484
f 1617/1444/486 1955/1680/486 1850/1877/486
f 1721/1445/486 1850/1877/486 1903/1810/486
f 1904/1811/484 1662/2003/484 1691/1559/484
f 1700/1499/483 1851/1878/483 1958/1880/483
f 1649/1498/483 1906/1814/483 1851/1878/483
f 1610/1625/620 1905/1813/620 1753/1624/620
f 1726/1599/620 1852/1910/620 1610/1625/620
f 1667/1643/486 1959/1883/486 1854/1882/486
f 1687/1550/486 1854/1882/486 1907/1817/486
f 1853/1911/485 1718/1454/485 1908/1815/485
f 1960/1881/485 1620/1452/485 1853/1911/485
f 1856/2004/626 1713/1590/626 1961/1682/626
f 1761/1635/484 1855/1912/484 1639/1634/484
f 1712/1466/485 1856/2004/485 1909/1980/485
f 1639/1634/484 1963/1884/484 1972/1692/484
f 1651/1638/483 1966/1930/483 1969/1689/483
f 1764/1639/483 1857/2005/483 1651/1638/483
f 1858/1887/485 1756/1628/485 1622/1629/485
f 1717/1592/485 1858/1887/485 1622/1629/485
f 1971/1691/627 2010/1727/627 1860/2006/627
f 1973/1693/486 2016/1733/486 1869/1931/486
f 1977/1697/485 2022/1660/485 1876/1660/485
f 1968/1688/628 1986/1663/628 1879/1663/628
f 1884/1666/488 2054/1770/488 2028/1744/488
f 1887/2007/486 2006/1723/486 1992/1937/486
f 1938/2008/485 2049/1765/485 1975/1695/485
f 1944/1934/628 2007/1724/628 1981/1701/628
f 1948/1677/488 2051/1767/488 1976/1696/488
f 1956/1681/627 2055/1771/627 1984/1704/627
f 1962/2009/486 2045/1761/486 1970/1690/486
f 1965/1940/488 2003/1720/488 1967/1687/488
f 1528/1575/483 1969/1689/483 1653/1504/483
f 1525/1581/484 1972/1692/484 1641/1483/484
f 1974/1694/484 1524/1583/484 1637/1585/484
f 1978/1698/484 1523/1587/484 1632/1473/484
f 1529/1568/483 1980/1700/483 1655/1996/483
f 1530/1560/484 1983/1703/484 1659/1994/484
f 2004/1721/483 1989/1708/483 1987/1706/483
f 1998/1938/483 1993/2010/483 2008/1725/483
f 2046/1762/484 2013/1730/484 2011/1728/484
f 2017/1734/484 2034/1750/484 2019/1736/484
f 2025/1741/484 2052/1768/484 2037/1753/484
f 2040/1756/484 2029/1745/484 2056/1772/484
f 1536/1368/483 1481/1572/483 1561/1369/483
f 1540/1371/484 1482/1564/484 1565/1372/484
f 1544/1374/485 1483/1556/485 1569/1375/485
f 1548/1377/486 1484/1548/486 1573/1378/486
f 1552/1380/629 1485/1540/629 1577/1381/629
f 1556/1383/488 1486/1532/488 1581/1384/488
f 1583/1386/488 1510/1530/488 1558/1387/488
f 1584/1389/488 1511/1614/488 1585/1390/488
f 1587/1392/488 1509/1610/488 1557/1393/488
f 1588/1395/488 1512/1612/488 1589/1396/488
f 1580/1398/488 1508/1615/488 1590/1399/488
f 1592/1401/488 1513/1609/488 1593/1402/488
f 1579/1404/488 1507/1531/488 1594/1405/488
f 1595/1407/489 1506/1538/489 1554/1408/489
f 1596/1410/489 1514/1607/489 1597/1411/489
f 1599/1413/489 1505/1603/489 1553/1414/489
f 1600/1416/489 1515/1605/489 1601/1417/489
f 1576/1419/629 1504/1608/629 1602/1420/629
f 1604/1422/489 1516/1602/489 1605/1423/489
f 1575/1425/629 1503/1539/629 1606/1426/629
f 1607/1428/486 1502/1546/486 1550/1429/486
f 1608/1431/486 1517/1600/486 1609/1432/486
f 1611/1434/486 1501/1596/486 1549/1435/486
f 1612/1437/486 1518/1598/486 1613/1438/486
f 1572/1440/486 1500/1601/486 1614/1441/486
f 1616/1443/486 1519/1595/486 1617/1444/486
f 1571/1446/486 1499/1547/486 1618/1447/486
f 1619/1449/485 1498/1554/485 1546/1450/485
f 1620/1452/485 1520/1593/485 1621/1453/485
f 1623/1455/485 1497/1589/485 1545/1456/485
f 1624/1458/485 1521/1591/485 1625/1459/485
f 1568/1461/485 1496/1594/485 1626/1462/485
f 1628/1464/485 1522/1588/485 1629/1465/485
f 1567/1467/485 1495/1555/485 1630/1468/485
f 1631/1470/484 1494/1562/484 1542/1471/484
f 1632/1473/484 1523/1587/484 1633/1474/484
f 1635/1476/484 1493/1582/484 1541/1477/484
f 1564/1479/484 1492/1586/484 1638/1480/484
f 1640/1482/484 1525/1581/484 1641/1483/484
f 1563/1485/484 1491/1563/484 1642/1486/484
f 1643/1488/483 1490/1570/483 1538/1489/483
f 1644/1491/483 1526/1579/483 1645/1492/483
f 1647/1494/483 1489/1576/483 1537/1495/483
f 1648/1497/483 1527/1577/483 1649/1498/483
f 1560/1500/483 1488/1580/483 1650/1501/483
f 1652/1503/483 1528/1575/483 1653/1504/483
f 1559/1506/483 1487/1571/483 1654/1507/483
f 1656/1509/483 1529/1568/483 1657/1510/483
f 1660/1512/484 1530/1560/484 1661/1513/484
f 1664/1515/485 1531/1552/485 1665/1516/485
f 1668/1518/486 1532/1544/486 1669/1519/486
f 1672/1521/489 1533/1536/489 1673/1522/489
f 1676/1524/488 1534/1528/488 1677/1525/488
f 1679/1527/488 1678/1646/488 1534/1528/488
f 1582/1529/488 1679/1527/488 1676/1524/488
f 1680/1526/488 1677/1525/488 1507/1531/488
f 1558/1387/488 1680/1526/488 1579/1404/488
f 1510/1530/488 1676/1524/488 1680/1526/488
f 1677/1525/488 1681/1534/488 1555/1533/488
f 1534/1528/488 1675/1647/488 1681/1534/488
f 1682/1535/630 1674/1644/630 1533/1536/630
f 1578/1537/630 1682/1535/630 1672/1521/630
f 1683/1523/489 1673/1522/489 1503/1539/489
f 1554/1408/489 1683/1523/489 1575/1425/489
f 1506/1538/489 1672/1521/489 1683/1523/489
f 1673/1522/489 1684/1542/489 1551/1541/489
f 1533/1536/489 1671/1645/489 1684/1542/489
f 1685/1543/486 1670/1642/486 1532/1544/486
f 1574/1545/486 1685/1543/486 1668/1518/486
f 1686/1520/486 1669/1519/486 1499/1547/486
f 1550/1429/486 1686/1520/486 1571/1446/486
f 1502/1546/486 1668/1518/486 1686/1520/486
f 1669/1519/486 1687/1550/486 1547/1549/486
f 1532/1544/486 1667/1643/486 1687/1550/486
f 1688/1551/485 1666/1640/485 1531/1552/485
f 1570/1553/485 1688/1551/485 1664/1515/485
f 1689/1517/485 1665/1516/485 1495/1555/485
f 1546/1450/485 1689/1517/485 1567/1467/485
f 1498/1554/485 1664/1515/485 1689/1517/485
f 1665/1516/485 1690/1558/485 1543/1557/485
f 1531/1552/485 1663/1641/485 1690/1558/485
f 1691/1559/484 1662/2003/484 1530/1560/484
f 1566/1561/484 1691/1559/484 1660/1512/484
f 1692/1514/484 1661/1513/484 1491/1563/484
f 1542/1471/484 1692/1514/484 1563/1485/484
f 1494/1562/484 1660/1512/484 1692/1514/484
f 1661/1513/484 1693/1566/484 1539/1565/484
f 1530/1560/484 1659/1994/484 1693/1566/484
f 1694/1567/483 1658/1999/483 1529/1568/483
f 1562/1569/483 1694/1567/483 1656/1509/483
f 1695/1511/483 1657/1510/483 1487/1571/483
f 1538/1489/483 1695/1511/483 1559/1506/483
f 1490/1570/483 1656/1509/483 1695/1511/483
f 1657/1510/483 1696/1574/483 1535/1573/483
f 1529/1568/483 1655/1996/483 1696/1574/483
f 1697/1508/483 1654/1507/483 1528/1575/483
f 1561/1369/483 1697/1508/483 1652/1503/483
f 1481/1572/483 1559/1506/483 1697/1508/483
f 1489/1576/483 1652/1503/483 1698/1505/483
f 1699/1502/483 1650/1501/483 1527/1577/483
f 1527/1577/483 1647/1494/483 1701/1496/483
f 1702/1578/483 1646/1637/483 1526/1579/483
f 1703/1493/483 1645/1492/483 1488/1580/483
f 1704/1490/483 1538/1489/483 1481/1572/483
f 1645/1492/483 1704/1490/483 1536/1368/483
f 1526/1579/483 1643/1488/483 1704/1490/483
f 1705/1487/484 1642/1486/484 1525/1581/484
f 1565/1372/484 1705/1487/484 1640/1482/484
f 1482/1564/484 1563/1485/484 1705/1487/484
f 1493/1582/484 1640/1482/484 1706/1484/484
f 1707/1481/484 1638/1480/484 1524/1583/484
f 1524/1583/484 1635/1476/484 1708/1478/484
f 1709/1475/484 1633/1474/484 1492/1586/484
f 1710/1472/484 1542/1471/484 1482/1564/484
f 1633/1474/484 1710/1472/484 1540/1371/484
f 1523/1587/484 1631/1470/484 1710/1472/484
f 1711/1469/485 1630/1468/485 1522/1588/485
f 1569/1375/485 1711/1469/485 1628/1464/485
f 1483/1556/485 1567/1467/485 1711/1469/485
f 1497/1589/485 1628/1464/485 1712/1466/485
f 1522/1588/485 1627/1630/485 1713/1590/485
f 1714/1463/485 1626/1462/485 1521/1591/485
f 1521/1591/485 1623/1455/485 1716/1457/485
f 1717/1592/485 1622/1629/485 1520/1593/485
f 1718/1454/485 1621/1453/485 1496/1594/485
f 1719/1451/485 1546/1450/485 1483/1556/485
f 1621/1453/485 1719/1451/485 1544/1374/485
f 1520/1593/485 1619/1449/485 1719/1451/485
f 1720/1448/486 1618/1447/486 1519/1595/486
f 1573/1378/486 1720/1448/486 1616/1443/486
f 1484/1548/486 1571/1446/486 1720/1448/486
f 1501/1596/486 1616/1443/486 1721/1445/486
f 1519/1595/486 1615/1626/486 1722/1597/486
f 1723/1442/486 1614/1441/486 1518/1598/486
f 1518/1598/486 1611/1434/486 1725/1436/486
f 1726/1599/486 1610/1625/486 1517/1600/486
f 1727/1433/486 1609/1432/486 1500/1601/486
f 1728/1430/486 1550/1429/486 1484/1548/486
f 1609/1432/486 1728/1430/486 1548/1377/486
f 1517/1600/486 1607/1428/486 1728/1430/486
f 1729/1427/489 1606/1426/489 1516/1602/489
f 1577/1381/489 1729/1427/489 1604/1422/489
f 1485/1540/629 1575/1425/629 1729/1427/629
f 1505/1603/489 1604/1422/489 1730/1424/489
f 1516/1602/489 1603/1622/489 1731/1604/489
f 1732/1421/489 1602/1420/489 1515/1605/489
f 1515/1605/489 1599/1413/489 1734/1415/489
f 1735/1606/630 1598/1621/630 1514/1607/630
f 1736/1412/489 1597/1411/489 1504/1608/489
f 1737/1409/489 1554/1408/489 1485/1540/489
f 1597/1411/489 1737/1409/489 1552/1380/489
f 1514/1607/489 1595/1407/489 1737/1409/489
f 1738/1406/488 1594/1405/488 1513/1609/488
f 1581/1384/488 1738/1406/488 1592/1401/488
f 1486/1532/488 1579/1404/488 1738/1406/488
f 1509/1610/488 1592/1401/488 1739/1403/488
f 1513/1609/488 1591/1618/488 1740/1611/488
f 1741/1400/488 1590/1399/488 1512/1612/488
f 1512/1612/488 1587/1392/488 1743/1394/488
f 1744/1613/488 1586/1617/488 1511/1614/488
f 1745/1391/488 1585/1390/488 1508/1615/488
f 1746/1388/488 1558/1387/488 1486/1532/488
f 1585/1390/488 1746/1388/488 1556/1383/488
f 1511/1614/488 1583/1386/488 1746/1388/488
f 1747/1616/488 1582/1529/488 1510/1530/488
f 1586/1617/488 1747/1616/488 1583/1386/488
f 1748/1385/488 1581/1384/488 1509/1610/488
f 1590/1399/488 1748/1385/488 1587/1392/488
f 1508/1615/488 1556/1383/488 1748/1385/488
f 1594/1405/488 1749/1619/488 1591/1618/488
f 1507/1531/488 1555/1533/488 1749/1619/488
f 1750/1620/630 1578/1537/630 1506/1538/630
f 1598/1621/630 1750/1620/630 1595/1407/630
f 1751/1382/489 1577/1381/489 1505/1603/489
f 1602/1420/489 1751/1382/489 1599/1413/489
f 1504/1608/629 1552/1380/629 1751/1382/629
f 1606/1426/489 1752/1623/489 1603/1622/489
f 1503/1539/629 1551/1541/629 1752/1623/629
f 1753/1624/486 1574/1545/486 1502/1546/486
f 1610/1625/486 1753/1624/486 1607/1428/486
f 1754/1379/486 1573/1378/486 1501/1596/486
f 1614/1441/486 1754/1379/486 1611/1434/486
f 1500/1601/486 1548/1377/486 1754/1379/486
f 1618/1447/486 1755/1627/486 1615/1626/486
f 1499/1547/486 1547/1549/486 1755/1627/486
f 1756/1628/485 1570/1553/485 1498/1554/485
f 1622/1629/485 1756/1628/485 1619/1449/485
f 1757/1376/485 1569/1375/485 1497/1589/485
f 1626/1462/485 1757/1376/485 1623/1455/485
f 1496/1594/485 1544/1374/485 1757/1376/485
f 1630/1468/485 1758/1631/485 1627/1630/485
f 1495/1555/485 1543/1557/485 1758/1631/485
f 1759/1632/484 1566/1561/484 1494/1562/484
f 1634/1633/484 1759/1632/484 1631/1470/484
f 1760/1373/484 1565/1372/484 1493/1582/484
f 1638/1480/484 1760/1373/484 1635/1476/484
f 1492/1586/484 1540/1371/484 1760/1373/484
f 1642/1486/484 1761/1635/484 1639/1634/484
f 1491/1563/484 1539/1565/484 1761/1635/484
f 1762/1636/483 1562/1569/483 1490/1570/483
f 1646/1637/483 1762/1636/483 1643/1488/483
f 1763/1370/483 1561/1369/483 1489/1576/483
f 1650/1501/483 1763/1370/483 1647/1494/483
f 1488/1580/483 1536/1368/483 1763/1370/483
f 1654/1507/483 1764/1639/483 1651/1638/483
f 1487/1571/483 1535/1573/483 1764/1639/483
f 1666/1640/485 1765/1953/485 1663/1641/485
f 1670/1642/486 1766/1962/486 1667/1643/486
f 1674/1644/630 1767/1966/630 1671/1645/630
f 1678/1646/488 1768/1958/488 1675/1647/488
f 1771/1712/529 1772/1939/529 1862/1773/529
f 1865/1775/631 1775/1648/631 1777/1650/631
f 1867/1777/632 1773/1955/632 1774/1778/632
f 1872/1780/633 1784/1651/633 1786/1653/633
f 1782/1782/634 1783/1947/634 1873/1783/634
f 1778/1785/635 1779/1959/635 1881/1786/635
f 1787/1788/535 1788/1914/535 1889/1789/535
f 1892/1791/574 1789/1915/574 1790/1792/574
f 1791/1794/636 1792/1916/636 1893/1795/636
f 1793/1797/637 1794/1917/637 1895/1798/637
f 1795/1800/539 1796/1918/539 1897/1801/539
f 1797/1803/540 1798/1919/540 1899/1804/540
f 1799/1806/638 1800/1920/638 1901/1807/638
f 1801/1809/542 1802/1921/542 1903/1810/542
f 1803/1812/639 1804/1922/639 1905/1813/639
f 1908/1815/579 1805/1923/579 1806/1816/579
f 1807/1818/580 1808/1924/580 1909/1819/580
f 1809/1821/581 1810/1925/581 1911/1822/581
f 1811/1824/535 1812/1889/535 1913/1825/535
f 1813/1827/640 1814/1890/640 1915/1828/640
f 1918/1830/562 1815/1891/562 1816/1831/562
f 1920/1833/641 1817/1892/641 1818/1834/641
f 1819/1836/539 1820/1894/539 1921/1837/539
f 1821/1839/540 1822/1895/540 1923/1840/540
f 1823/1842/642 1824/1896/642 1925/1843/642
f 1825/1845/542 1826/1897/542 1927/1846/542
f 1930/1848/551 1827/1898/551 1828/1849/551
f 1829/1851/643 1830/1899/643 1931/1852/643
f 1934/1854/572 1831/1900/572 1832/1855/572
f 1936/1857/573 1833/1901/573 1834/1858/573
f 1939/1860/535 1835/1902/535 1836/1861/535
f 1941/1863/644 1837/1903/644 1838/1864/644
f 1942/1673/554 1839/1904/554 1840/1866/554
f 1946/1867/645 1841/1905/645 1842/1868/645
f 1949/1678/539 1843/1906/539 1844/1870/539
f 1845/1871/540 1846/1907/540 1950/1872/540
f 1847/1874/646 1848/1908/646 1952/1875/646
f 1954/1679/542 1849/1909/542 1850/1877/542
f 1851/1878/557 1852/1910/557 1957/1879/557
f 1960/1881/647 1853/1911/647 1854/1882/647
f 1963/1884/648 1855/1912/648 1856/1885/648
f 1966/1686/649 1857/1913/649 1858/1887/649
f 1859/1888/535 1861/2011/535 1812/1889/535
f 1863/1774/650 1862/1773/650 1814/1890/650
f 1815/1891/530 1865/1775/530 1864/1776/530
f 1817/1892/531 1867/1777/531 1866/1779/531
f 1868/1893/539 1870/2012/539 1820/1894/539
f 1872/1780/540 1871/1781/540 1822/1895/540
f 1874/1784/651 1873/1783/651 1824/1896/651
f 1875/1659/542 1877/1661/542 1826/1897/542
f 1878/1662/652 1880/1664/652 1828/1849/652
f 1882/1787/653 1881/1786/653 1830/1899/653
f 1883/1665/654 1885/1667/654 1832/1855/654
f 1886/1668/655 1888/1670/655 1834/1858/655
f 1890/1790/535 1889/1789/535 1836/1861/535
f 1837/1903/656 1892/1791/656 1891/1793/656
f 1894/1796/657 1893/1795/657 1840/1866/657
f 1841/1905/658 1896/1799/658 1895/1798/658
f 1898/1802/539 1897/1801/539 1844/1870/539
f 1900/1805/540 1899/1804/540 1846/1907/540
f 1847/1874/659 1902/1808/659 1901/1807/659
f 1904/1811/542 1903/1810/542 1850/1877/542
f 1906/1814/543 1905/1813/543 1852/1910/543
f 1853/1911/660 1908/1815/660 1907/1817/660
f 1910/1820/545 1909/1819/545 1856/1885/545
f 1912/1823/546 1911/1822/546 1858/1887/546
f 1914/1826/535 1913/1825/535 1788/1914/535
f 1916/1829/661 1915/1828/661 1790/1792/661
f 1791/1794/548 1918/1830/548 1917/1832/548
f 1920/1833/662 1919/1835/662 1794/1917/662
f 1922/1838/539 1921/1837/539 1796/1918/539
f 1924/1841/540 1923/1840/540 1798/1919/540
f 1799/1806/663 1926/1844/663 1925/1843/663
f 1928/1847/542 1927/1846/542 1802/1921/542
f 1803/1812/664 1930/1848/664 1929/1850/664
f 1932/1853/665 1931/1852/665 1806/1816/665
f 1807/1818/545 1934/1854/545 1933/1856/545
f 1809/1821/546 1936/1857/546 1935/1859/546
f 1770/1926/666 1941/1863/666 1940/1865/666
f 1946/1867/667 1945/1869/667 1777/1650/667
f 1951/1873/668 1950/1872/668 1776/1649/668
f 1785/1652/669 1953/1876/669 1952/1875/669
f 1958/1880/557 1957/1879/557 1785/1652/557
f 1781/1928/670 1960/1881/670 1959/1883/670
f 1966/1930/587 1965/1940/587 1967/1687/587
f 1968/1688/588 1879/1663/588 1878/1662/588
f 1963/1884/542 1962/2009/542 1970/1690/542
f 1971/1691/589 1860/2006/589 1859/1888/589
f 1868/1893/542 1974/1694/542 1973/1693/542
f 1939/1860/590 1938/2008/590 1975/1695/590
f 1976/1696/535 1978/1698/535 1949/1678/535
f 1875/1659/590 1978/1698/590 1977/1697/590
f 1979/1699/591 1887/2007/591 1886/1932/591
f 1981/1701/588 1980/1700/588 1942/1933/588
f 1982/1702/535 1884/1666/535 1883/1665/535
f 1984/1704/589 1983/1703/589 1954/1679/589
f 1987/1706/591 1989/1708/591 1988/1707/591
f 1995/1935/592 1994/1954/592 1991/1710/592
f 1998/1716/587 1997/1715/587 1996/1714/587
f 2001/1936/592 2000/1936/592 1990/1709/592
f 2002/1719/587 2001/1718/587 2004/1721/587
f 1987/1706/588 1986/1663/588 2005/1722/588
f 2008/1725/591 1993/2010/591 1992/1937/591
f 2008/1725/588 2007/1724/588 1999/1934/588
f 2007/1724/593 2006/1723/593 1979/1699/593
f 1991/1710/671 1888/1670/671 1887/1669/671
f 1771/1712/672 1994/1712/672 1996/1714/672
f 1944/1675/596 1943/1674/596 1997/1715/596
f 1988/1707/673 1990/1709/673 1781/1928/673
f 1965/1940/674 1964/1717/674 2000/1717/674
f 1879/1663/593 1986/1663/593 1985/1705/593
f 1967/1687/596 2003/1720/596 2005/1722/596
f 2011/1728/535 2013/1730/535 2012/1729/535
f 2017/1734/539 2019/1736/539 2018/1735/539
f 2023/1739/542 2025/1741/542 2024/1740/542
f 2031/1747/599 2030/1746/599 2027/1743/599
f 2034/1750/535 2033/1749/535 2020/1737/535
f 2037/1753/539 2036/1752/539 2026/1742/539
f 2040/1756/542 2039/1755/542 2032/1748/542
f 2043/1759/599 2042/1758/599 2014/1731/599
f 2044/1760/542 2043/1759/542 2046/1762/542
f 2011/1728/589 2010/1727/589 2047/1763/589
f 2048/1764/542 2050/1766/542 2017/1734/542
f 2035/1751/590 2034/1750/590 2050/1766/590
f 2052/1768/535 2051/1767/535 2038/1754/535
f 2053/1769/590 2052/1768/590 2023/1739/590
f 2056/1772/535 2029/1745/535 2028/1744/535
f 2056/1772/589 2055/1771/589 2041/1757/589
f 2051/1767/600 2053/1769/600 1977/1697/600
f 2021/1738/601 1877/1661/601 1876/1660/601
f 1884/1666/675 2028/1744/675 2027/1743/675
f 2032/1748/676 1779/1959/676 1778/1785/676
f 2012/1941/677 2014/1926/677 1770/1926/677
f 1962/1683/678 1961/1682/678 2042/1942/678
f 2039/1755/606 2041/1757/606 1956/1681/606
f 1982/1702/607 1984/1704/607 2055/1771/607
f 1869/1657/608 2016/1656/608 2015/1944/608
f 1774/1778/609 1773/1955/609 2018/1945/609
f 2047/1763/606 1971/1691/606 1970/1690/606
f 2024/1740/610 2026/1742/610 1783/1947/610
f 1948/1677/611 1947/1676/611 2036/1752/611
f 2049/1765/601 2048/1764/601 1973/1693/601
f 2009/1948/607 1861/1655/607 1860/1654/607
f 2033/1949/600 2035/1672/600 1938/1672/600
f 1769/1927/488 1861/1655/488 2009/1948/488
f 1769/1927/488 1940/1865/488 1742/1397/488
f 1961/1682/612 1713/1590/612 1941/1950/612
f 1770/1951/618 2014/1951/618 2042/1942/618
f 1772/1939/488 1943/1674/488 1744/1613/488
f 1772/1939/488 1996/1714/488 1997/1715/488
f 1888/1670/614 1771/1935/614 1863/1952/614
f 1771/1935/679 1888/1670/679 1991/1710/679
f 1937/1671/488 1740/1611/488 1866/1779/488
f 1774/1778/488 2020/1946/488 2033/1949/488
f 1867/1777/489 1733/1418/489 1870/1658/489
f 1773/1955/489 1870/1658/489 2015/1944/489
f 1951/1956/483 1775/2013/483 1865/1957/483
f 1864/1776/616 1777/1650/616 1945/1869/616
f 1946/1867/680 1776/1649/680 1950/1872/680
f 1722/1597/486 1881/1786/486 1779/1959/486
f 1779/1959/486 2032/1748/486 2039/1755/486
f 1882/1787/612 1715/1460/612 1885/1960/612
f 1778/1785/681 1885/1960/681 2027/1961/681
f 1780/1929/486 1880/1664/486 1985/1705/486
f 1766/1962/486 1880/1664/486 1780/1929/486
f 1960/1881/614 1781/1928/614 1964/1684/614
f 1781/1928/615 1990/1709/615 2000/1936/615
f 1947/1963/489 1731/1604/489 1873/1783/489
f 1783/1947/489 2026/1742/489 2036/1964/489
f 1874/1784/486 1724/1439/486 1877/1661/486
f 1782/1782/486 1877/1661/486 2021/1738/486
f 1872/1965/483 1700/1499/483 1958/1880/483
f 1871/1781/682 1786/1653/682 1952/1875/682
f 1953/1876/620 1785/1652/620 1957/1879/620
f 1557/1393/488 1739/1403/488 1889/1967/488
f 1743/1394/488 1557/1393/488 1788/1968/488
f 1708/1478/484 1541/1477/484 1787/1788/484
f 1541/1477/484 1706/1484/484 1914/1826/484
f 1891/1793/488 1790/1792/488 1580/1398/488
f 1543/1557/485 1789/1971/485 1892/1970/485
f 1690/1558/485 1916/1987/485 1789/1971/485
f 1915/1828/488 1745/1391/488 1580/1398/488
f 1562/1569/483 1791/1973/483 1894/1972/483
f 1792/1916/616 1917/1832/616 1679/1527/616
f 1762/1636/483 1918/1989/483 1791/1973/483
f 1893/1795/683 1792/1916/683 1582/1529/683
f 1896/1799/489 1736/1412/489 1576/1419/489
f 1681/1534/488 1895/1798/488 1794/1917/488
f 1749/1619/488 1555/1533/488 1794/1917/488
f 1793/1797/684 1576/1419/684 1732/1421/684
f 1553/1414/489 1730/1424/489 1897/1974/489
f 1734/1415/489 1553/1414/489 1796/1975/489
f 1795/1800/484 1564/1479/484 1707/1481/484
f 1898/1802/484 1709/1475/484 1564/1479/484
f 1900/1977/483 1703/1493/483 1560/1500/483
f 1798/1919/617 1923/1840/617 1682/1535/617
f 1797/1978/483 1560/1500/483 1699/1502/483
f 1899/1804/617 1798/1919/617 1578/1537/617
f 1902/1808/486 1727/1433/486 1572/1440/486
f 1684/1542/685 1901/1807/685 1800/1920/685
f 1752/1623/629 1551/1541/629 1800/1920/629
f 1926/1844/486 1799/1806/486 1572/1440/486
f 1549/1435/486 1721/1445/486 1903/1810/486
f 1725/1436/486 1549/1435/486 1802/1921/486
f 1928/1847/484 1801/1809/484 1566/1561/484
f 1801/1809/484 1904/1811/484 1691/1559/484
f 1701/1496/483 1537/1495/483 1803/1812/483
f 1537/1495/483 1698/1505/483 1930/1848/483
f 1574/1545/686 1804/1922/686 1929/1850/686
f 1753/1624/620 1905/1813/620 1804/1922/620
f 1908/1815/485 1718/1454/485 1568/1461/485
f 1547/1549/486 1687/1550/486 1907/1817/486
f 1547/1549/486 1806/1816/486 1931/1852/486
f 1805/1923/485 1568/1461/485 1714/1463/485
f 1545/1456/485 1712/1466/485 1909/1980/485
f 1716/1457/485 1545/1456/485 1808/1981/485
f 1539/1565/484 1807/1818/484 1910/1820/484
f 1539/1565/484 1693/1566/484 1934/1854/484
f 1911/1822/485 1810/1925/485 1570/1553/485
f 1535/1573/483 1809/1985/483 1912/1983/483
f 1535/1573/483 1696/1574/483 1936/1984/483
f 1810/1925/485 1935/1859/485 1688/1551/485
f 1589/1396/488 1743/1394/488 1913/1969/488
f 1641/1483/484 1972/1692/484 1859/1888/484
f 1861/1655/488 1742/1397/488 1589/1396/488
f 1706/1484/484 1641/1483/484 1811/1824/484
f 1814/1890/488 1584/1389/488 1745/1391/488
f 1663/1641/485 1813/1988/485 1916/1987/485
f 1765/1953/485 1863/1952/485 1813/1988/485
f 1862/1773/488 1744/1613/488 1584/1389/488
f 1646/1637/483 1815/1990/483 1918/1989/483
f 1816/1831/616 1864/1776/616 1768/1958/616
f 1702/1578/483 1865/1957/483 1815/1990/483
f 1917/1832/616 1816/1831/616 1678/1646/616
f 1591/1618/488 1749/1619/488 1919/1835/488
f 1740/1611/488 1591/1618/488 1818/1834/488
f 1817/1892/489 1600/1416/489 1733/1418/489
f 1920/1833/489 1732/1421/489 1600/1416/489
f 1601/1417/489 1734/1415/489 1921/1976/489
f 1733/1418/489 1601/1417/489 1820/1991/489
f 1868/1893/484 1819/1836/484 1636/1584/484
f 1922/1838/484 1707/1481/484 1636/1584/484
f 1924/1979/483 1699/1502/483 1648/1497/483
f 1822/1895/617 1871/1781/617 1767/1966/617
f 1821/1992/483 1648/1497/483 1700/1499/483
f 1923/1840/617 1822/1895/617 1674/1644/617
f 1603/1622/489 1752/1623/489 1925/1843/489
f 1731/1604/489 1603/1622/489 1824/1896/489
f 1823/1842/486 1612/1437/486 1724/1439/486
f 1926/1844/486 1723/1442/486 1612/1437/486
f 1825/1845/484 1928/1847/484 1759/1632/484
f 1613/1438/486 1725/1436/486 1927/1846/486
f 1724/1439/486 1613/1438/486 1826/1897/486
f 1875/1659/484 1825/1845/484 1634/1633/484
f 1698/1505/483 1653/1504/483 1827/1898/483
f 1653/1504/483 1969/1689/483 1878/1662/483
f 1670/1642/486 1828/1849/486 1880/1664/486
f 1685/1543/486 1929/1850/486 1828/1849/486
f 1755/1627/486 1931/1852/486 1830/1899/486
f 1615/1626/486 1830/1899/486 1881/1786/486
f 1829/1851/485 1624/1458/485 1715/1460/485
f 1932/1853/485 1714/1463/485 1624/1458/485
f 1625/1459/485 1716/1457/485 1933/1982/485
f 1659/1994/484 1983/1703/484 1883/1665/484
f 1715/1460/485 1625/1459/485 1832/1993/485
f 1693/1566/484 1659/1994/484 1831/1900/484
f 1935/1859/485 1834/1858/485 1666/1640/485
f 1696/1574/483 1655/1996/483 1833/1995/483
f 1655/1996/483 1980/1700/483 1886/1932/483
f 1834/1858/687 1888/1670/687 1765/1953/687
f 1836/1997/488 1593/1402/488 1740/1611/488
f 1637/1585/484 1708/1478/484 1890/1790/484
f 1739/1403/488 1593/1402/488 1836/1997/488
f 1939/1860/484 1974/1694/484 1637/1585/484
f 1940/1865/488 1838/1864/488 1588/1395/488
f 1627/1630/485 1837/1998/485 1941/1950/485
f 1758/1631/485 1892/1970/485 1837/1998/485
f 1838/1864/488 1891/1793/488 1741/1400/488
f 1658/1999/483 1839/2000/483 1942/1933/483
f 1840/1866/488 1893/1795/488 1747/1616/488
f 1943/1674/488 1840/1866/488 1586/1617/488
f 1694/1567/483 1894/1972/483 1839/2000/483
f 1675/1647/488 1768/1958/488 1945/1869/488
f 1681/1534/488 1675/1647/488 1842/1868/488
f 1896/1799/688 1841/1905/688 1596/1410/688
f 1841/1905/689 1946/1867/689 1735/1606/689
f 1844/2001/489 1605/1423/489 1731/1604/489
f 1730/1424/489 1605/1423/489 1844/2001/489
f 1843/1906/484 1632/1473/484 1709/1475/484
f 1949/1678/484 1978/1698/484 1632/1473/484
f 1951/1956/483 1702/1578/483 1644/1491/483
f 1846/1907/617 1899/1804/617 1750/1620/617
f 1950/1872/617 1846/1907/617 1598/1621/617
f 1845/2002/483 1644/1491/483 1703/1493/483
f 1671/1645/630 1767/1966/630 1952/1875/630
f 1684/1542/489 1671/1645/489 1848/1908/489
f 1902/1808/486 1847/1874/486 1608/1431/486
f 1953/1876/486 1726/1599/486 1608/1431/486
f 1662/2003/484 1849/1909/484 1954/1679/484
f 1617/1444/486 1722/1597/486 1955/1680/486
f 1721/1445/486 1617/1444/486 1850/1877/486
f 1904/1811/484 1849/1909/484 1662/2003/484
f 1700/1499/483 1649/1498/483 1851/1878/483
f 1649/1498/483 1701/1496/483 1906/1814/483
f 1610/1625/620 1852/1910/620 1905/1813/620
f 1726/1599/620 1957/1879/620 1852/1910/620
f 1667/1643/486 1766/1962/486 1959/1883/486
f 1687/1550/486 1667/1643/486 1854/1882/486
f 1853/1911/485 1620/1452/485 1718/1454/485
f 1960/1881/485 1717/1592/485 1620/1452/485
f 1856/2004/485 1629/1465/485 1713/1590/485
f 1761/1635/484 1910/1820/484 1855/1912/484
f 1712/1466/485 1629/1465/485 1856/2004/485
f 1639/1634/484 1855/1912/484 1963/1884/484
f 1651/1638/483 1857/2005/483 1966/1930/483
f 1764/1639/483 1912/1983/483 1857/2005/483
f 1858/1887/485 1911/1822/485 1756/1628/485
f 1717/1592/690 1964/1684/690 1858/1887/690
f 1971/1691/627 2047/1763/627 2010/1727/627
f 1973/1693/486 2048/1764/486 2016/1733/486
f 1977/1697/485 2053/1769/485 2022/1660/485
f 1968/1688/628 2005/1722/628 1986/1663/628
f 1884/1666/488 1982/1702/488 2054/1770/488
f 1887/2007/486 1979/1699/486 2006/1723/486
f 1938/2008/485 2035/1751/485 2049/1765/485
f 1944/1934/628 1999/1934/628 2007/1724/628
f 1948/1677/488 2038/1754/488 2051/1767/488
f 1956/1681/627 2041/1757/627 2055/1771/627
f 1962/2009/486 2044/1760/486 2045/1761/486
f 1965/1940/488 2002/1719/488 2003/1720/488
f 1528/1575/483 1651/1638/483 1969/1689/483
f 1525/1581/484 1639/1634/484 1972/1692/484
f 1974/1694/484 1636/1584/484 1524/1583/484
f 1978/1698/484 1634/1633/484 1523/1587/484
f 1529/1568/483 1658/1999/483 1980/1700/483
f 1530/1560/484 1662/2003/484 1983/1703/484
f 2004/1721/483 2001/1718/483 1989/1708/483
f 1998/1938/483 1995/2014/483 1993/2010/483
f 2046/1762/484 2043/1759/484 2013/1730/484
f 2017/1734/484 2050/1766/484 2034/1750/484
f 2025/1741/484 2023/1739/484 2052/1768/484
f 2040/1756/484 2031/1747/484 2029/1745/484
o Plane.002
v -0.662413 1.893657 -4.180805
v -0.662649 1.897257 -4.179937
v -0.676310 1.897257 -4.184579
v -0.676310 2.290057 -4.184579
v -0.662649 2.290057 -4.179937
v -0.662413 2.293657 -4.180805
v 0.853864 1.893657 -3.769012
v 0.867760 1.897257 -3.765238
v 0.853628 1.897257 -3.768143
v 0.853864 2.293657 -3.769012
v 0.853628 2.290057 -3.768143
v 0.867760 2.290057 -3.765238
v 0.878357 1.893657 -3.859200
v 0.878593 1.897257 -3.860069
v 0.892254 1.897257 -3.855426
v -0.637920 1.893657 -4.270993
v -0.651816 1.897257 -4.274767
v -0.637684 1.897257 -4.271862
v -0.651816 2.290057 -4.274767
v -0.637920 2.293657 -4.270993
v -0.637684 2.290057 -4.271862
v 0.878357 2.293657 -3.859200
v 0.892254 2.290057 -3.855426
v 0.878593 2.290057 -3.860069
v -0.653866 2.393657 -4.212276
v -0.654102 2.397257 -4.211408
v -0.667763 2.397257 -4.216050
v -0.667763 2.790057 -4.216050
v -0.654102 2.790057 -4.211408
v -0.653866 2.793657 -4.212276
v 0.862411 2.393657 -3.800483
v 0.876307 2.397257 -3.796709
v 0.862175 2.397257 -3.799614
v 0.862411 2.793657 -3.800483
v 0.862175 2.790057 -3.799614
v 0.876307 2.790057 -3.796709
v 0.886904 2.393657 -3.890671
v 0.887140 2.397257 -3.891540
v 0.900801 2.397257 -3.886897
v -0.629373 2.393657 -4.302464
v -0.643269 2.397257 -4.306238
v -0.629137 2.397257 -4.303333
v -0.643269 2.790057 -4.306238
v -0.629373 2.793657 -4.302464
v -0.629137 2.790057 -4.303333
v 0.886904 2.793657 -3.890671
v 0.900801 2.790057 -3.886897
v 0.887140 2.790057 -3.891540
v -0.645319 2.893657 -4.243747
v -0.645555 2.897257 -4.242878
v -0.659216 2.897257 -4.247521
v -0.659216 3.290057 -4.247521
v -0.645555 3.290057 -4.242878
v -0.645319 3.293657 -4.243747
v 0.870958 2.893657 -3.831954
v 0.884854 2.897257 -3.828180
v 0.870722 2.897257 -3.831085
v 0.870958 3.293657 -3.831954
v 0.870722 3.290057 -3.831085
v 0.884854 3.290057 -3.828180
v 0.895451 2.893657 -3.922142
v 0.895687 2.897257 -3.923010
v 0.909348 2.897257 -3.918368
v -0.620826 2.893657 -4.333935
v -0.634722 2.897257 -4.337709
v -0.620590 2.897257 -4.334804
v -0.634722 3.290057 -4.337709
v -0.620826 3.293657 -4.333935
v -0.620590 3.290057 -4.334804
v 0.895451 3.293657 -3.922142
v 0.909348 3.290057 -3.918368
v 0.895687 3.290057 -3.923010
v -0.636772 3.393657 -4.275218
v -0.637008 3.397257 -4.274349
v -0.650669 3.397257 -4.278992
v -0.650669 3.790057 -4.278992
v -0.637008 3.790057 -4.274349
v -0.636772 3.793657 -4.275218
v 0.879505 3.393657 -3.863425
v 0.893401 3.397257 -3.859650
v 0.879269 3.397257 -3.862556
v 0.879505 3.793657 -3.863425
v 0.879269 3.790057 -3.862556
v 0.893401 3.790057 -3.859650
v 0.903998 3.393657 -3.953613
v 0.904234 3.397257 -3.954481
v 0.917895 3.397257 -3.949839
v -0.612279 3.393657 -4.365406
v -0.626175 3.397257 -4.369180
v -0.612043 3.397257 -4.366275
v -0.626175 3.790057 -4.369180
v -0.612279 3.793657 -4.365406
v -0.612043 3.790057 -4.366275
v 0.903998 3.793657 -3.953613
v 0.917895 3.790057 -3.949839
v 0.904234 3.790057 -3.954481
vn -0.3122 -0.2421 0.9187
vn -0.3122 0.2421 0.9187
vn -0.1954 -0.2421 0.9504
vn -0.1954 0.2421 0.9504
vn 0.3122 -0.2421 -0.9187
vn 0.1954 -0.2421 -0.9504
vn 0.1954 0.2421 -0.9504
vn 0.3122 0.2421 -0.9187
vn -0.2543 -0.2425 0.9362
vn -0.3218 -0.0000 0.9468
vn -0.2543 0.2425 0.9362
vn -0.2014 -0.0000 0.9795
vn 0.2543 -0.2425 -0.9362
vn 0.2014 -0.0000 -0.9795
vn 0.2543 0.2425 -0.9362
vn 0.3218 -0.0000 -0.9468
vn -0.2341 -0.9701 -0.0636
vn 0.2341 -0.9701 0.0636
vn 0.2341 0.9701 0.0636
vn -0.2341 0.9701 -0.0636
vn -0.0000 -1.0000 -0.0000
vn -0.2621 -0.0000 0.9650
vn -0.9650 -0.0000 -0.2621
vn -0.0000 1.0000 -0.0000
vn 0.9650 -0.0000 0.2621
vn 0.2621 -0.0000 -0.9650
vn 0.2340 0.9701 0.0636
vn -0.2340 0.9701 -0.0636
vt 0.000000 0.009000
vt 0.009000 0.009000
vt 0.009000 0.000000
vt 0.991000 0.000000
vt 0.991000 0.009000
vt 1.000000 0.009000
vt 0.000000 0.991000
vt 0.009000 1.000000
vt 0.009000 0.991000
vt 1.000000 0.991000
vt 0.991000 0.991000
vt 0.991000 1.000000
vt 0.009000 1.000000
vt 0.000000 0.009000
vt 0.009000 0.000000
vt 0.991000 0.000000
vt 1.000000 0.009000
vt 1.000000 0.991000
s 0
usemtl 
f 2057/2015/691 2058/2016/691 2059/2017/691
f 2060/2018/692 2061/2019/692 2062/2020/692
f 2063/2021/693 2064/2022/693 2065/2023/693
f 2066/2024/694 2067/2025/694 2068/2026/694
f 2069/2021/695 2070/2023/695 2071/2027/695
f 2072/2028/696 2073/2029/696 2074/2016/696
f 2075/2030/697 2076/2031/697 2077/2019/697
f 2078/2032/698 2079/2026/698 2080/2025/698
f 2058/2016/699 2063/2021/699 2065/2023/699
f 2061/2019/700 2059/2017/700 2058/2016/700
f 2067/2025/701 2062/2020/701 2061/2019/701
f 2065/2023/702 2068/2026/702 2067/2025/702
f 2072/2028/703 2070/2023/703 2069/2021/703
f 2075/2030/704 2074/2016/704 2073/2029/704
f 2078/2032/705 2077/2019/705 2076/2031/705
f 2071/2027/706 2080/2025/706 2079/2026/706
f 2073/2029/707 2057/2015/707 2059/2017/707
f 2064/2022/708 2069/2021/708 2071/2027/708
f 2066/2024/709 2079/2026/709 2078/2032/709
f 2076/2031/710 2060/2018/710 2062/2020/710
f 2057/2015/711 2069/2021/711 2063/2021/711
f 2065/2023/712 2061/2019/712 2058/2016/712
f 2060/2018/713 2073/2029/713 2059/2017/713
f 2066/2024/714 2076/2031/714 2062/2020/714
f 2064/2022/715 2079/2026/715 2068/2026/715
f 2077/2019/716 2070/2023/716 2074/2016/716
f 2081/2015/691 2082/2016/691 2083/2017/691
f 2084/2018/692 2085/2019/692 2086/2020/692
f 2087/2021/693 2088/2022/693 2089/2023/693
f 2090/2024/694 2091/2025/694 2092/2026/694
f 2093/2021/695 2094/2023/695 2095/2027/695
f 2096/2028/696 2097/2029/696 2098/2016/696
f 2099/2030/697 2100/2031/697 2101/2019/697
f 2102/2032/698 2103/2026/698 2104/2025/698
f 2082/2016/699 2087/2021/699 2089/2023/699
f 2085/2019/700 2083/2017/700 2082/2016/700
f 2091/2025/701 2086/2020/701 2085/2019/701
f 2089/2023/702 2092/2026/702 2091/2025/702
f 2096/2028/703 2094/2023/703 2093/2021/703
f 2099/2030/704 2098/2016/704 2097/2029/704
f 2102/2032/705 2101/2019/705 2100/2031/705
f 2095/2027/706 2104/2025/706 2103/2026/706
f 2097/2029/707 2081/2015/707 2083/2017/707
f 2088/2022/708 2093/2021/708 2095/2027/708
f 2090/2024/709 2103/2026/709 2102/2032/709
f 2100/2031/710 2084/2018/710 2086/2020/710
f 2081/2015/711 2093/2021/711 2087/2021/711
f 2089/2023/712 2085/2019/712 2082/2016/712
f 2084/2018/713 2097/2029/713 2083/2017/713
f 2090/2024/714 2100/2031/714 2086/2020/714
f 2088/2022/715 2103/2026/715 2092/2026/715
f 2101/2019/716 2094/2023/716 2098/2016/716
f 2105/2015/691 2106/2016/691 2107/2017/691
f 2108/2018/692 2109/2019/692 2110/2020/692
f 2111/2021/693 2112/2022/693 2113/2023/693
f 2114/2024/694 2115/2025/694 2116/2026/694
f 2117/2021/695 2118/2023/695 2119/2027/695
f 2120/2028/696 2121/2029/696 2122/2016/696
f 2123/2030/697 2124/2031/697 2125/2019/697
f 2126/2032/698 2127/2026/698 2128/2025/698
f 2106/2016/699 2111/2021/699 2113/2023/699
f 2109/2019/700 2107/2017/700 2106/2016/700
f 2115/2025/701 2110/2020/701 2109/2019/701
f 2113/2023/702 2116/2026/702 2115/2025/702
f 2120/2028/703 2118/2023/703 2117/2021/703
f 2123/2030/704 2122/2016/704 2121/2029/704
f 2126/2032/705 2125/2019/705 2124/2031/705
f 2119/2027/706 2128/2025/706 2127/2026/706
f 2121/2029/707 2105/2015/707 2107/2017/707
f 2112/2022/708 2117/2021/708 2119/2027/708
f 2114/2024/709 2127/2026/709 2126/2032/709
f 2124/2031/710 2108/2018/710 2110/2020/710
f 2105/2015/711 2117/2021/711 2111/2021/711
f 2113/2023/712 2109/2019/712 2106/2016/712
f 2108/2018/713 2121/2029/713 2107/2017/713
f 2114/2024/714 2124/2031/714 2110/2020/714
f 2112/2022/715 2127/2026/715 2116/2026/715
f 2125/2019/716 2118/2023/716 2122/2016/716
f 2129/2015/691 2130/2016/691 2131/2017/691
f 2132/2018/692 2133/2019/692 2134/2020/692
f 2135/2021/693 2136/2022/693 2137/2023/693
f 2138/2024/694 2139/2025/694 2140/2026/694
f 2141/2021/695 2142/2023/695 2143/2027/695
f 2144/2028/696 2145/2029/696 2146/2016/696
f 2147/2030/697 2148/2031/697 2149/2019/697
f 2150/2032/698 2151/2026/698 2152/2025/698
f 2130/2016/699 2135/2021/699 2137/2023/699
f 2133/2019/700 2131/2017/700 2130/2016/700
f 2139/2025/701 2134/2020/701 2133/2019/701
f 2137/2023/702 2140/2026/702 2139/2025/702
f 2144/2028/703 2142/2023/703 2141/2021/703
f 2147/2030/704 2146/2016/704 2145/2029/704
f 2150/2032/705 2149/2019/705 2148/2031/705
f 2143/2027/706 2152/2025/706 2151/2026/706
f 2145/2029/707 2129/2015/707 2131/2017/707
f 2136/2022/708 2141/2021/708 2143/2027/708
f 2138/2024/717 2151/2026/717 2150/2032/717
f 2148/2031/718 2132/2018/718 2134/2020/718
f 2129/2015/711 2141/2021/711 2135/2021/711
f 2137/2023/712 2133/2019/712 2130/2016/712
f 2132/2018/713 2145/2029/713 2131/2017/713
f 2138/2024/714 2148/2031/714 2134/2020/714
f 2136/2022/715 2151/2026/715 2140/2026/715
f 2149/2019/716 2142/2023/716 2146/2016/716
f 2058/2016/699 2057/2015/699 2063/2021/699
f 2061/2019/700 2060/2018/700 2059/2017/700
f 2067/2025/701 2066/2024/701 2062/2020/701
f 2065/2023/702 2064/2022/702 2068/2026/702
f 2072/2028/703 2074/2016/703 2070/2023/703
f 2075/2030/704 2077/2019/704 2074/2016/704
f 2078/2032/705 2080/2025/705 2077/2019/705
f 2071/2027/706 2070/2023/706 2080/2025/706
f 2073/2029/707 2072/2028/707 2057/2015/707
f 2064/2022/708 2063/2021/708 2069/2021/708
f 2066/2024/709 2068/2026/709 2079/2026/709
f 2076/2031/710 2075/2030/710 2060/2018/710
f 2057/2015/711 2072/2028/711 2069/2021/711
f 2065/2023/712 2067/2025/712 2061/2019/712
f 2060/2018/713 2075/2030/713 2073/2029/713
f 2066/2024/714 2078/2032/714 2076/2031/714
f 2064/2022/715 2071/2027/715 2079/2026/715
f 2077/2019/716 2080/2025/716 2070/2023/716
f 2082/2016/699 2081/2015/699 2087/2021/699
f 2085/2019/700 2084/2018/700 2083/2017/700
f 2091/2025/701 2090/2024/701 2086/2020/701
f 2089/2023/702 2088/2022/702 2092/2026/702
f 2096/2028/703 2098/2016/703 2094/2023/703
f 2099/2030/704 2101/2019/704 2098/2016/704
f 2102/2032/705 2104/2025/705 2101/2019/705
f 2095/2027/706 2094/2023/706 2104/2025/706
f 2097/2029/707 2096/2028/707 2081/2015/707
f 2088/2022/708 2087/2021/708 2093/2021/708
f 2090/2024/709 2092/2026/709 2103/2026/709
f 2100/2031/710 2099/2030/710 2084/2018/710
f 2081/2015/711 2096/2028/711 2093/2021/711
f 2089/2023/712 2091/2025/712 2085/2019/712
f 2084/2018/713 2099/2030/713 2097/2029/713
f 2090/2024/714 2102/2032/714 2100/2031/714
f 2088/2022/715 2095/2027/715 2103/2026/715
f 2101/2019/716 2104/2025/716 2094/2023/716
f 2106/2016/699 2105/2015/699 2111/2021/699
f 2109/2019/700 2108/2018/700 2107/2017/700
f 2115/2025/701 2114/2024/701 2110/2020/701
f 2113/2023/702 2112/2022/702 2116/2026/702
f 2120/2028/703 2122/2016/703 2118/2023/703
f 2123/2030/704 2125/2019/704 2122/2016/704
f 2126/2032/705 2128/2025/705 2125/2019/705
f 2119/2027/706 2118/2023/706 2128/2025/706
f 2121/2029/707 2120/2028/707 2105/2015/707
f 2112/2022/708 2111/2021/708 2117/2021/708
f 2114/2024/709 2116/2026/709 2127/2026/709
f 2124/2031/710 2123/2030/710 2108/2018/710
f 2105/2015/711 2120/2028/711 2117/2021/711
f 2113/2023/712 2115/2025/712 2109/2019/712
f 2108/2018/713 2123/2030/713 2121/2029/713
f 2114/2024/714 2126/2032/714 2124/2031/714
f 2112/2022/715 2119/2027/715 2127/2026/715
f 2125/2019/716 2128/2025/716 2118/2023/716
f 2130/2016/699 2129/2015/699 2135/2021/699
f 2133/2019/700 2132/2018/700 2131/2017/700
f 2139/2025/701 2138/2024/701 2134/2020/701
f 2137/2023/702 2136/2022/702 2140/2026/702
f 2144/2028/703 2146/2016/703 2142/2023/703
f 2147/2030/704 2149/2019/704 2146/2016/704
f 2150/2032/705 2152/2025/705 2149/2019/705
f 2143/2027/706 2142/2023/706 2152/2025/706
f 2145/2029/707 2144/2028/707 2129/2015/707
f 2136/2022/708 2135/2021/708 2141/2021/708
f 2138/2024/709 2140/2026/709 2151/2026/709
f 2148/2031/710 2147/2030/710 2132/2018/710
f 2129/2015/711 2144/2028/711 2141/2021/711
f 2137/2023/712 2139/2025/712 2133/2019/712
f 2132/2018/713 2147/2030/713 2145/2029/713
f 2138/2024/714 2150/2032/714 2148/2031/714
f 2136/2022/715 2143/2027/715 2151/2026/715
f 2149/2019/716 2152/2025/716 2142/2023/716
o Cube.007
v -0.095489 1.830402 -3.270831
v -0.095489 1.720447 -3.270831
v 0.166599 1.775425 -4.235875
v -1.060533 1.775425 -3.532920
v -0.362636 1.775425 -2.287162
v 0.869554 1.775425 -3.008742
v 0.035555 1.830402 -3.753353
v -0.226534 1.830402 -2.788309
v -0.578011 1.830402 -3.401875
v 0.387032 1.830402 -3.139786
v 0.035555 1.720447 -3.753353
v -0.226534 1.720447 -2.788309
v 0.387032 1.720447 -3.139786
v -0.578011 1.720447 -3.401875
v 0.649121 1.775425 -4.104830
v -0.315923 1.775425 -4.366919
v 0.166599 1.747936 -4.235875
v 0.166599 1.802913 -4.235875
v -0.929489 1.775425 -4.015441
v -1.191578 1.775425 -3.050398
v -1.060533 1.747936 -3.532920
v -1.060533 1.802913 -3.532920
v -0.845158 1.775425 -2.418207
v 0.119886 1.775425 -2.156118
v -0.357578 1.747936 -2.305787
v -0.362636 1.802913 -2.287162
v 0.738510 1.775425 -2.526220
v 1.000599 1.775425 -3.491264
v 0.869554 1.747936 -3.008742
v 0.869554 1.802913 -3.008742
v 1.000599 1.802913 -3.491264
v 1.000599 1.747936 -3.491264
v 0.738510 1.747936 -2.526220
v 0.119886 1.802913 -2.156118
v 0.124944 1.747936 -2.174743
v -0.840100 1.747936 -2.436831
v -1.191578 1.802913 -3.050398
v -1.191578 1.747936 -3.050398
v -0.929489 1.747936 -4.015441
v -0.315923 1.802913 -4.366919
v -0.315923 1.747936 -4.366919
v 0.649121 1.747936 -4.104830
v -0.709056 1.720447 -2.919353
v 0.255988 1.720447 -2.657265
v 0.518077 1.720447 -3.622308
v 0.255988 1.830402 -2.657265
v -0.709056 1.830402 -2.919353
v -0.446967 1.830402 -3.884397
v 0.518077 1.830402 -3.622308
v -0.446967 1.720447 -3.884397
v 0.649121 1.802913 -4.104830
v -0.929489 1.802913 -4.015441
v -0.845158 1.802913 -2.418207
v 0.738510 1.802913 -2.526220
v 0.101077 1.830402 -3.994614
v -0.161012 1.830402 -3.029570
v -0.819272 1.830402 -3.467397
v 0.145771 1.830402 -3.205309
v 0.101077 1.720447 -3.994614
v -0.161012 1.720447 -3.029570
v 0.628293 1.720447 -3.074264
v -0.336750 1.720447 -3.336353
v 0.890382 1.775425 -4.039308
v -0.074662 1.775425 -4.301397
v 0.166599 1.734192 -4.235875
v 0.166599 1.789169 -4.235875
v -0.863967 1.775425 -4.256702
v -1.126055 1.775425 -3.291659
v -1.060533 1.734192 -3.532920
v -1.060533 1.789169 -3.532920
v -1.086419 1.775425 -2.483729
v -0.121375 1.775425 -2.221640
v -0.357578 1.734192 -2.305787
v -0.362636 1.789169 -2.287162
v 0.672988 1.775425 -2.284959
v 0.935077 1.775425 -3.250003
v 0.869554 1.734192 -3.008742
v 0.869554 1.789169 -3.008742
v -0.029967 1.830402 -3.512092
v -0.292056 1.830402 -2.547048
v -0.336750 1.830402 -3.336353
v 0.628293 1.830402 -3.074264
v -0.029967 1.720447 -3.512092
v -0.292056 1.720447 -2.547048
v 0.145771 1.720447 -3.205309
v -0.819272 1.720447 -3.467397
v 0.407860 1.775425 -4.170352
v -0.557184 1.775425 -4.432441
v 0.166599 1.761680 -4.235875
v 0.166599 1.816658 -4.235875
v -0.995011 1.775425 -3.774180
v -1.257100 1.775425 -2.809137
v -1.060533 1.761680 -3.532920
v -1.060533 1.816658 -3.532920
v -0.603897 1.775425 -2.352684
v 0.361147 1.775425 -2.090596
v -0.357578 1.761680 -2.305787
v -0.357578 1.816658 -2.305787
v 0.804032 1.775425 -2.767481
v 1.066121 1.775425 -3.732525
v 0.869554 1.761680 -3.008742
v 0.869554 1.816658 -3.008742
v 0.935077 1.802913 -3.250003
v 1.066121 1.802913 -3.732525
v 1.000599 1.789169 -3.491264
v 1.000599 1.816658 -3.491264
v 0.935077 1.747936 -3.250003
v 1.066121 1.747936 -3.732525
v 1.000599 1.734192 -3.491264
v 1.000599 1.761680 -3.491264
v 0.672988 1.747936 -2.284959
v 0.804032 1.747936 -2.767481
v 0.738510 1.734192 -2.526220
v 0.738510 1.761680 -2.526220
v -0.121375 1.802913 -2.221640
v 0.361147 1.802913 -2.090596
v 0.119886 1.789169 -2.156118
v 0.124944 1.816658 -2.174743
v -0.116317 1.747936 -2.240265
v 0.366205 1.747936 -2.109221
v 0.124944 1.734192 -2.174743
v 0.124944 1.761680 -2.174743
v -1.081361 1.747936 -2.502354
v -0.598839 1.747936 -2.371309
v -0.840100 1.734192 -2.436831
v -0.840100 1.761680 -2.436831
v -1.126055 1.802913 -3.291659
v -1.257100 1.802913 -2.809137
v -1.191578 1.789169 -3.050398
v -1.191578 1.816658 -3.050398
v -1.126055 1.747936 -3.291659
v -1.257100 1.747936 -2.809137
v -1.191578 1.734192 -3.050398
v -1.191578 1.761680 -3.050398
v -0.863967 1.747936 -4.256702
v -0.995011 1.747936 -3.774180
v -0.929489 1.734192 -4.015441
v -0.929489 1.761680 -4.015441
v -0.074662 1.802913 -4.301397
v -0.557184 1.802913 -4.432441
v -0.315923 1.789169 -4.366919
v -0.315923 1.816658 -4.366919
v -0.074662 1.747936 -4.301397
v -0.557184 1.747936 -4.432441
v -0.315923 1.734192 -4.366919
v -0.315923 1.761680 -4.366919
v 0.890382 1.747936 -4.039308
v 0.407860 1.747936 -4.170352
v 0.649121 1.734192 -4.104830
v 0.649121 1.761680 -4.104830
v -0.643534 1.720447 -3.160614
v -0.774578 1.720447 -2.678092
v -0.467795 1.720447 -2.853831
v -0.950317 1.720447 -2.984875
v 0.321510 1.720447 -2.898526
v 0.190466 1.720447 -2.416004
v 0.497249 1.720447 -2.591743
v 0.014727 1.720447 -2.722787
v 0.583599 1.720447 -3.863569
v 0.452555 1.720447 -3.381047
v 0.759338 1.720447 -3.556786
v 0.276816 1.720447 -3.687831
v 0.321510 1.830402 -2.898526
v 0.190466 1.830402 -2.416004
v 0.014727 1.830402 -2.722787
v 0.497249 1.830402 -2.591743
v -0.643534 1.830402 -3.160614
v -0.774578 1.830402 -2.678092
v -0.950317 1.830402 -2.984875
v -0.467795 1.830402 -2.853831
v -0.381445 1.830402 -4.125658
v -0.512489 1.830402 -3.643136
v -0.688228 1.830402 -3.949919
v -0.205706 1.830402 -3.818875
v 0.583599 1.830402 -3.863569
v 0.452555 1.830402 -3.381047
v 0.276816 1.830402 -3.687831
v 0.759338 1.830402 -3.556786
v -0.381445 1.720447 -4.125658
v -0.512489 1.720447 -3.643136
v -0.205706 1.720447 -3.818875
v -0.688228 1.720447 -3.949919
v 0.890382 1.802913 -4.039308
v 0.407860 1.802913 -4.170352
v 0.649121 1.789169 -4.104830
v 0.649121 1.816658 -4.104830
v -0.863967 1.802913 -4.256702
v -0.995011 1.802913 -3.774180
v -0.929489 1.789169 -4.015441
v -0.929489 1.816658 -4.015441
v -1.086419 1.802913 -2.483729
v -0.603897 1.802913 -2.352684
v -0.845158 1.789169 -2.418207
v -0.840100 1.816658 -2.436831
v 0.672988 1.802913 -2.284959
v 0.804032 1.802913 -2.767481
v 0.738510 1.789169 -2.526220
v 0.738510 1.816658 -2.526220
v 0.804032 1.816658 -2.767481
v 0.804032 1.789169 -2.767481
v 0.672988 1.789169 -2.284959
v -0.598839 1.816658 -2.371309
v -0.603897 1.789169 -2.352684
v -1.086419 1.789169 -2.483729
v -0.995011 1.816658 -3.774180
v -0.995011 1.789169 -3.774180
v -0.863967 1.789169 -4.256702
v 0.407860 1.816658 -4.170352
v 0.407860 1.789169 -4.170352
v 0.890382 1.789169 -4.039308
v -0.753750 1.720447 -3.708658
v -0.271228 1.720447 -3.577614
v -0.140184 1.720447 -4.060136
v 0.693816 1.830402 -3.315525
v 0.211294 1.830402 -3.446570
v 0.342338 1.830402 -3.929091
v -0.271228 1.830402 -3.577614
v -0.753750 1.830402 -3.708658
v -0.533317 1.830402 -2.612570
v -1.015839 1.830402 -2.743615
v -0.884794 1.830402 -3.226136
v 0.431727 1.830402 -2.350482
v -0.050795 1.830402 -2.481526
v 0.080249 1.830402 -2.964048
v 0.211294 1.720447 -3.446570
v 0.693816 1.720447 -3.315525
v -0.050795 1.720447 -2.481526
v 0.562771 1.720447 -2.833004
v -0.533317 1.720447 -2.612570
v -0.402273 1.720447 -3.095092
v 0.407860 1.761680 -4.170352
v 0.407860 1.734192 -4.170352
v 0.890382 1.734192 -4.039308
v -0.557184 1.761680 -4.432441
v -0.557184 1.734192 -4.432441
v -0.074662 1.734192 -4.301397
v -0.557184 1.816658 -4.432441
v -0.557184 1.789169 -4.432441
v -0.074662 1.789169 -4.301397
v -0.995011 1.761680 -3.774180
v -0.995011 1.734192 -3.774180
v -0.863967 1.734192 -4.256702
v -1.257100 1.761680 -2.809137
v -1.257100 1.734192 -2.809137
v -1.126055 1.734192 -3.291659
v -1.257100 1.816658 -2.809137
v -1.257100 1.789169 -2.809137
v -1.126055 1.789169 -3.291659
v -0.598839 1.761680 -2.371309
v -0.598839 1.734192 -2.371309
v -1.081361 1.734192 -2.502354
v 0.366205 1.761680 -2.109221
v 0.366205 1.734192 -2.109221
v -0.116317 1.734192 -2.240265
v 0.366205 1.816658 -2.109221
v 0.361147 1.789169 -2.090596
v -0.121375 1.789169 -2.221640
v 0.804032 1.761680 -2.767481
v 0.804032 1.734192 -2.767481
v 0.672988 1.734192 -2.284959
v 1.066121 1.761680 -3.732525
v 1.066121 1.734192 -3.732525
v 0.935077 1.734192 -3.250003
v 1.066121 1.816658 -3.732525
v 1.066121 1.789169 -3.732525
v 0.935077 1.789169 -3.250003
v 0.935077 1.816658 -3.250003
v 0.935077 1.761680 -3.250003
v 0.672988 1.761680 -2.284959
v -0.116317 1.816658 -2.240265
v -0.116317 1.761680 -2.240265
v -1.081361 1.761680 -2.502354
v -1.126055 1.816658 -3.291659
v -1.126055 1.761680 -3.291659
v -0.863967 1.761680 -4.256702
v -0.074662 1.816658 -4.301397
v -0.074662 1.761680 -4.301397
v 0.890382 1.761680 -4.039308
v -0.884794 1.720447 -3.226136
v 0.080249 1.720447 -2.964048
v 0.342338 1.720447 -3.929091
v 0.562771 1.830402 -2.833004
v -0.402273 1.830402 -3.095092
v -0.140184 1.830402 -4.060136
v 0.890382 1.816658 -4.039308
v -0.863967 1.816658 -4.256702
v -1.081361 1.816658 -2.502354
v 0.672988 1.816658 -2.284959
v 1.100714 1.720447 -3.859902
v 1.086735 1.720447 -3.884738
v 1.088413 1.830402 -3.890917
v 1.102398 1.830402 -3.866103
v 0.588143 1.720447 -2.048946
v 0.612716 1.720447 -2.063030
v 0.633728 1.830402 -1.995783
v 0.625425 1.829332 -1.982122
v 0.650059 1.829329 -1.996063
v -0.804751 1.720447 -4.398432
v -0.829373 1.720447 -4.384079
v -0.827689 1.830402 -4.390281
v -0.803073 1.830402 -4.404611
v -1.317369 1.720447 -2.587216
v -1.303312 1.720447 -2.562631
v -1.349510 1.830402 -2.534413
v -1.364890 1.829314 -2.543375
v -1.350818 1.829332 -2.518851
v 0.850253 1.720447 -3.013984
v 0.869554 1.721547 -3.008742
v 1.112342 1.775425 -3.979028
v 1.126349 1.775425 -3.954293
v 0.891388 1.830402 -2.945133
v 0.906862 1.829327 -2.941677
v 0.587771 1.775425 -2.047448
v 0.612725 1.775425 -2.063064
v -0.352336 1.720447 -2.325088
v -0.357578 1.721547 -2.305787
v -0.366961 1.830402 -2.271239
v -0.371061 1.829329 -2.256142
v -1.322417 1.775425 -2.568632
v -1.308360 1.775425 -2.544004
v -1.041232 1.720447 -3.527678
v -1.060533 1.721547 -3.532920
v -1.091531 1.830402 -3.483925
v -1.108083 1.829313 -3.488962
v -0.779144 1.775425 -4.492722
v -0.803738 1.775425 -4.478470
v 0.161252 1.720447 -4.216185
v 0.166599 1.721547 -4.235875
v 0.161264 1.830402 -4.216229
v 0.166599 1.829303 -4.235875
v 0.981298 1.720447 -3.496506
v 1.000599 1.721547 -3.491264
v 1.112342 1.802913 -3.979028
v 1.126342 1.802913 -3.954268
v 0.760457 1.830402 -2.462555
v 0.775822 1.829328 -2.459148
v 0.588135 1.747936 -2.048948
v 0.612719 1.747936 -2.063040
v 0.130186 1.720447 -2.194044
v 0.124944 1.721547 -2.174743
v -0.849483 1.830402 -2.402283
v -0.853583 1.829329 -2.387187
v -1.317366 1.747936 -2.587229
v -1.303309 1.747936 -2.562631
v -1.172277 1.720447 -3.045156
v -1.191578 1.721547 -3.050398
v -0.910368 1.830402 -4.010249
v -0.929489 1.829304 -4.015441
v -0.779144 1.747936 -4.492722
v -0.803749 1.747936 -4.478433
v -0.321287 1.720447 -4.347166
v -0.315923 1.721547 -4.366919
v 0.643770 1.830402 -4.085128
v 0.649121 1.829303 -4.104830
v 0.719209 1.720447 -2.531462
v 0.738510 1.721547 -2.526220
v 1.112342 1.747936 -3.979028
v 1.126339 1.747936 -3.954256
v 0.981543 1.830402 -3.496439
v 1.000599 1.829307 -3.491264
v 0.587739 1.802913 -2.047454
v 0.612734 1.802913 -2.063099
v -0.834858 1.720447 -2.456132
v -0.840100 1.721547 -2.436831
v 0.115561 1.830402 -2.140194
v 0.111461 1.829329 -2.125098
v -1.322406 1.802913 -2.568670
v -1.308346 1.802913 -2.544000
v -0.910188 1.720447 -4.010200
v -0.929489 1.721547 -4.015441
v -1.222657 1.830402 -3.001408
v -1.239130 1.829313 -3.006438
v -0.779144 1.802913 -4.492722
v -0.803745 1.802913 -4.478445
v 0.643757 1.720447 -4.085077
v 0.649121 1.721547 -4.104830
v -0.321273 1.830402 -4.347217
v -0.315923 1.829303 -4.366919
v 1.021909 1.720447 -3.646041
v 1.027164 1.719348 -3.665391
v 1.051680 1.721547 -3.679353
v 1.126332 1.816658 -3.954230
v 1.112342 1.816658 -3.979028
v 0.710301 1.829328 -2.217885
v 0.694960 1.830402 -2.221282
v 0.612717 1.734192 -2.063034
v 0.588140 1.734192 -2.048947
v 0.352146 1.720447 -2.133763
v 0.371446 1.719348 -2.128521
v 0.385506 1.721547 -2.103979
v -1.094844 1.829329 -2.452709
v -1.090744 1.830402 -2.467805
v -1.303311 1.734192 -2.562631
v -1.317368 1.734192 -2.587221
v -1.232557 1.720447 -2.823196
v -1.237799 1.719348 -2.803895
v -1.262342 1.721547 -2.789836
v -0.868743 1.830402 -4.163490
v -0.863318 1.831502 -4.182781
v -0.877397 1.829304 -4.207251
v -0.803761 1.734192 -4.478388
v -0.779144 1.734192 -4.492722
v -0.566816 1.720447 -4.320662
v -0.588016 1.719348 -4.318913
v -0.600363 1.721339 -4.349494
v 0.843707 1.830402 -3.943753
v 0.861224 1.831502 -3.931943
v 0.887291 1.829488 -3.951830
v 0.804032 1.721547 -2.767481
v 0.784731 1.720447 -2.772723
v 1.126346 1.761680 -3.954283
v 1.112342 1.761680 -3.979028
v 0.935077 1.829308 -3.250003
v 0.916050 1.830402 -3.255170
v 0.607671 1.789169 -2.044456
v 0.583047 1.789169 -2.030332
v -0.598839 1.721547 -2.371309
v -0.593597 1.720447 -2.390610
v -0.129800 1.829329 -2.190620
v -0.125700 1.830402 -2.205717
v -1.303757 1.789169 -2.561155
v -1.317354 1.789169 -2.587275
v -0.995011 1.721547 -3.774180
v -0.975710 1.720447 -3.768939
v -1.173607 1.829313 -3.247700
v -1.157102 1.830402 -3.242667
v -0.803740 1.789169 -4.478466
v -0.779144 1.789169 -4.492722
v 0.407860 1.721547 -4.170352
v 0.402509 1.720447 -4.150647
v -0.074662 1.829303 -4.301397
v -0.080001 1.830402 -4.281737
v 0.935077 1.721547 -3.250003
v 0.915776 1.720447 -3.255245
v 1.126348 1.789169 -3.954288
v 1.112342 1.789169 -3.979028
v 0.841343 1.829327 -2.700412
v 0.825934 1.830402 -2.703838
v 0.612721 1.761680 -2.063050
v 0.588128 1.761680 -2.048950
v -0.116317 1.721547 -2.240265
v -0.111075 1.720447 -2.259566
v -0.612322 1.829329 -2.321664
v -0.608222 1.830402 -2.336761
v -1.303306 1.761680 -2.562630
v -1.317363 1.761680 -2.587242
v -1.126055 1.721547 -3.291659
v -1.106755 1.720447 -3.286417
v -0.995011 1.829305 -3.774180
v -0.975911 1.830402 -3.768993
v -0.803741 1.761680 -4.478460
v -0.779144 1.761680 -4.492722
v -0.074662 1.721547 -4.301397
v -0.080013 1.720447 -4.281692
v 0.407860 1.829303 -4.170352
v 0.402521 1.830402 -4.150693
v 0.667746 1.721547 -2.265658
v 0.653687 1.719348 -2.290201
v 0.658929 1.720447 -2.309502
v 1.126327 1.734192 -3.954211
v 1.112342 1.734192 -3.979028
v 1.023152 1.830402 -3.649686
v 1.052691 1.829307 -3.683073
v 1.028168 1.831502 -3.669087
v 0.612741 1.816658 -2.063123
v 0.588062 1.816658 -2.048968
v -1.100662 1.721547 -2.507595
v -1.076119 1.719348 -2.521655
v -1.056818 1.720447 -2.516413
v 0.352722 1.829329 -2.059576
v 0.356822 1.830402 -2.074672
v -1.303277 1.816658 -2.562622
v -1.317341 1.816658 -2.587320
v -0.869577 1.720447 -4.159735
v -0.878407 1.721547 -4.203530
v -0.864322 1.719348 -4.179085
v -1.304653 1.829314 -2.765177
v -1.288198 1.830402 -2.760148
v -0.803756 1.816658 -4.478407
v -0.779144 1.816658 -4.492722
v 0.885670 1.721339 -3.945913
v 0.859550 1.719348 -3.925781
v 0.842148 1.720447 -3.938013
v -0.598768 1.829488 -4.355417
v -0.586342 1.831502 -4.325076
v -0.565257 1.830402 -4.326403
v -0.636116 1.831502 -4.141801
v -0.660659 1.831502 -4.127742
v -0.627309 1.830402 -4.097921
v 0.810446 1.719348 -3.744972
v 0.824505 1.719348 -3.720430
v 0.780648 1.720447 -3.711564
v 0.426485 1.719348 -2.331181
v 0.417668 1.720447 -2.375024
v 0.451028 1.719348 -2.345240
v -1.021081 1.719348 -2.724314
v -1.035140 1.719348 -2.748856
v -0.991296 1.720447 -2.757674
v 0.811449 1.831502 -3.748668
v 0.781655 1.830402 -3.715272
v 0.825509 1.831502 -3.724126
v -0.637120 1.719348 -4.138105
v -0.628316 1.720447 -4.094213
v -0.661663 1.719348 -4.124046
v -0.858735 3.897666 -4.275967
v -0.844676 3.897666 -4.251424
v -0.839424 3.898765 -4.270761
v -0.803770 3.897666 -4.478355
v -0.784385 3.898765 -4.473421
v -0.779156 3.897666 -4.492675
v 0.909670 3.897666 -4.034019
v 0.885128 3.897666 -4.019960
v 0.904441 3.898765 -4.014766
v 1.112329 3.897666 -3.978981
v 1.107100 3.898765 -3.959727
v 1.126318 3.897666 -3.954178
v 1.071353 3.897666 -3.751789
v 1.052062 3.898765 -3.757068
v 1.046810 3.897666 -3.737730
v -0.576497 3.897666 -4.437636
v -0.581726 3.898765 -4.418382
v -0.562438 3.897666 -4.413094
v -0.617474 3.897666 -4.210444
v -0.636765 3.898765 -4.215723
v -0.642017 3.897666 -4.196385
v 0.830092 3.897666 -3.817312
v 0.844151 3.897666 -3.792769
v 0.849403 3.898765 -3.812106
v 1.071349 0.087254 -3.751777
v 1.046807 0.087254 -3.737718
v 1.052062 0.086155 -3.757068
v 1.126307 0.087254 -3.954140
v 1.107100 0.086155 -3.959727
v 1.112325 0.087254 -3.978964
v 0.385506 0.087254 -2.103979
v 0.371446 0.087254 -2.128521
v 0.390747 0.086155 -2.123280
v 0.588143 0.087254 -2.048946
v 0.593407 0.086155 -2.068241
v 0.612715 0.087254 -2.063029
v -1.262342 0.087254 -2.789836
v -1.237799 0.087254 -2.803895
v -1.243041 0.086155 -2.784594
v -1.317370 0.087254 -2.587215
v -1.298079 0.086155 -2.581935
v -1.303312 0.087254 -2.562632
v -0.576502 0.087254 -4.437620
v -0.562443 0.087254 -4.413077
v -0.581726 0.086155 -4.418382
v -0.779161 0.087254 -4.492658
v -0.784385 0.086155 -4.473421
v -0.803780 0.087254 -4.478317
v 0.667746 0.087254 -2.265658
v 0.648445 0.086155 -2.270900
v 0.653687 0.087254 -2.290201
v -1.100662 0.087254 -2.507595
v -1.095420 0.086155 -2.526896
v -1.076119 0.087254 -2.521655
v -0.858738 0.087254 -4.275955
v -0.839424 0.086155 -4.270761
v -0.844679 0.087254 -4.251412
v 0.909666 0.087254 -4.034003
v 0.904441 0.086155 -4.014766
v 0.885123 0.087254 -4.019944
v 0.830088 0.087254 -3.817299
v 0.849403 0.086155 -3.812106
v 0.844148 0.087254 -3.792757
v 0.426485 0.087254 -2.331181
v 0.451028 0.087254 -2.345240
v 0.445786 0.086155 -2.325939
v -1.021081 0.087254 -2.724314
v -1.040381 0.086155 -2.729555
v -1.035140 0.087254 -2.748856
v -0.617477 0.087254 -4.210433
v -0.642020 0.087254 -4.196373
v -0.636765 0.086155 -4.215723
vn -0.0000 1.0000 -0.0000
vn -0.0000 -1.0000 -0.0000
vn 0.2621 -0.0000 -0.9650
vn -0.9650 -0.0000 -0.2621
vn -0.1520 -0.8146 0.5598
vn 0.9650 -0.0000 0.2621
vn -0.2621 -0.0000 0.9650
vn -0.1520 0.8145 0.5598
vn 0.0672 0.9907 0.1184
vn -0.1049 0.9927 0.0594
vn 0.1423 -0.9853 0.0946
vn -0.0949 -0.9852 0.1426
vn -0.1426 -0.9852 -0.0949
vn -0.1689 0.9856 0.0087
vn 0.0448 -0.9955 -0.0829
vn 0.0029 0.9953 -0.0970
vn 0.1710 -0.9852 -0.0097
vn 0.1409 0.9857 0.0923
vn 0.0097 -0.9852 0.1710
vn -0.1706 -0.9853 0.0097
vn 0.0033 -0.9955 -0.0942
vn 0.0465 0.9953 -0.0851
vn 0.0129 0.9997 0.0225
vn -0.0225 -0.9997 0.0129
vn -0.0129 -0.9997 -0.0225
vn 0.0225 -0.9997 -0.0129
vn -0.0225 0.9997 0.0129
vn 0.0129 -0.9997 0.0225
vn -0.0671 0.9970 0.0385
vn -0.0393 0.9969 -0.0676
vn -0.0386 0.9970 -0.0674
vn 0.0681 0.9969 -0.0384
vn 0.0385 0.9970 0.0671
vn 0.0674 0.9970 -0.0386
vn 0.0384 -0.9970 0.0671
vn 0.0682 -0.9969 -0.0384
vn -0.0673 -0.9970 0.0385
vn 0.0386 -0.9970 0.0673
vn -0.0385 -0.9970 -0.0673
vn -0.0674 -0.9970 0.0385
vn 0.0675 -0.9970 -0.0387
vn -0.0394 -0.9969 -0.0677
vn 0.0673 -0.9970 -0.0385
vn 0.0385 -0.9970 0.0673
vn -0.0671 -0.9970 0.0384
vn -0.0386 -0.9970 -0.0675
vn 0.1825 0.9778 -0.1030
vn 0.0659 0.9977 0.0179
vn 0.4973 0.0002 0.8676
vn -0.0171 0.9977 0.0663
vn -0.8681 0.0002 0.4963
vn -0.0989 -0.9805 -0.1698
vn 0.0530 -0.9985 0.0144
vn 0.8703 -0.0006 -0.4925
vn 0.0562 0.9984 0.0045
vn 0.3681 -0.6727 0.6418
vn -0.0144 -0.9985 0.0530
vn -0.0179 0.9977 0.0660
vn -0.6421 0.6899 0.3343
vn -0.0530 -0.9985 -0.0144
vn -0.0608 0.9980 -0.0165
vn -0.5015 0.0003 -0.8652
vn 0.0141 -0.9986 -0.0519
vn 0.0141 0.9985 -0.0520
vn 0.8702 -0.0000 -0.4927
vn 0.0656 0.9977 0.0178
vn 0.4974 0.0005 0.8675
vn -0.8684 0.0007 0.4960
vn -0.0534 0.9985 -0.0145
vn -0.5016 -0.0000 -0.8651
vn 0.8712 -0.0024 -0.4909
vn 0.0534 0.9985 0.0145
vn 0.4975 0.0013 0.8674
vn -0.6170 0.7041 0.3514
vn -0.0610 0.9980 -0.0166
vn -0.5028 0.0020 -0.8644
vn 0.0159 -0.9996 -0.0250
vn -0.0006 0.9995 -0.0308
vn 0.8705 -0.0000 -0.4922
vn 0.0658 0.9977 0.0179
vn 0.4973 0.0003 0.8676
vn -0.8682 0.0004 0.4962
vn -0.5022 -0.0000 -0.8648
vn -0.0062 -0.9983 -0.0573
vn 0.0331 0.9984 -0.0467
vn 0.8706 -0.0014 -0.4919
vn 0.3838 0.6904 0.6132
vn -0.6432 -0.6723 0.3666
vn -0.0609 0.9980 -0.0166
vn -0.5019 0.0011 -0.8649
vn 0.0141 -0.9986 -0.0518
vn 0.0141 0.9986 -0.0519
vn 0.8702 -0.0000 -0.4928
vn 0.0654 0.9977 0.0178
vn 0.5288 -0.0786 0.8451
vn -0.6169 -0.7039 0.3521
vn -0.0586 0.9980 -0.0233
vn -0.5014 -0.0000 -0.8652
vn 0.1712 -0.9805 -0.0964
vn 0.0803 -0.9866 0.1422
vn -0.0190 0.9976 0.0666
vn -0.1706 -0.9804 0.0986
vn -0.1054 0.9778 -0.1811
vn 0.0530 0.9985 0.0144
vn -0.0144 0.9985 0.0529
vn -0.0144 -0.9985 0.0528
vn 0.0144 -0.9985 -0.0530
vn -0.0530 0.9985 -0.0144
vn 0.0144 0.9985 -0.0531
vn -0.8675 0.0243 0.4969
vn -0.4968 -0.0312 -0.8673
vn 0.8707 -0.0310 -0.4908
vn 0.4969 0.0243 0.8675
vn -0.5029 -0.0310 -0.8638
vn 0.8673 -0.0312 -0.4968
vn 0.0144 -0.9985 -0.0532
vn 0.8677 -0.0000 -0.4971
vn -0.4971 -0.0000 -0.8677
vn 0.9275 0.0336 -0.3723
vn -0.5029 0.0419 -0.8633
vn 0.8707 0.0419 -0.4901
vn -0.4966 0.0422 -0.8669
vn -0.8673 -0.0325 0.4968
vn 0.4968 -0.0325 0.8673
vn -0.8677 -0.0000 0.4971
vn 0.4973 -0.0000 0.8676
vn -0.8681 -0.0000 0.4964
vn 0.4971 -0.0000 0.8677
vn 0.0365 -0.9903 -0.1344
vn 0.2909 0.0558 -0.9551
vn 0.0390 0.9889 -0.1437
vn 0.2618 -0.0441 -0.9641
vn 0.2221 -0.9732 0.0603
vn -0.0627 -0.9710 0.2308
vn 0.2616 0.0597 -0.9633
vn 0.2337 -0.0411 -0.9714
vn -0.3335 -0.9384 -0.0906
vn -0.1147 -0.7898 0.6025
vn -0.2605 -0.1116 0.9590
vn -0.0089 -0.9875 -0.1577
vn -0.1087 0.8137 0.5710
vn -0.2058 -0.7898 0.5777
vn 0.0875 -0.9875 -0.1315
vn -0.2618 -0.0459 0.9640
vn -0.2619 0.0344 0.9645
vn -0.1520 -0.8145 0.5598
vn -0.1520 0.8146 0.5598
vn 0.1826 0.9778 -0.1029
vn 0.4973 0.0001 0.8676
vn -0.0173 0.9976 0.0671
vn -0.8681 0.0001 0.4964
vn -0.0990 -0.9805 -0.1698
vn 0.0680 0.9977 0.0062
vn 0.3841 -0.6898 0.6138
vn -0.6425 0.6728 0.3667
vn -0.0607 0.9980 -0.0165
vn 0.8705 0.0011 -0.4922
vn 0.4973 0.0004 0.8676
vn -0.8682 0.0002 0.4962
vn -0.5022 -0.0014 -0.8648
vn 0.0140 -0.9986 -0.0518
vn 0.8706 -0.0000 -0.4919
vn 0.5288 0.0806 0.8449
vn -0.6170 0.7040 0.3517
vn -0.0609 0.9980 -0.0165
vn -0.5019 -0.0000 -0.8649
vn 0.0343 -0.9983 -0.0463
vn -0.0049 0.9984 -0.0570
vn 0.8710 0.0020 -0.4913
vn -0.8681 0.0001 0.4963
vn -0.5032 -0.0024 -0.8642
vn -0.0011 -0.9996 -0.0297
vn 0.0161 0.9995 -0.0263
vn 0.8703 -0.0000 -0.4925
vn 0.0535 0.9985 0.0145
vn 0.3678 0.6734 0.6413
vn -0.6427 -0.6892 0.3346
vn -0.5015 -0.0000 -0.8652
vn 0.8702 0.0003 -0.4927
vn 0.4974 0.0007 0.8675
vn -0.6168 -0.7038 0.3523
vn -0.0517 0.9984 -0.0210
vn -0.5016 -0.0006 -0.8651
vn 0.0811 -0.9866 0.1413
vn -0.0187 0.9977 0.0658
vn -0.1710 -0.9805 0.0974
vn -0.6076 -0.0250 -0.7939
vn 0.8706 -0.0310 -0.4910
vn -0.5026 -0.0310 -0.8640
vn 0.9257 -0.0250 -0.3775
vn 0.8669 0.0422 -0.4966
vn -0.5031 0.0419 -0.8632
vn 0.8705 0.0419 -0.4903
vn -0.6117 0.0336 -0.7903
vn 0.2898 -0.0411 -0.9562
vn -0.0623 -0.9736 0.2194
vn 0.2323 0.0558 -0.9711
vn -0.0569 -0.9738 0.2202
vn 0.2798 -0.9597 0.0257
vn -0.1087 -0.8137 0.5710
vn -0.2058 0.7899 0.5777
vn -0.3828 -0.9113 -0.1517
vn 0.0901 0.9858 -0.1414
vn -0.1147 0.7898 0.6025
vn -0.2604 0.1118 0.9590
vn -0.0062 0.9858 -0.1675
vt 0.750000 0.593750
vt 0.718750 0.625000
vt 0.718750 0.593750
vt 0.250000 0.593750
vt 0.218750 0.625000
vt 0.218750 0.593750
vt 0.500000 0.843750
vt 0.468750 0.875000
vt 0.468750 0.843750
vt 0.500000 0.593750
vt 0.468750 0.625000
vt 0.468750 0.593750
vt 0.500000 0.343750
vt 0.468750 0.375000
vt 0.468750 0.343750
vt 0.500000 0.093750
vt 0.468750 0.125000
vt 0.468750 0.093750
vt 0.562500 0.093750
vt 0.531250 0.125000
vt 0.531250 0.093750
vt 0.562500 0.031250
vt 0.531250 0.062500
vt 0.531250 0.031250
vt 0.437500 0.093750
vt 0.406250 0.125000
vt 0.406250 0.093750
vt 0.437500 0.031250
vt 0.406250 0.062500
vt 0.406250 0.031250
vt 0.500000 0.031250
vt 0.468750 0.062500
vt 0.468750 0.031250
vt 0.437500 0.156250
vt 0.406250 0.187500
vt 0.406250 0.156250
vt 0.500000 0.156250
vt 0.468750 0.187500
vt 0.468750 0.156250
vt 0.562500 0.343750
vt 0.531250 0.375000
vt 0.531250 0.343750
vt 0.562500 0.281250
vt 0.531250 0.312500
vt 0.531250 0.281250
vt 0.437500 0.343750
vt 0.406250 0.375000
vt 0.406250 0.343750
vt 0.437500 0.281250
vt 0.406250 0.312500
vt 0.406250 0.281250
vt 0.500000 0.281250
vt 0.468750 0.312500
vt 0.468750 0.281250
vt 0.437500 0.406250
vt 0.406250 0.437500
vt 0.406250 0.406250
vt 0.500000 0.406250
vt 0.468750 0.437500
vt 0.468750 0.406250
vt 0.562500 0.593750
vt 0.531250 0.625000
vt 0.531250 0.593750
vt 0.562500 0.531250
vt 0.531250 0.562500
vt 0.531250 0.531250
vt 0.437500 0.593750
vt 0.406250 0.625000
vt 0.406250 0.593750
vt 0.437500 0.531250
vt 0.406250 0.562500
vt 0.406250 0.531250
vt 0.500000 0.531250
vt 0.468750 0.562500
vt 0.468750 0.531250
vt 0.437500 0.656250
vt 0.406250 0.687500
vt 0.406250 0.656250
vt 0.500000 0.656250
vt 0.468750 0.687500
vt 0.468750 0.656250
vt 0.562500 0.843750
vt 0.531250 0.875000
vt 0.531250 0.843750
vt 0.562500 0.781250
vt 0.531250 0.812500
vt 0.531250 0.781250
vt 0.437500 0.843750
vt 0.406250 0.875000
vt 0.406250 0.843750
vt 0.437500 0.781250
vt 0.406250 0.812500
vt 0.406250 0.781250
vt 0.500000 0.781250
vt 0.468750 0.812500
vt 0.468750 0.781250
vt 0.437500 0.906250
vt 0.406250 0.937500
vt 0.406250 0.906250
vt 0.500000 0.906250
vt 0.468750 0.937500
vt 0.468750 0.906250
vt 0.312500 0.593750
vt 0.281250 0.625000
vt 0.281250 0.593750
vt 0.312500 0.531250
vt 0.281250 0.562500
vt 0.281250 0.531250
vt 0.187500 0.593750
vt 0.156250 0.625000
vt 0.156250 0.593750
vt 0.250000 0.531250
vt 0.218750 0.562500
vt 0.218750 0.531250
vt 0.187500 0.656250
vt 0.156250 0.687500
vt 0.156250 0.656250
vt 0.250000 0.656250
vt 0.218750 0.687500
vt 0.218750 0.656250
vt 0.812500 0.593750
vt 0.781250 0.625000
vt 0.781250 0.593750
vt 0.812500 0.531250
vt 0.781250 0.562500
vt 0.781250 0.531250
vt 0.687500 0.593750
vt 0.656250 0.625000
vt 0.656250 0.593750
vt 0.687500 0.531250
vt 0.656250 0.562500
vt 0.656250 0.531250
vt 0.750000 0.531250
vt 0.718750 0.562500
vt 0.718750 0.531250
vt 0.687500 0.656250
vt 0.656250 0.687500
vt 0.656250 0.656250
vt 0.750000 0.656250
vt 0.718750 0.687500
vt 0.718750 0.656250
vt 0.812500 0.656250
vt 0.781250 0.687500
vt 0.781250 0.656250
vt 0.312500 0.656250
vt 0.281250 0.687500
vt 0.281250 0.656250
vt 0.562500 0.906250
vt 0.531250 0.937500
vt 0.531250 0.906250
vt 0.562500 0.656250
vt 0.531250 0.687500
vt 0.531250 0.656250
vt 0.562500 0.406250
vt 0.531250 0.437500
vt 0.531250 0.406250
vt 0.562500 0.156250
vt 0.531250 0.187500
vt 0.531250 0.156250
vt 0.593750 0.156250
vt 0.562500 0.187500
vt 0.593750 0.125000
vt 0.562500 0.125000
vt 0.500000 0.187500
vt 0.500000 0.125000
vt 0.500000 0.218750
vt 0.531250 0.218750
vt 0.593750 0.406250
vt 0.562500 0.437500
vt 0.593750 0.375000
vt 0.562500 0.375000
vt 0.500000 0.437500
vt 0.500000 0.375000
vt 0.500000 0.468750
vt 0.531250 0.468750
vt 0.593750 0.656250
vt 0.562500 0.687500
vt 0.593750 0.625000
vt 0.562500 0.625000
vt 0.500000 0.687500
vt 0.500000 0.625000
vt 0.500000 0.718750
vt 0.531250 0.718750
vt 0.593750 0.906250
vt 0.562500 0.937500
vt 0.593750 0.875000
vt 0.562500 0.875000
vt 0.500000 0.937500
vt 0.500000 0.875000
vt 0.500000 0.968750
vt 0.531250 0.968750
vt 0.343750 0.656250
vt 0.312500 0.687500
vt 0.343750 0.625000
vt 0.312500 0.625000
vt 0.250000 0.687500
vt 0.250000 0.625000
vt 0.250000 0.718750
vt 0.281250 0.718750
vt 0.843750 0.656250
vt 0.812500 0.687500
vt 0.843750 0.625000
vt 0.812500 0.625000
vt 0.750000 0.687500
vt 0.750000 0.625000
vt 0.750000 0.718750
vt 0.781250 0.718750
vt 0.687500 0.687500
vt 0.687500 0.625000
vt 0.687500 0.562500
vt 0.843750 0.531250
vt 0.812500 0.562500
vt 0.750000 0.562500
vt 0.187500 0.687500
vt 0.187500 0.625000
vt 0.187500 0.562500
vt 0.187500 0.531250
vt 0.156250 0.562500
vt 0.250000 0.562500
vt 0.312500 0.562500
vt 0.437500 0.937500
vt 0.437500 0.875000
vt 0.406250 0.968750
vt 0.437500 0.812500
vt 0.593750 0.781250
vt 0.562500 0.812500
vt 0.500000 0.812500
vt 0.437500 0.687500
vt 0.437500 0.625000
vt 0.406250 0.718750
vt 0.437500 0.562500
vt 0.593750 0.531250
vt 0.562500 0.562500
vt 0.500000 0.562500
vt 0.437500 0.437500
vt 0.437500 0.375000
vt 0.406250 0.468750
vt 0.437500 0.312500
vt 0.593750 0.281250
vt 0.562500 0.312500
vt 0.500000 0.312500
vt 0.437500 0.187500
vt 0.437500 0.125000
vt 0.406250 0.218750
vt 0.437500 0.062500
vt 0.593750 0.031250
vt 0.562500 0.062500
vt 0.500000 0.062500
vt 0.593750 0.093750
vt 0.593750 0.062500
vt 0.437500 0.218750
vt 0.468750 0.218750
vt 0.593750 0.343750
vt 0.593750 0.312500
vt 0.437500 0.468750
vt 0.468750 0.468750
vt 0.593750 0.593750
vt 0.593750 0.562500
vt 0.437500 0.718750
vt 0.468750 0.718750
vt 0.593750 0.843750
vt 0.593750 0.812500
vt 0.437500 0.968750
vt 0.468750 0.968750
vt 0.343750 0.593750
vt 0.343750 0.562500
vt 0.187500 0.718750
vt 0.218750 0.718750
vt 0.843750 0.593750
vt 0.843750 0.562500
vt 0.687500 0.718750
vt 0.718750 0.718750
vt 0.593750 0.937500
vt 0.562500 0.968750
vt 0.593750 0.687500
vt 0.562500 0.718750
vt 0.593750 0.437500
vt 0.562500 0.468750
vt 0.593750 0.187500
vt 0.562500 0.218750
vt 0.624814 0.249049
vt 0.622432 0.251582
vt 0.622559 0.247482
vt 0.625959 0.500111
vt 0.622386 0.501890
vt 0.622566 0.497766
vt 0.375000 0.031250
vt 0.376000 0.028803
vt 0.375000 0.281250
vt 0.375000 0.281250
vt 0.376000 0.278750
vt 0.372500 0.533750
vt 0.372500 0.531250
vt 0.376667 0.528750
vt 0.627478 0.715254
vt 0.627500 0.718750
vt 0.623336 0.721040
vt 0.341875 0.747510
vt 0.343750 0.747251
vt 0.343750 0.750000
vt 0.625000 0.967074
vt 0.625000 0.968750
vt 0.623586 0.970799
vt 0.376000 0.221250
vt 0.375000 0.218750
vt 0.625000 0.034746
vt 0.623261 0.029314
vt 0.625000 0.031250
vt 0.343750 0.500000
vt 0.343750 0.502500
vt 0.341875 0.502500
vt 0.372500 0.715178
vt 0.376250 0.721141
vt 0.372500 0.718750
vt 0.375831 0.971222
vt 0.375000 0.968750
vt 0.623303 0.779290
vt 0.625000 0.781250
vt 0.625000 0.782926
vt 0.656250 0.721468
vt 0.653750 0.718750
vt 0.658750 0.715198
vt 0.156250 0.721499
vt 0.153750 0.718750
vt 0.158750 0.715119
vt 0.156250 0.528750
vt 0.158750 0.533750
vt 0.153750 0.531250
vt 0.343750 0.528750
vt 0.346250 0.531250
vt 0.341250 0.533750
vt 0.843750 0.721468
vt 0.841250 0.715179
vt 0.846250 0.718750
vt 0.343750 0.721498
vt 0.341250 0.715099
vt 0.346250 0.718750
vt 0.625000 0.721250
vt 0.627500 0.721250
vt 0.625000 0.748099
vt 0.626250 0.750000
vt 0.625000 0.752500
vt 0.625000 0.971250
vt 0.625000 0.971250
vt 0.625000 0.000000
vt 0.625000 0.002500
vt 0.625000 0.002534
vt 0.625000 0.028750
vt 0.625000 0.028750
vt 0.656250 0.750000
vt 0.654583 0.747500
vt 0.656250 0.747500
vt 0.656250 0.721250
vt 0.653750 0.721250
vt 0.653750 0.718750
vt 0.843750 0.721250
vt 0.846250 0.718750
vt 0.846250 0.721250
vt 0.125000 0.721244
vt 0.127500 0.718750
vt 0.127500 0.721250
vt 0.125000 0.747455
vt 0.127500 0.747500
vt 0.127500 0.749996
vt 0.153750 0.500000
vt 0.156250 0.502500
vt 0.153750 0.502500
vt 0.127503 0.500000
vt 0.127500 0.502500
vt 0.125000 0.502504
vt 0.375000 0.528750
vt 0.372500 0.528750
vt 0.375000 0.502505
vt 0.372500 0.502500
vt 0.373749 0.498749
vt 0.345417 0.749997
vt 0.343750 0.747497
vt 0.346250 0.747500
vt 0.373750 0.751248
vt 0.372500 0.747500
vt 0.375000 0.747461
vt 0.125000 0.528750
vt 0.127500 0.528750
vt 0.127500 0.531250
vt 0.345417 0.500000
vt 0.346250 0.502500
vt 0.343750 0.502500
vt 0.375000 0.721251
vt 0.372500 0.721250
vt 0.372500 0.718750
vt 0.153750 0.749996
vt 0.153750 0.747500
vt 0.156250 0.747497
vt 0.156250 0.721251
vt 0.153750 0.721250
vt 0.153750 0.718750
vt 0.156250 0.528750
vt 0.153750 0.531250
vt 0.153750 0.528750
vt 0.343750 0.528750
vt 0.346250 0.528750
vt 0.346250 0.531250
vt 0.343750 0.721251
vt 0.346250 0.718750
vt 0.346250 0.721250
vt 0.593750 0.002533
vt 0.593750 0.000000
vt 0.625000 0.218505
vt 0.622558 0.218750
vt 0.406250 0.252503
vt 0.375000 0.247496
vt 0.406250 0.247496
vt 0.625000 0.468750
vt 0.622560 0.468750
vt 0.375000 0.502505
vt 0.406250 0.497499
vt 0.406250 0.502506
vt 0.375000 0.752500
vt 0.406250 0.747464
vt 0.406250 0.752500
vt 0.127500 0.625000
vt 0.125000 0.593750
vt 0.127500 0.593750
vt 0.468750 0.000000
vt 0.500000 0.002525
vt 0.468750 0.002526
vt 0.625000 0.124621
vt 0.622511 0.093750
vt 0.625000 0.093750
vt 0.500000 0.252499
vt 0.531250 0.247669
vt 0.531250 0.252508
vt 0.250000 0.502500
vt 0.281250 0.500000
vt 0.281250 0.502500
vt 0.625000 0.375000
vt 0.622560 0.343750
vt 0.625000 0.343750
vt 0.500000 0.502331
vt 0.531250 0.497504
vt 0.531250 0.502513
vt 0.372500 0.625000
vt 0.377500 0.656250
vt 0.372500 0.656250
vt 0.627203 0.625000
vt 0.622524 0.593750
vt 0.627198 0.593750
vt 0.531250 0.752500
vt 0.500000 0.747475
vt 0.531250 0.747474
vt 0.250000 0.747450
vt 0.218750 0.750000
vt 0.218750 0.747448
vt 0.625000 0.875000
vt 0.622500 0.843750
vt 0.625000 0.843750
vt 0.127500 0.687500
vt 0.125000 0.656250
vt 0.127500 0.656250
vt 0.562500 0.000000
vt 0.531250 0.002526
vt 0.531250 0.000000
vt 0.625000 0.156004
vt 0.622558 0.187500
vt 0.622556 0.156250
vt 0.468750 0.252505
vt 0.437500 0.247495
vt 0.468750 0.247493
vt 0.187500 0.502500
vt 0.218750 0.500000
vt 0.218750 0.502500
vt 0.625000 0.437500
vt 0.622560 0.406250
vt 0.625000 0.406250
vt 0.437500 0.502507
vt 0.468750 0.497498
vt 0.468750 0.502508
vt 0.372500 0.562500
vt 0.377500 0.593750
vt 0.372500 0.593750
vt 0.627474 0.656250
vt 0.622504 0.687500
vt 0.622504 0.656250
vt 0.437500 0.752500
vt 0.468750 0.747474
vt 0.468750 0.752500
vt 0.281250 0.747448
vt 0.312500 0.750000
vt 0.281250 0.750000
vt 0.625000 0.906250
vt 0.622500 0.937500
vt 0.622500 0.906250
vt 0.127500 0.533750
vt 0.125000 0.562500
vt 0.125000 0.531250
vt 0.406250 0.000000
vt 0.437500 0.002530
vt 0.406250 0.002536
vt 0.622510 0.062500
vt 0.593750 0.252513
vt 0.562500 0.247487
vt 0.593750 0.247484
vt 0.312500 0.500000
vt 0.625000 0.312500
vt 0.622560 0.281250
vt 0.625000 0.281250
vt 0.562500 0.502335
vt 0.593750 0.497494
vt 0.593750 0.502519
vt 0.377500 0.687500
vt 0.627194 0.562500
vt 0.622525 0.531250
vt 0.627192 0.531250
vt 0.593750 0.752500
vt 0.562500 0.747472
vt 0.593750 0.747467
vt 0.158750 0.747261
vt 0.187500 0.750000
vt 0.156250 0.750000
vt 0.622500 0.812500
vt 0.127500 0.715178
vt 0.125000 0.687500
vt 0.562500 0.002528
vt 0.625000 0.187255
vt 0.437500 0.252504
vt 0.158750 0.502500
vt 0.187500 0.500000
vt 0.622560 0.437500
vt 0.437500 0.497498
vt 0.377500 0.562500
vt 0.627477 0.687500
vt 0.437500 0.747470
vt 0.312500 0.747441
vt 0.625000 0.937911
vt 0.127500 0.562500
vt 0.437500 0.000000
vt 0.625000 0.062500
vt 0.562500 0.252503
vt 0.312500 0.502500
vt 0.622560 0.312500
vt 0.562500 0.497496
vt 0.372500 0.687500
vt 0.622524 0.562500
vt 0.562500 0.752500
vt 0.187500 0.747441
vt 0.625000 0.812089
vt 0.125000 0.625000
vt 0.500000 0.000000
vt 0.622554 0.125000
vt 0.500000 0.247492
vt 0.250000 0.500000
vt 0.622560 0.375000
vt 0.500000 0.497497
vt 0.377500 0.625000
vt 0.622523 0.625000
vt 0.500000 0.752500
vt 0.250000 0.750000
vt 0.622500 0.875000
vt 0.375000 0.000000
vt 0.375000 0.002791
vt 0.625000 0.752500
vt 0.625000 0.747243
vt 0.658750 0.747289
vt 0.156250 0.502500
vt 0.841250 0.747289
vt 0.872531 0.715254
vt 0.872500 0.718750
vt 0.625000 0.997500
vt 0.625000 0.778750
vt 0.843750 0.747500
vt 0.872500 0.721250
vt 0.625000 0.002757
vt 0.656250 0.747282
vt 0.375000 0.002537
vt 0.375000 0.971250
vt 0.375000 0.968750
vt 0.375000 0.278750
vt 0.375000 0.252503
vt 0.375000 0.247496
vt 0.375000 0.497499
vt 0.375000 0.028749
vt 0.375000 0.221250
vt 0.406250 0.997500
vt 0.375000 0.997500
vt 0.593750 0.997500
vt 0.593750 0.968750
vt 0.625000 0.997500
vt 0.375000 0.252503
vt 0.843750 0.502044
vt 0.872948 0.531250
vt 0.593750 0.218750
vt 0.375000 0.747209
vt 0.376384 0.778791
vt 0.375000 0.778750
vt 0.593750 0.718750
vt 0.376667 0.471250
vt 0.375000 0.471250
vt 0.656250 0.502044
vt 0.593750 0.468750
vt 0.377500 0.156250
vt 0.377500 0.125000
vt 0.377500 0.093750
vt 0.468750 0.997500
vt 0.500000 0.997500
vt 0.872536 0.656250
vt 0.872932 0.625000
vt 0.377500 0.406250
vt 0.377500 0.375000
vt 0.377500 0.343750
vt 0.781250 0.502044
vt 0.750000 0.502044
vt 0.718750 0.502044
vt 0.377500 0.906250
vt 0.377500 0.875000
vt 0.377500 0.843750
vt 0.718750 0.747454
vt 0.781250 0.747454
vt 0.750000 0.747455
vt 0.377500 0.062500
vt 0.531250 0.997500
vt 0.562500 0.997500
vt 0.872940 0.593750
vt 0.872945 0.562500
vt 0.377500 0.312500
vt 0.687500 0.502044
vt 0.377500 0.812500
vt 0.312500 0.718750
vt 0.812500 0.747448
vt 0.812500 0.718750
vt 0.377500 0.187500
vt 0.437500 0.997500
vt 0.843750 0.687500
vt 0.872532 0.687500
vt 0.377500 0.437500
vt 0.812500 0.502044
vt 0.343750 0.687500
vt 0.377500 0.937500
vt 0.687500 0.747448
vt 0.127500 0.718750
vt 0.843750 0.747282
vt 0.127500 0.531250
vt 0.156250 0.747251
vt 0.846250 0.747500
vt 0.125000 0.718750
vt 0.156250 0.500000
vt 0.872949 0.502411
vt 0.872500 0.747500
s 0
f 2208/2033/719 2233/2034/719 2435/2035/719
f 2212/2036/720 2237/2037/720 2432/2038/720
f 2216/2039/721 2241/2040/721 2429/2041/721
f 2220/2042/722 2245/2043/722 2426/2044/722
f 2224/2045/723 2249/2046/723 2423/2047/723
f 2228/2048/724 2253/2049/724 2420/2050/724
f 2255/2051/724 2230/2052/724 2418/2053/724
f 2256/2054/724 2257/2055/724 2417/2056/724
f 2259/2057/724 2229/2058/724 2415/2059/724
f 2260/2060/724 2261/2061/724 2414/2062/724
f 2252/2063/724 2262/2064/724 2413/2065/724
f 2264/2066/724 2265/2067/724 2411/2068/724
f 2251/2069/724 2266/2070/724 2410/2071/724
f 2267/2072/725 2226/2073/725 2409/2074/725
f 2268/2075/725 2269/2076/725 2408/2077/725
f 2271/2078/725 2225/2079/725 2406/2080/725
f 2272/2081/725 2273/2082/725 2405/2083/725
f 2248/2084/723 2274/2085/723 2404/2086/723
f 2276/2087/725 2277/2088/725 2402/2089/725
f 2247/2090/723 2278/2091/723 2401/2092/723
f 2279/2093/722 2222/2094/722 2400/2095/722
f 2280/2096/722 2281/2097/722 2399/2098/722
f 2283/2099/722 2221/2100/722 2397/2101/722
f 2284/2102/722 2285/2103/722 2396/2104/722
f 2244/2105/722 2286/2106/722 2395/2107/722
f 2288/2108/722 2289/2109/722 2393/2110/722
f 2243/2111/722 2290/2112/722 2392/2113/722
f 2291/2114/721 2218/2115/721 2391/2116/721
f 2292/2117/721 2293/2118/721 2390/2119/721
f 2295/2120/721 2217/2121/721 2388/2122/721
f 2296/2123/721 2297/2124/721 2387/2125/721
f 2240/2126/721 2298/2127/721 2386/2128/721
f 2300/2129/721 2301/2130/721 2384/2131/721
f 2239/2132/721 2302/2133/721 2383/2134/721
f 2303/2135/720 2214/2136/720 2382/2137/720
f 2304/2138/720 2305/2139/720 2381/2140/720
f 2307/2141/720 2213/2142/720 2380/2143/720
f 2236/2144/720 2310/2145/720 2379/2146/720
f 2312/2147/720 2313/2148/720 2378/2149/720
f 2235/2150/720 2314/2151/720 2377/2152/720
f 2315/2153/719 2210/2154/719 2376/2155/719
f 2316/2156/719 2317/2157/719 2375/2158/719
f 2319/2159/719 2209/2160/719 2373/2161/719
f 2320/2162/719 2321/2163/719 2372/2164/719
f 2232/2165/719 2322/2166/719 2371/2167/719
f 2324/2168/719 2325/2169/719 2370/2170/719
f 2231/2171/719 2326/2172/719 2369/2173/719
f 2328/2174/719 2329/2175/719 2367/2176/719
f 2332/2177/720 2333/2178/720 2364/2179/720
f 2336/2180/721 2337/2181/721 2361/2182/721
f 2340/2183/722 2341/2184/722 2358/2185/722
f 2344/2186/725 2345/2187/725 2355/2188/725
f 2348/2189/724 2349/2190/724 2352/2191/724
f 2351/2192/724 2206/2193/724 2348/2189/724
f 2254/2194/724 2348/2189/724 2182/2195/724
f 2352/2191/724 2179/2196/724 2251/2069/724
f 2230/2052/724 2251/2069/724 2158/2197/724
f 2182/2195/724 2352/2191/724 2230/2052/724
f 2349/2190/724 2227/2198/724 2179/2196/724
f 2206/2193/724 2353/2199/724 2349/2190/724
f 2354/2200/726 2205/2201/726 2344/2186/726
f 2250/2202/726 2344/2186/726 2178/2203/726
f 2355/2188/725 2175/2204/725 2247/2090/725
f 2226/2073/725 2247/2090/725 2157/2205/725
f 2178/2203/725 2355/2188/725 2226/2073/725
f 2345/2187/725 2223/2206/725 2175/2204/725
f 2205/2201/725 2356/2207/725 2345/2187/725
f 2357/2208/722 2204/2209/722 2340/2183/722
f 2246/2210/722 2340/2183/722 2174/2211/722
f 2358/2185/722 2171/2212/722 2243/2111/722
f 2222/2094/722 2243/2111/722 2156/2213/722
f 2174/2211/722 2358/2185/722 2222/2094/722
f 2341/2184/722 2219/2214/722 2171/2212/722
f 2204/2209/722 2359/2215/722 2341/2184/722
f 2360/2216/721 2203/2217/721 2336/2180/721
f 2242/2218/721 2336/2180/721 2170/2219/721
f 2361/2182/721 2167/2220/721 2239/2132/721
f 2218/2115/721 2239/2132/721 2155/2221/721
f 2170/2219/721 2361/2182/721 2218/2115/721
f 2337/2181/721 2215/2222/721 2167/2220/721
f 2203/2217/721 2362/2223/721 2337/2181/721
f 2363/2224/720 2202/2225/720 2332/2177/720
f 2238/2226/720 2332/2177/720 2166/2227/720
f 2364/2179/720 2163/2228/720 2235/2150/720
f 2214/2136/720 2235/2150/720 2154/2229/720
f 2166/2227/720 2364/2179/720 2214/2136/720
f 2333/2178/720 2211/2230/720 2163/2228/720
f 2202/2225/720 2365/2231/720 2333/2178/720
f 2366/2232/719 2201/2233/719 2328/2174/719
f 2234/2234/719 2328/2174/719 2162/2235/719
f 2367/2176/719 2159/2236/719 2231/2171/719
f 2210/2154/719 2231/2171/719 2153/2237/719
f 2162/2235/719 2367/2176/719 2210/2154/719
f 2329/2175/719 2207/2238/719 2159/2236/719
f 2201/2233/719 2368/2239/719 2329/2175/719
f 2369/2173/719 2200/2240/719 2324/2168/719
f 2233/2034/719 2324/2168/719 2161/2241/719
f 2153/2237/719 2369/2173/719 2233/2034/719
f 2161/2241/719 2370/2170/719 2209/2160/719
f 2371/2167/719 2199/2242/719 2320/2162/719
f 2199/2242/719 2373/2161/719 2321/2163/719
f 2374/2243/719 2198/2244/719 2316/2156/719
f 2375/2158/719 2160/2245/719 2232/2165/719
f 2376/2155/719 2153/2237/719 2208/2033/719
f 2317/2157/719 2208/2033/719 2160/2245/719
f 2198/2244/719 2376/2155/719 2317/2157/719
f 2377/2152/720 2197/2246/720 2312/2147/720
f 2237/2037/720 2312/2147/720 2165/2247/720
f 2154/2229/720 2377/2152/720 2237/2037/720
f 2165/2247/720 2378/2149/720 2213/2142/720
f 2379/2146/720 2196/2248/720 2308/2249/720
f 2196/2248/720 2380/2143/720 2309/2250/720
f 2381/2140/720 2164/2251/720 2236/2144/720
f 2382/2137/720 2154/2229/720 2212/2036/720
f 2305/2139/720 2212/2036/720 2164/2251/720
f 2195/2252/720 2382/2137/720 2305/2139/720
f 2383/2134/721 2194/2253/721 2300/2129/721
f 2241/2040/721 2300/2129/721 2169/2254/721
f 2155/2221/721 2383/2134/721 2241/2040/721
f 2169/2254/721 2384/2131/721 2217/2121/721
f 2194/2253/721 2385/2255/721 2301/2130/721
f 2386/2128/721 2193/2256/721 2296/2123/721
f 2193/2256/721 2388/2122/721 2297/2124/721
f 2389/2257/721 2192/2258/721 2292/2117/721
f 2390/2119/721 2168/2259/721 2240/2126/721
f 2391/2116/721 2155/2221/721 2216/2039/721
f 2293/2118/721 2216/2039/721 2168/2259/721
f 2192/2258/721 2391/2116/721 2293/2118/721
f 2392/2113/722 2191/2260/722 2288/2108/722
f 2245/2043/722 2288/2108/722 2173/2261/722
f 2156/2213/722 2392/2113/722 2245/2043/722
f 2173/2261/722 2393/2110/722 2221/2100/722
f 2191/2260/722 2394/2262/722 2289/2109/722
f 2395/2107/722 2190/2263/722 2284/2102/722
f 2190/2263/722 2397/2101/722 2285/2103/722
f 2398/2264/722 2189/2265/722 2280/2096/722
f 2399/2098/722 2172/2266/722 2244/2105/722
f 2400/2095/722 2156/2213/722 2220/2042/722
f 2281/2097/722 2220/2042/722 2172/2266/722
f 2189/2265/722 2400/2095/722 2281/2097/722
f 2401/2092/725 2188/2267/725 2276/2087/725
f 2249/2046/725 2276/2087/725 2177/2268/725
f 2157/2205/723 2401/2092/723 2249/2046/723
f 2177/2268/725 2402/2089/725 2225/2079/725
f 2188/2267/725 2403/2269/725 2277/2088/725
f 2404/2086/725 2187/2270/725 2272/2081/725
f 2187/2270/725 2406/2080/725 2273/2082/725
f 2407/2271/726 2186/2272/726 2268/2075/726
f 2408/2077/725 2176/2273/725 2248/2084/725
f 2409/2074/725 2157/2205/725 2224/2045/725
f 2269/2076/725 2224/2045/725 2176/2273/725
f 2186/2272/725 2409/2074/725 2269/2076/725
f 2410/2071/724 2185/2274/724 2264/2066/724
f 2253/2049/724 2264/2066/724 2181/2275/724
f 2158/2197/724 2410/2071/724 2253/2049/724
f 2181/2275/724 2411/2068/724 2229/2058/724
f 2185/2274/724 2412/2276/724 2265/2067/724
f 2413/2065/724 2184/2277/724 2260/2060/724
f 2184/2277/724 2415/2059/724 2261/2061/724
f 2416/2278/724 2183/2279/724 2256/2054/724
f 2417/2056/724 2180/2280/724 2252/2063/724
f 2418/2053/724 2158/2197/724 2228/2048/724
f 2257/2055/724 2228/2048/724 2180/2280/724
f 2183/2279/724 2418/2053/724 2257/2055/724
f 2419/2281/724 2182/2195/724 2255/2051/724
f 2258/2282/724 2255/2051/724 2183/2279/724
f 2420/2050/724 2181/2275/724 2259/2057/724
f 2262/2064/724 2259/2057/724 2184/2277/724
f 2180/2280/724 2420/2050/724 2262/2064/724
f 2266/2070/724 2263/2283/724 2185/2274/724
f 2179/2196/724 2421/2284/724 2266/2070/724
f 2422/2285/726 2178/2203/726 2267/2072/726
f 2270/2286/726 2267/2072/726 2186/2272/726
f 2423/2047/725 2177/2268/725 2271/2078/725
f 2274/2085/725 2271/2078/725 2187/2270/725
f 2176/2273/723 2423/2047/723 2274/2085/723
f 2278/2091/725 2275/2287/725 2188/2267/725
f 2175/2204/723 2424/2288/723 2278/2091/723
f 2425/2289/722 2174/2211/722 2279/2093/722
f 2282/2290/722 2279/2093/722 2189/2265/722
f 2426/2044/722 2173/2261/722 2283/2099/722
f 2286/2106/722 2283/2099/722 2190/2263/722
f 2172/2266/722 2426/2044/722 2286/2106/722
f 2290/2112/722 2287/2291/722 2191/2260/722
f 2171/2212/722 2427/2292/722 2290/2112/722
f 2428/2293/721 2170/2219/721 2291/2114/721
f 2294/2294/721 2291/2114/721 2192/2258/721
f 2429/2041/721 2169/2254/721 2295/2120/721
f 2298/2127/721 2295/2120/721 2193/2256/721
f 2168/2259/721 2429/2041/721 2298/2127/721
f 2302/2133/721 2299/2295/721 2194/2253/721
f 2167/2220/721 2430/2296/721 2302/2133/721
f 2431/2297/720 2166/2227/720 2303/2135/720
f 2306/2298/720 2303/2135/720 2195/2252/720
f 2432/2038/720 2165/2247/720 2307/2141/720
f 2310/2145/720 2307/2141/720 2196/2248/720
f 2164/2251/720 2432/2038/720 2310/2145/720
f 2314/2151/720 2311/2299/720 2197/2246/720
f 2163/2228/720 2433/2300/720 2314/2151/720
f 2434/2301/719 2162/2235/719 2315/2153/719
f 2318/2302/719 2315/2153/719 2198/2244/719
f 2435/2035/719 2161/2241/719 2319/2159/719
f 2322/2166/719 2319/2159/719 2199/2242/719
f 2160/2245/719 2435/2035/719 2322/2166/719
f 2326/2172/719 2323/2303/719 2200/2240/719
f 2159/2236/719 2436/2304/719 2326/2172/719
f 2338/2305/721 2335/2306/721 2203/2217/721
f 2342/2307/722 2339/2308/722 2204/2209/722
f 2346/2309/726 2343/2310/726 2205/2201/726
f 2350/2311/724 2347/2312/724 2206/2193/724
f 2447/2313/727 2448/2314/727 2449/2315/727
f 2456/2316/728 2457/2317/728 2458/2318/728
f 2531/2319/729 2532/2319/729 2533/2320/729
f 2540/2321/730 2541/2322/730 2542/2323/730
f 2547/2324/731 2548/2325/731 2549/2326/731
f 2550/2327/732 2551/2328/732 2552/2329/732
f 2555/2330/733 2556/2331/733 2557/2332/733
f 2558/2333/734 2559/2334/734 2560/2335/734
f 2609/2336/735 2610/2337/735 2611/2337/735
f 2614/2338/736 2615/2339/736 2616/2340/736
f 2619/2341/737 2620/2342/737 2621/2343/737
f 2626/2344/738 2627/2345/738 2628/2346/738
f 2633/2347/739 2634/2348/739 2635/2348/739
f 2636/2349/740 2637/2350/740 2638/2351/740
f 2639/2352/741 2640/2353/741 2641/2354/741
f 2642/2355/742 2643/2356/742 2644/2357/742
f 2645/2358/743 2646/2359/743 2647/2360/743
f 2648/2361/744 2649/2362/744 2650/2363/744
f 2651/2364/745 2652/2365/745 2653/2366/745
f 2654/2367/746 2655/2368/746 2656/2369/746
f 2657/2370/747 2658/2328/747 2659/2371/747
f 2660/2372/748 2661/2373/748 2662/2374/748
f 2663/2375/749 2664/2334/749 2665/2376/749
f 2666/2377/750 2667/2378/750 2668/2379/750
f 2669/2380/751 2670/2381/751 2671/2340/751
f 2672/2382/752 2673/2383/752 2674/2384/752
f 2675/2385/751 2676/2386/751 2677/2387/751
f 2678/2388/747 2679/2389/747 2680/2390/747
f 2681/2391/753 2682/2392/753 2683/2393/753
f 2684/2394/754 2685/2395/754 2686/2396/754
f 2687/2397/755 2688/2398/755 2689/2399/755
f 2690/2400/756 2691/2401/756 2692/2402/756
f 2693/2403/757 2694/2325/757 2695/2404/757
f 2696/2405/758 2697/2406/758 2698/2407/758
f 2699/2408/759 2700/2409/759 2701/2410/759
f 2702/2411/760 2703/2412/760 2704/2413/760
f 2705/2414/761 2706/2415/761 2707/2416/761
f 2708/2417/762 2709/2418/762 2710/2419/762
f 2711/2420/763 2712/2421/763 2713/2422/763
f 2714/2423/764 2715/2424/764 2716/2425/764
f 2717/2426/763 2718/2427/763 2719/2428/763
f 2720/2429/757 2721/2430/757 2722/2431/757
f 2723/2432/761 2724/2433/761 2725/2434/761
f 2726/2435/753 2727/2436/753 2728/2437/753
f 2443/2377/765 2534/2438/765 2535/2439/765
f 2537/2440/766 2449/2315/766 2536/2441/766
f 2539/2442/767 2446/2443/767 2538/2444/767
f 2544/2445/768 2458/2318/768 2543/2446/768
f 2454/2447/769 2545/2448/769 2546/2449/769
f 2450/2450/770 2553/2451/770 2554/2452/770
f 2459/2453/771 2561/2454/771 2562/2455/771
f 2564/2456/772 2462/2457/772 2563/2458/772
f 2463/2459/773 2565/2460/773 2566/2461/773
f 2465/2462/774 2567/2463/774 2568/2464/774
f 2467/2465/775 2569/2466/775 2570/2467/775
f 2469/2468/776 2571/2469/776 2572/2470/776
f 2471/2471/777 2573/2472/777 2574/2473/777
f 2473/2474/778 2575/2475/778 2576/2476/778
f 2475/2477/779 2577/2478/779 2578/2479/779
f 2580/2480/780 2478/2481/780 2579/2482/780
f 2479/2483/781 2581/2484/781 2582/2485/781
f 2481/2486/782 2583/2487/782 2584/2488/782
f 2483/2489/771 2585/2490/771 2586/2491/771
f 2485/2492/783 2587/2493/783 2588/2494/783
f 2590/2495/784 2488/2496/784 2589/2497/784
f 2592/2498/785 2490/2499/785 2591/2500/785
f 2491/2501/775 2593/2502/775 2594/2503/775
f 2493/2504/776 2595/2505/776 2596/2506/776
f 2495/2507/786 2597/2508/786 2598/2509/786
f 2497/2510/778 2599/2511/778 2600/2512/778
f 2602/2513/787 2500/2514/787 2601/2515/787
f 2501/2516/788 2603/2517/788 2604/2518/788
f 2606/2519/781 2504/2520/781 2605/2521/781
f 2608/2522/782 2506/2523/782 2607/2524/782
f 2611/2525/771 2508/2526/771 2609/2527/771
f 2613/2528/789 2510/2529/789 2612/2530/789
f 2614/2338/790 2512/2531/790 2615/2339/790
f 2618/2532/791 2514/2533/791 2617/2534/791
f 2621/2343/775 2516/2535/775 2619/2341/775
f 2517/2536/776 2622/2537/776 2623/2538/776
f 2519/2539/792 2624/2540/792 2625/2541/792
f 2626/2344/778 2522/2542/778 2627/2345/778
f 2523/2543/793 2629/2544/793 2630/2545/793
f 2632/2546/794 2526/2547/794 2631/2548/794
f 2635/2549/795 2528/2550/795 2633/2551/795
f 2638/2351/796 2530/2552/796 2636/2349/796
f 2531/2553/771 2484/2554/771 2483/2489/771
f 2535/2439/797 2486/2555/797 2485/2492/797
f 2487/2556/798 2536/2441/798 2488/2496/798
f 2489/2557/799 2538/2444/799 2490/2499/799
f 2540/2558/775 2492/2559/775 2491/2501/775
f 2544/2445/776 2494/2560/776 2493/2504/776
f 2546/2449/800 2496/2561/800 2495/2507/800
f 2547/2324/778 2498/2562/778 2497/2510/778
f 2550/2327/787 2500/2514/787 2499/2563/787
f 2554/2452/801 2502/2564/801 2501/2516/801
f 2555/2330/802 2504/2520/802 2503/2565/802
f 2558/2333/803 2506/2523/803 2505/2566/803
f 2562/2455/771 2508/2526/771 2507/2567/771
f 2509/2568/804 2563/2458/804 2510/2529/804
f 2566/2461/790 2512/2531/790 2511/2569/790
f 2513/2570/805 2567/2463/805 2514/2533/805
f 2570/2467/775 2516/2535/775 2515/2571/775
f 2572/2470/776 2518/2572/776 2517/2536/776
f 2519/2539/806 2573/2472/806 2520/2573/806
f 2576/2476/778 2522/2542/778 2521/2574/778
f 2578/2479/807 2524/2575/807 2523/2543/807
f 2525/2576/808 2579/2482/808 2526/2547/808
f 2582/2485/809 2528/2550/809 2527/2577/809
f 2584/2488/810 2530/2552/810 2529/2578/810
f 2586/2491/771 2460/2579/771 2459/2453/771
f 2588/2494/811 2462/2457/811 2461/2580/811
f 2463/2459/812 2589/2497/812 2464/2581/812
f 2592/2498/813 2466/2582/813 2465/2462/813
f 2594/2503/775 2468/2583/775 2467/2465/775
f 2596/2506/776 2470/2584/776 2469/2468/776
f 2471/2471/814 2597/2508/814 2472/2585/814
f 2600/2512/778 2474/2586/778 2473/2474/778
f 2475/2477/815 2601/2515/815 2476/2587/815
f 2604/2518/816 2478/2481/816 2477/2588/816
f 2479/2483/781 2605/2521/781 2480/2589/781
f 2481/2486/782 2607/2524/782 2482/2590/782
f 2442/2591/817 2612/2530/817 2441/2592/817
f 2618/2532/818 2449/2315/818 2448/2314/818
f 2623/2538/819 2448/2314/819 2447/2313/819
f 2457/2317/820 2624/2540/820 2458/2318/820
f 2630/2545/793 2457/2317/793 2456/2316/793
f 2453/2593/821 2631/2548/821 2452/2594/821
f 2638/2595/822 2639/2352/822 2641/2354/822
f 2640/2353/823 2550/2327/823 2641/2354/823
f 2635/2549/778 2642/2355/778 2644/2357/778
f 2643/2356/824 2531/2553/824 2644/2357/824
f 2540/2558/778 2645/2358/778 2541/2596/778
f 2611/2525/825 2647/2360/825 2646/2359/825
f 2648/2361/771 2621/2343/771 2620/2342/771
f 2547/2324/825 2649/2362/825 2548/2325/825
f 2651/2364/826 2558/2597/826 2652/2365/826
f 2653/2366/823 2614/2598/823 2616/2599/823
f 2654/2367/771 2555/2330/771 2655/2368/771
f 2656/2369/824 2626/2344/824 2628/2346/824
f 2659/2371/826 2660/2372/826 2657/2370/826
f 2667/2600/827 2663/2375/827 2665/2376/827
f 2670/2381/822 2668/2379/822 2667/2378/822
f 2673/2601/827 2662/2374/827 2661/2373/827
f 2674/2384/822 2676/2386/822 2675/2385/822
f 2659/2371/823 2677/2387/823 2676/2386/823
f 2680/2390/826 2664/2602/826 2678/2388/826
f 2680/2390/823 2671/2599/823 2670/2603/823
f 2679/2389/828 2651/2364/828 2653/2366/828
f 2663/2375/829 2559/2334/829 2664/2334/829
f 2443/2377/830 2668/2379/830 2444/2604/830
f 2616/2340/831 2669/2380/831 2671/2340/831
f 2660/2372/832 2453/2593/832 2452/2594/832
f 2637/2605/833 2672/2382/833 2674/2384/833
f 2551/2328/828 2657/2370/828 2552/2329/828
f 2639/2352/831 2677/2387/831 2640/2353/831
f 2683/2393/771 2684/2394/771 2681/2391/771
f 2689/2399/775 2690/2400/775 2687/2397/775
f 2695/2404/778 2696/2405/778 2693/2403/778
f 2703/2412/834 2699/2408/834 2701/2410/834
f 2706/2415/771 2692/2402/771 2691/2401/771
f 2709/2418/775 2698/2407/775 2697/2406/775
f 2712/2421/778 2704/2413/778 2703/2412/778
f 2715/2424/834 2686/2396/834 2685/2395/834
f 2716/2425/778 2718/2427/778 2717/2426/778
f 2683/2393/824 2719/2428/824 2718/2427/824
f 2720/2429/778 2689/2399/778 2688/2398/778
f 2707/2416/825 2722/2431/825 2721/2430/825
f 2724/2433/771 2710/2419/771 2709/2418/771
f 2725/2434/825 2695/2404/825 2694/2325/825
f 2728/2437/771 2700/2409/771 2726/2435/771
f 2728/2437/824 2713/2422/824 2712/2421/824
f 2723/2432/835 2649/2362/835 2648/2361/835
f 2693/2403/836 2548/2325/836 2694/2325/836
f 2556/2331/837 2699/2408/837 2557/2332/837
f 2704/2413/838 2450/2450/838 2702/2411/838
f 2684/2606/839 2442/2591/839 2441/2592/839
f 2634/2348/840 2714/2607/840 2716/2608/840
f 2711/2420/841 2628/2346/841 2627/2345/841
f 2654/2367/842 2727/2436/842 2726/2435/842
f 2541/2322/843 2687/2609/843 2542/2323/843
f 2446/2443/844 2690/2610/844 2692/2611/844
f 2719/2428/841 2642/2355/841 2717/2426/841
f 2696/2405/845 2455/2612/845 2454/2447/845
f 2620/2342/846 2708/2417/846 2710/2419/846
f 2721/2430/836 2645/2358/836 2647/2360/836
f 2681/2613/842 2532/2319/842 2682/2319/842
f 2705/2614/835 2610/2337/835 2609/2336/835
f 2441/2592/724 2681/2613/724 2684/2606/724
f 2441/2592/724 2414/2062/724 2533/2320/724
f 2633/2347/847 2613/2615/847 2442/2616/847
f 2442/2616/848 2714/2607/848 2633/2347/848
f 2444/2604/724 2416/2278/724 2534/2438/724
f 2444/2604/724 2669/2380/724 2615/2339/724
f 2560/2335/849 2535/2617/849 2437/2618/849
f 2443/2600/850 2663/2375/850 2666/2619/850
f 2609/2336/724 2538/2444/724 2446/2443/724
f 2446/2443/724 2705/2614/724 2609/2336/724
f 2539/2442/725 2542/2323/725 2445/2620/725
f 2445/2620/725 2687/2609/725 2690/2610/725
f 2623/2621/719 2537/2622/719 2374/2243/719
f 2536/2441/851 2617/2534/851 2440/2623/851
f 2618/2532/852 2622/2537/852 2407/2271/852
f 2394/2262/722 2451/2624/722 2627/2345/722
f 2451/2624/722 2711/2420/722 2627/2345/722
f 2554/2452/847 2557/2625/847 2450/2450/847
f 2450/2450/853 2699/2626/853 2702/2411/853
f 2452/2594/722 2657/2370/722 2660/2372/722
f 2438/2627/722 2452/2594/722 2631/2548/722
f 2632/2546/849 2636/2349/849 2389/2257/849
f 2453/2593/854 2672/2601/854 2636/2349/854
f 2619/2628/725 2545/2448/725 2455/2612/725
f 2455/2612/725 2708/2629/725 2619/2628/725
f 2546/2449/722 2549/2326/722 2454/2447/722
f 2454/2447/722 2693/2403/722 2696/2405/722
f 2544/2630/719 2630/2545/719 2456/2316/719
f 2543/2446/852 2624/2540/852 2439/2631/852
f 2625/2541/855 2629/2544/855 2398/2264/855
f 2229/2058/724 2561/2632/724 2460/2633/724
f 2415/2059/724 2460/2633/724 2585/2634/724
f 2380/2143/720 2459/2453/720 2562/2455/720
f 2213/2142/720 2586/2491/720 2459/2453/720
f 2563/2458/724 2252/2063/724 2413/2065/724
f 2215/2222/721 2564/2635/721 2430/2296/721
f 2362/2223/721 2461/2636/721 2215/2222/721
f 2587/2493/724 2252/2063/724 2462/2457/724
f 2234/2234/719 2566/2637/719 2366/2232/719
f 2464/2581/851 2351/2192/851 2254/2194/851
f 2434/2301/719 2463/2638/719 2234/2234/719
f 2565/2460/724 2254/2194/724 2419/2281/724
f 2568/2464/856 2248/2084/856 2465/2462/856
f 2353/2199/724 2466/2582/724 2227/2198/724
f 2421/2284/724 2466/2582/724 2591/2500/724
f 2465/2462/857 2404/2086/857 2592/2498/857
f 2225/2079/725 2569/2639/725 2468/2640/725
f 2406/2080/725 2468/2640/725 2593/2641/725
f 2467/2465/720 2379/2146/720 2594/2503/720
f 2570/2467/720 2236/2144/720 2467/2465/720
f 2572/2642/719 2232/2165/719 2469/2643/719
f 2470/2584/852 2354/2200/852 2250/2202/852
f 2469/2643/719 2371/2167/719 2596/2644/719
f 2571/2469/852 2250/2202/852 2422/2285/852
f 2574/2473/722 2244/2105/722 2471/2471/722
f 2356/2207/725 2472/2585/725 2223/2206/725
f 2424/2288/723 2472/2585/723 2597/2508/723
f 2598/2509/722 2244/2105/722 2395/2107/722
f 2221/2100/722 2575/2475/722 2474/2586/722
f 2397/2101/722 2474/2586/722 2599/2511/722
f 2600/2512/720 2238/2226/720 2431/2297/720
f 2473/2474/720 2363/2224/720 2238/2226/720
f 2373/2161/719 2475/2477/719 2578/2479/719
f 2209/2160/719 2602/2513/719 2475/2477/719
f 2246/2210/722 2601/2515/722 2357/2208/722
f 2425/2289/855 2476/2587/855 2246/2210/855
f 2580/2480/721 2240/2126/721 2477/2588/721
f 2219/2214/722 2579/2482/722 2478/2481/722
f 2219/2214/722 2603/2517/722 2427/2292/722
f 2477/2588/721 2386/2128/721 2604/2518/721
f 2217/2121/721 2581/2645/721 2480/2646/721
f 2388/2122/721 2480/2646/721 2605/2647/721
f 2211/2230/720 2582/2485/720 2433/2300/720
f 2211/2230/720 2606/2519/720 2479/2483/720
f 2583/2487/721 2242/2218/721 2428/2293/721
f 2207/2238/719 2584/2648/719 2436/2304/719
f 2207/2238/719 2608/2649/719 2481/2650/719
f 2482/2590/721 2360/2216/721 2242/2218/721
f 2261/2061/724 2585/2634/724 2484/2651/724
f 2313/2148/720 2531/2553/720 2483/2489/720
f 2533/2320/724 2261/2061/724 2484/2651/724
f 2378/2149/720 2483/2489/720 2586/2491/720
f 2486/2555/724 2417/2056/724 2587/2493/724
f 2335/2306/721 2588/2652/721 2362/2223/721
f 2437/2618/721 2485/2653/721 2335/2306/721
f 2534/2438/724 2256/2054/724 2486/2555/724
f 2318/2302/719 2590/2654/719 2434/2301/719
f 2488/2496/851 2440/2623/851 2350/2311/851
f 2374/2243/719 2487/2655/719 2318/2302/719
f 2589/2497/851 2350/2311/851 2351/2192/851
f 2263/2283/724 2591/2500/724 2490/2499/724
f 2412/2276/724 2490/2499/724 2538/2444/724
f 2489/2557/725 2405/2083/725 2539/2442/725
f 2592/2498/725 2272/2081/725 2489/2557/725
f 2273/2082/725 2593/2641/725 2492/2656/725
f 2405/2083/725 2492/2656/725 2542/2323/725
f 2540/2558/720 2308/2249/720 2646/2359/720
f 2594/2503/720 2308/2249/720 2491/2501/720
f 2596/2644/719 2320/2162/719 2493/2657/719
f 2494/2560/852 2439/2631/852 2346/2309/852
f 2493/2657/719 2372/2164/719 2544/2630/719
f 2595/2505/852 2346/2309/852 2354/2200/852
f 2275/2287/725 2597/2508/725 2496/2561/725
f 2403/2269/725 2496/2561/725 2545/2448/725
f 2495/2507/722 2396/2104/722 2546/2449/722
f 2598/2509/722 2284/2102/722 2495/2507/722
f 2497/2510/720 2431/2297/720 2306/2298/720
f 2285/2103/722 2599/2511/722 2498/2562/722
f 2396/2104/722 2498/2562/722 2549/2326/722
f 2547/2324/720 2306/2298/720 2650/2363/720
f 2370/2170/719 2499/2563/719 2602/2513/719
f 2325/2169/719 2550/2327/719 2499/2563/719
f 2342/2307/722 2552/2329/722 2438/2627/722
f 2357/2208/722 2500/2514/722 2342/2307/722
f 2427/2292/722 2502/2564/722 2287/2291/722
f 2287/2291/722 2553/2451/722 2394/2262/722
f 2501/2516/721 2387/2125/721 2554/2452/721
f 2604/2518/721 2296/2123/721 2501/2516/721
f 2297/2124/721 2605/2647/721 2504/2658/721
f 2331/2659/720 2555/2330/720 2503/2565/720
f 2387/2125/858 2504/2658/858 2557/2625/858
f 2365/2231/720 2503/2565/720 2606/2519/720
f 2607/2524/721 2338/2305/721 2360/2216/721
f 2368/2239/719 2505/2660/719 2608/2649/719
f 2327/2661/719 2558/2597/719 2505/2660/719
f 2506/2523/721 2437/2618/721 2338/2305/721
f 2508/2662/724 2412/2276/724 2609/2336/724
f 2309/2250/720 2562/2455/720 2507/2567/720
f 2411/2068/724 2508/2662/724 2561/2632/724
f 2611/2525/720 2309/2250/720 2507/2567/720
f 2612/2530/724 2260/2060/724 2414/2062/724
f 2299/2295/721 2613/2615/721 2385/2255/721
f 2430/2296/721 2509/2663/721 2299/2295/721
f 2510/2529/724 2413/2065/724 2260/2060/724
f 2330/2664/719 2614/2598/719 2652/2365/719
f 2512/2531/724 2419/2281/724 2258/2282/724
f 2615/2339/724 2258/2282/724 2416/2278/724
f 2366/2232/719 2511/2665/719 2330/2664/719
f 2347/2312/724 2617/2534/724 2514/2533/724
f 2353/2199/724 2514/2533/724 2567/2463/724
f 2568/2464/725 2268/2075/725 2408/2077/725
f 2513/2570/859 2407/2271/859 2268/2075/859
f 2516/2666/725 2403/2269/725 2619/2628/725
f 2402/2089/725 2516/2666/725 2569/2639/725
f 2515/2571/720 2381/2140/720 2570/2467/720
f 2621/2343/720 2304/2138/720 2515/2571/720
f 2623/2621/719 2316/2156/719 2517/2667/719
f 2518/2572/852 2422/2285/852 2270/2286/852
f 2622/2537/852 2270/2286/852 2407/2271/852
f 2517/2667/719 2375/2158/719 2572/2642/719
f 2343/2310/726 2624/2540/726 2520/2573/726
f 2356/2207/860 2520/2573/860 2573/2472/860
f 2574/2473/722 2280/2096/722 2399/2098/722
f 2625/2541/722 2280/2096/722 2519/2539/722
f 2334/2668/720 2626/2344/720 2655/2368/720
f 2289/2109/722 2627/2345/722 2522/2542/722
f 2393/2110/722 2522/2542/722 2575/2475/722
f 2576/2476/720 2334/2668/720 2363/2224/720
f 2372/2164/719 2523/2543/719 2630/2545/719
f 2321/2163/719 2578/2479/719 2523/2543/719
f 2282/2290/855 2577/2478/855 2425/2289/855
f 2398/2264/855 2524/2575/855 2282/2290/855
f 2339/2308/722 2631/2548/722 2526/2547/722
f 2359/2215/722 2526/2547/722 2579/2482/722
f 2525/2576/721 2390/2119/721 2580/2480/721
f 2632/2546/721 2292/2117/721 2525/2576/721
f 2528/2669/861 2385/2255/861 2633/2347/861
f 2433/2300/720 2527/2577/720 2311/2299/720
f 2384/2131/721 2528/2669/721 2581/2645/721
f 2311/2299/720 2635/2549/720 2644/2357/720
f 2323/2303/719 2638/2595/719 2641/2354/719
f 2436/2304/719 2529/2670/719 2323/2303/719
f 2530/2552/721 2428/2293/721 2294/2294/721
f 2389/2257/721 2530/2552/721 2294/2294/721
f 2643/2356/862 2682/2392/862 2532/2671/862
f 2645/2358/722 2688/2398/722 2541/2596/722
f 2649/2362/721 2694/2325/721 2548/2325/721
f 2640/2353/863 2658/2328/863 2551/2328/863
f 2556/2331/724 2726/2435/724 2700/2409/724
f 2559/2672/722 2678/2388/722 2664/2602/722
f 2610/2673/721 2721/2430/721 2647/2360/721
f 2616/2599/863 2679/2389/863 2653/2366/863
f 2620/2342/724 2723/2432/724 2648/2361/724
f 2628/2346/862 2727/2436/862 2656/2369/862
f 2634/2674/722 2717/2426/722 2642/2355/722
f 2637/2605/724 2675/2385/724 2639/2352/724
f 2200/2240/719 2641/2354/719 2325/2169/719
f 2197/2246/720 2644/2357/720 2313/2148/720
f 2646/2359/720 2196/2248/720 2309/2250/720
f 2650/2363/720 2195/2252/720 2304/2138/720
f 2201/2233/719 2652/2365/719 2327/2661/719
f 2202/2225/720 2655/2368/720 2331/2659/720
f 2676/2386/719 2661/2373/719 2659/2371/719
f 2670/2603/719 2665/2675/719 2680/2390/719
f 2718/2427/720 2685/2395/720 2683/2393/720
f 2689/2399/720 2706/2415/720 2691/2401/720
f 2697/2406/720 2724/2433/720 2709/2418/720
f 2712/2421/720 2701/2410/720 2728/2437/720
f 2208/2033/719 2153/2237/719 2233/2034/719
f 2212/2036/720 2154/2229/720 2237/2037/720
f 2216/2039/721 2155/2221/721 2241/2040/721
f 2220/2042/722 2156/2213/722 2245/2043/722
f 2224/2045/864 2157/2205/864 2249/2046/864
f 2228/2048/724 2158/2197/724 2253/2049/724
f 2255/2051/724 2182/2195/724 2230/2052/724
f 2256/2054/724 2183/2279/724 2257/2055/724
f 2259/2057/724 2181/2275/724 2229/2058/724
f 2260/2060/724 2184/2277/724 2261/2061/724
f 2252/2063/724 2180/2280/724 2262/2064/724
f 2264/2066/724 2185/2274/724 2265/2067/724
f 2251/2069/724 2179/2196/724 2266/2070/724
f 2267/2072/725 2178/2203/725 2226/2073/725
f 2268/2075/725 2186/2272/725 2269/2076/725
f 2271/2078/725 2177/2268/725 2225/2079/725
f 2272/2081/725 2187/2270/725 2273/2082/725
f 2248/2084/864 2176/2273/864 2274/2085/864
f 2276/2087/725 2188/2267/725 2277/2088/725
f 2247/2090/864 2175/2204/864 2278/2091/864
f 2279/2093/722 2174/2211/722 2222/2094/722
f 2280/2096/722 2189/2265/722 2281/2097/722
f 2283/2099/722 2173/2261/722 2221/2100/722
f 2284/2102/722 2190/2263/722 2285/2103/722
f 2244/2105/722 2172/2266/722 2286/2106/722
f 2288/2108/722 2191/2260/722 2289/2109/722
f 2243/2111/722 2171/2212/722 2290/2112/722
f 2291/2114/721 2170/2219/721 2218/2115/721
f 2292/2117/721 2192/2258/721 2293/2118/721
f 2295/2120/721 2169/2254/721 2217/2121/721
f 2296/2123/721 2193/2256/721 2297/2124/721
f 2240/2126/721 2168/2259/721 2298/2127/721
f 2300/2129/721 2194/2253/721 2301/2130/721
f 2239/2132/721 2167/2220/721 2302/2133/721
f 2303/2135/720 2166/2227/720 2214/2136/720
f 2304/2138/720 2195/2252/720 2305/2139/720
f 2307/2141/720 2165/2247/720 2213/2142/720
f 2236/2144/720 2164/2251/720 2310/2145/720
f 2312/2147/720 2197/2246/720 2313/2148/720
f 2235/2150/720 2163/2228/720 2314/2151/720
f 2315/2153/719 2162/2235/719 2210/2154/719
f 2316/2156/719 2198/2244/719 2317/2157/719
f 2319/2159/719 2161/2241/719 2209/2160/719
f 2320/2162/719 2199/2242/719 2321/2163/719
f 2232/2165/719 2160/2245/719 2322/2166/719
f 2324/2168/719 2200/2240/719 2325/2169/719
f 2231/2171/719 2159/2236/719 2326/2172/719
f 2328/2174/719 2201/2233/719 2329/2175/719
f 2332/2177/720 2202/2225/720 2333/2178/720
f 2336/2180/721 2203/2217/721 2337/2181/721
f 2340/2183/722 2204/2209/722 2341/2184/722
f 2344/2186/725 2205/2201/725 2345/2187/725
f 2348/2189/724 2206/2193/724 2349/2190/724
f 2351/2192/724 2350/2311/724 2206/2193/724
f 2254/2194/724 2351/2192/724 2348/2189/724
f 2352/2191/724 2349/2190/724 2179/2196/724
f 2230/2052/724 2352/2191/724 2251/2069/724
f 2182/2195/724 2348/2189/724 2352/2191/724
f 2349/2190/724 2353/2199/724 2227/2198/724
f 2206/2193/724 2347/2312/724 2353/2199/724
f 2354/2200/865 2346/2309/865 2205/2201/865
f 2250/2202/865 2354/2200/865 2344/2186/865
f 2355/2188/725 2345/2187/725 2175/2204/725
f 2226/2073/725 2355/2188/725 2247/2090/725
f 2178/2203/725 2344/2186/725 2355/2188/725
f 2345/2187/725 2356/2207/725 2223/2206/725
f 2205/2201/725 2343/2310/725 2356/2207/725
f 2357/2208/722 2342/2307/722 2204/2209/722
f 2246/2210/722 2357/2208/722 2340/2183/722
f 2358/2185/722 2341/2184/722 2171/2212/722
f 2222/2094/722 2358/2185/722 2243/2111/722
f 2174/2211/722 2340/2183/722 2358/2185/722
f 2341/2184/722 2359/2215/722 2219/2214/722
f 2204/2209/722 2339/2308/722 2359/2215/722
f 2360/2216/721 2338/2305/721 2203/2217/721
f 2242/2218/721 2360/2216/721 2336/2180/721
f 2361/2182/721 2337/2181/721 2167/2220/721
f 2218/2115/721 2361/2182/721 2239/2132/721
f 2170/2219/721 2336/2180/721 2361/2182/721
f 2337/2181/721 2362/2223/721 2215/2222/721
f 2203/2217/721 2335/2306/721 2362/2223/721
f 2363/2224/720 2334/2668/720 2202/2225/720
f 2238/2226/720 2363/2224/720 2332/2177/720
f 2364/2179/720 2333/2178/720 2163/2228/720
f 2214/2136/720 2364/2179/720 2235/2150/720
f 2166/2227/720 2332/2177/720 2364/2179/720
f 2333/2178/720 2365/2231/720 2211/2230/720
f 2202/2225/720 2331/2659/720 2365/2231/720
f 2366/2232/719 2330/2664/719 2201/2233/719
f 2234/2234/719 2366/2232/719 2328/2174/719
f 2367/2176/719 2329/2175/719 2159/2236/719
f 2210/2154/719 2367/2176/719 2231/2171/719
f 2162/2235/719 2328/2174/719 2367/2176/719
f 2329/2175/719 2368/2239/719 2207/2238/719
f 2201/2233/719 2327/2661/719 2368/2239/719
f 2369/2173/719 2326/2172/719 2200/2240/719
f 2233/2034/719 2369/2173/719 2324/2168/719
f 2153/2237/719 2231/2171/719 2369/2173/719
f 2161/2241/719 2324/2168/719 2370/2170/719
f 2371/2167/719 2322/2166/719 2199/2242/719
f 2199/2242/719 2319/2159/719 2373/2161/719
f 2374/2243/719 2318/2302/719 2198/2244/719
f 2375/2158/719 2317/2157/719 2160/2245/719
f 2376/2155/719 2210/2154/719 2153/2237/719
f 2317/2157/719 2376/2155/719 2208/2033/719
f 2198/2244/719 2315/2153/719 2376/2155/719
f 2377/2152/720 2314/2151/720 2197/2246/720
f 2237/2037/720 2377/2152/720 2312/2147/720
f 2154/2229/720 2235/2150/720 2377/2152/720
f 2165/2247/720 2312/2147/720 2378/2149/720
f 2379/2146/720 2310/2145/720 2196/2248/720
f 2196/2248/720 2307/2141/720 2380/2143/720
f 2381/2140/720 2305/2139/720 2164/2251/720
f 2382/2137/720 2214/2136/720 2154/2229/720
f 2305/2139/720 2382/2137/720 2212/2036/720
f 2195/2252/720 2303/2135/720 2382/2137/720
f 2383/2134/721 2302/2133/721 2194/2253/721
f 2241/2040/721 2383/2134/721 2300/2129/721
f 2155/2221/721 2239/2132/721 2383/2134/721
f 2169/2254/721 2300/2129/721 2384/2131/721
f 2194/2253/721 2299/2295/721 2385/2255/721
f 2386/2128/721 2298/2127/721 2193/2256/721
f 2193/2256/721 2295/2120/721 2388/2122/721
f 2389/2257/721 2294/2294/721 2192/2258/721
f 2390/2119/721 2293/2118/721 2168/2259/721
f 2391/2116/721 2218/2115/721 2155/2221/721
f 2293/2118/721 2391/2116/721 2216/2039/721
f 2192/2258/721 2291/2114/721 2391/2116/721
f 2392/2113/722 2290/2112/722 2191/2260/722
f 2245/2043/722 2392/2113/722 2288/2108/722
f 2156/2213/722 2243/2111/722 2392/2113/722
f 2173/2261/722 2288/2108/722 2393/2110/722
f 2191/2260/722 2287/2291/722 2394/2262/722
f 2395/2107/722 2286/2106/722 2190/2263/722
f 2190/2263/722 2283/2099/722 2397/2101/722
f 2398/2264/722 2282/2290/722 2189/2265/722
f 2399/2098/722 2281/2097/722 2172/2266/722
f 2400/2095/722 2222/2094/722 2156/2213/722
f 2281/2097/722 2400/2095/722 2220/2042/722
f 2189/2265/722 2279/2093/722 2400/2095/722
f 2401/2092/725 2278/2091/725 2188/2267/725
f 2249/2046/725 2401/2092/725 2276/2087/725
f 2157/2205/864 2247/2090/864 2401/2092/864
f 2177/2268/725 2276/2087/725 2402/2089/725
f 2188/2267/725 2275/2287/725 2403/2269/725
f 2404/2086/725 2274/2085/725 2187/2270/725
f 2187/2270/725 2271/2078/725 2406/2080/725
f 2407/2271/865 2270/2286/865 2186/2272/865
f 2408/2077/725 2269/2076/725 2176/2273/725
f 2409/2074/725 2226/2073/725 2157/2205/725
f 2269/2076/725 2409/2074/725 2224/2045/725
f 2186/2272/725 2267/2072/725 2409/2074/725
f 2410/2071/724 2266/2070/724 2185/2274/724
f 2253/2049/724 2410/2071/724 2264/2066/724
f 2158/2197/724 2251/2069/724 2410/2071/724
f 2181/2275/724 2264/2066/724 2411/2068/724
f 2185/2274/724 2263/2283/724 2412/2276/724
f 2413/2065/724 2262/2064/724 2184/2277/724
f 2184/2277/724 2259/2057/724 2415/2059/724
f 2416/2278/724 2258/2282/724 2183/2279/724
f 2417/2056/724 2257/2055/724 2180/2280/724
f 2418/2053/724 2230/2052/724 2158/2197/724
f 2257/2055/724 2418/2053/724 2228/2048/724
f 2183/2279/724 2255/2051/724 2418/2053/724
f 2419/2281/724 2254/2194/724 2182/2195/724
f 2258/2282/724 2419/2281/724 2255/2051/724
f 2420/2050/724 2253/2049/724 2181/2275/724
f 2262/2064/724 2420/2050/724 2259/2057/724
f 2180/2280/724 2228/2048/724 2420/2050/724
f 2266/2070/724 2421/2284/724 2263/2283/724
f 2179/2196/724 2227/2198/724 2421/2284/724
f 2422/2285/865 2250/2202/865 2178/2203/865
f 2270/2286/865 2422/2285/865 2267/2072/865
f 2423/2047/725 2249/2046/725 2177/2268/725
f 2274/2085/725 2423/2047/725 2271/2078/725
f 2176/2273/864 2224/2045/864 2423/2047/864
f 2278/2091/725 2424/2288/725 2275/2287/725
f 2175/2204/864 2223/2206/864 2424/2288/864
f 2425/2289/722 2246/2210/722 2174/2211/722
f 2282/2290/722 2425/2289/722 2279/2093/722
f 2426/2044/722 2245/2043/722 2173/2261/722
f 2286/2106/722 2426/2044/722 2283/2099/722
f 2172/2266/722 2220/2042/722 2426/2044/722
f 2290/2112/722 2427/2292/722 2287/2291/722
f 2171/2212/722 2219/2214/722 2427/2292/722
f 2428/2293/721 2242/2218/721 2170/2219/721
f 2294/2294/721 2428/2293/721 2291/2114/721
f 2429/2041/721 2241/2040/721 2169/2254/721
f 2298/2127/721 2429/2041/721 2295/2120/721
f 2168/2259/721 2216/2039/721 2429/2041/721
f 2302/2133/721 2430/2296/721 2299/2295/721
f 2167/2220/721 2215/2222/721 2430/2296/721
f 2431/2297/720 2238/2226/720 2166/2227/720
f 2306/2298/720 2431/2297/720 2303/2135/720
f 2432/2038/720 2237/2037/720 2165/2247/720
f 2310/2145/720 2432/2038/720 2307/2141/720
f 2164/2251/720 2212/2036/720 2432/2038/720
f 2314/2151/720 2433/2300/720 2311/2299/720
f 2163/2228/720 2211/2230/720 2433/2300/720
f 2434/2301/719 2234/2234/719 2162/2235/719
f 2318/2302/719 2434/2301/719 2315/2153/719
f 2435/2035/719 2233/2034/719 2161/2241/719
f 2322/2166/719 2435/2035/719 2319/2159/719
f 2160/2245/719 2208/2033/719 2435/2035/719
f 2326/2172/719 2436/2304/719 2323/2303/719
f 2159/2236/719 2207/2238/719 2436/2304/719
f 2338/2305/721 2437/2618/721 2335/2306/721
f 2342/2307/722 2438/2627/722 2339/2308/722
f 2346/2309/865 2439/2631/865 2343/2310/865
f 2350/2311/724 2440/2623/724 2347/2312/724
f 2443/2377/866 2444/2604/866 2534/2438/866
f 2537/2440/766 2447/2313/766 2449/2315/766
f 2539/2442/867 2445/2620/867 2446/2443/867
f 2544/2445/868 2456/2316/868 2458/2318/868
f 2454/2447/869 2455/2612/869 2545/2448/869
f 2450/2450/870 2451/2624/870 2553/2451/870
f 2459/2453/771 2460/2579/771 2561/2454/771
f 2564/2456/811 2461/2580/811 2462/2457/811
f 2463/2459/871 2464/2581/871 2565/2460/871
f 2465/2462/872 2466/2582/872 2567/2463/872
f 2467/2465/775 2468/2583/775 2569/2466/775
f 2469/2468/776 2470/2584/776 2571/2469/776
f 2471/2471/873 2472/2585/873 2573/2472/873
f 2473/2474/778 2474/2586/778 2575/2475/778
f 2475/2477/874 2476/2587/874 2577/2478/874
f 2580/2480/816 2477/2588/816 2478/2481/816
f 2479/2483/781 2480/2589/781 2581/2484/781
f 2481/2486/782 2482/2590/782 2583/2487/782
f 2483/2489/771 2484/2554/771 2585/2490/771
f 2485/2492/875 2486/2555/875 2587/2493/875
f 2590/2495/798 2487/2556/798 2488/2496/798
f 2592/2498/876 2489/2557/876 2490/2499/876
f 2491/2501/775 2492/2559/775 2593/2502/775
f 2493/2504/776 2494/2560/776 2595/2505/776
f 2495/2507/877 2496/2561/877 2597/2508/877
f 2497/2510/778 2498/2562/778 2599/2511/778
f 2602/2513/787 2499/2563/787 2500/2514/787
f 2501/2516/878 2502/2564/878 2603/2517/878
f 2606/2519/879 2503/2565/879 2504/2520/879
f 2608/2522/810 2505/2566/810 2506/2523/810
f 2611/2525/771 2507/2567/771 2508/2526/771
f 2613/2528/880 2509/2568/880 2510/2529/880
f 2614/2338/790 2511/2569/790 2512/2531/790
f 2618/2532/881 2513/2570/881 2514/2533/881
f 2621/2343/775 2515/2571/775 2516/2535/775
f 2517/2536/776 2518/2572/776 2622/2537/776
f 2519/2539/882 2520/2573/882 2624/2540/882
f 2626/2344/778 2521/2574/778 2522/2542/778
f 2523/2543/883 2524/2575/883 2629/2544/883
f 2632/2546/884 2525/2576/884 2526/2547/884
f 2635/2549/885 2527/2577/885 2528/2550/885
f 2638/2351/886 2529/2578/886 2530/2552/886
f 2531/2553/771 2533/2676/771 2484/2554/771
f 2535/2439/887 2534/2438/887 2486/2555/887
f 2487/2556/766 2537/2440/766 2536/2441/766
f 2489/2557/767 2539/2442/767 2538/2444/767
f 2540/2558/775 2542/2677/775 2492/2559/775
f 2544/2445/776 2543/2446/776 2494/2560/776
f 2546/2449/888 2545/2448/888 2496/2561/888
f 2547/2324/778 2549/2326/778 2498/2562/778
f 2550/2327/787 2552/2329/787 2500/2514/787
f 2554/2452/889 2553/2451/889 2502/2564/889
f 2555/2330/890 2557/2332/890 2504/2520/890
f 2558/2333/891 2560/2335/891 2506/2523/891
f 2562/2455/771 2561/2454/771 2508/2526/771
f 2509/2568/892 2564/2456/892 2563/2458/892
f 2566/2461/893 2565/2460/893 2512/2531/893
f 2513/2570/894 2568/2464/894 2567/2463/894
f 2570/2467/775 2569/2466/775 2516/2535/775
f 2572/2470/776 2571/2469/776 2518/2572/776
f 2519/2539/895 2574/2473/895 2573/2472/895
f 2576/2476/778 2575/2475/778 2522/2542/778
f 2578/2479/779 2577/2478/779 2524/2575/779
f 2525/2576/896 2580/2480/896 2579/2482/896
f 2582/2485/781 2581/2484/781 2528/2550/781
f 2584/2488/782 2583/2487/782 2530/2552/782
f 2586/2491/771 2585/2490/771 2460/2579/771
f 2588/2494/897 2587/2493/897 2462/2457/897
f 2463/2459/784 2590/2495/784 2589/2497/784
f 2592/2498/898 2591/2500/898 2466/2582/898
f 2594/2503/775 2593/2502/775 2468/2583/775
f 2596/2506/776 2595/2505/776 2470/2584/776
f 2471/2471/899 2598/2509/899 2597/2508/899
f 2600/2512/778 2599/2511/778 2474/2586/778
f 2475/2477/900 2602/2513/900 2601/2515/900
f 2604/2518/901 2603/2517/901 2478/2481/901
f 2479/2483/781 2606/2519/781 2605/2521/781
f 2481/2486/782 2608/2522/782 2607/2524/782
f 2442/2591/817 2613/2528/817 2612/2530/817
f 2618/2532/902 2617/2534/902 2449/2315/902
f 2623/2538/903 2622/2537/903 2448/2314/903
f 2457/2317/904 2625/2541/904 2624/2540/904
f 2630/2545/793 2629/2544/793 2457/2317/793
f 2453/2593/821 2632/2546/821 2631/2548/821
f 2638/2595/822 2637/2605/822 2639/2352/822
f 2640/2353/823 2551/2328/823 2550/2327/823
f 2635/2549/778 2634/2674/778 2642/2355/778
f 2643/2356/824 2532/2671/824 2531/2553/824
f 2540/2558/778 2646/2359/778 2645/2358/778
f 2611/2525/825 2610/2673/825 2647/2360/825
f 2648/2361/771 2650/2363/771 2621/2343/771
f 2547/2324/825 2650/2363/825 2649/2362/825
f 2651/2364/826 2559/2672/826 2558/2597/826
f 2653/2366/823 2652/2365/823 2614/2598/823
f 2654/2367/771 2556/2331/771 2555/2330/771
f 2656/2369/824 2655/2368/824 2626/2344/824
f 2659/2371/826 2661/2373/826 2660/2372/826
f 2667/2600/827 2666/2619/827 2663/2375/827
f 2670/2381/822 2669/2380/822 2668/2379/822
f 2673/2601/827 2672/2601/827 2662/2374/827
f 2674/2384/822 2673/2383/822 2676/2386/822
f 2659/2371/823 2658/2328/823 2677/2387/823
f 2680/2390/826 2665/2675/826 2664/2602/826
f 2680/2390/823 2679/2389/823 2671/2599/823
f 2679/2389/828 2678/2388/828 2651/2364/828
f 2663/2375/905 2560/2335/905 2559/2334/905
f 2443/2377/906 2666/2377/906 2668/2379/906
f 2616/2340/831 2615/2339/831 2669/2380/831
f 2660/2372/907 2662/2374/907 2453/2593/907
f 2637/2605/908 2636/2382/908 2672/2382/908
f 2551/2328/828 2658/2328/828 2657/2370/828
f 2639/2352/831 2675/2385/831 2677/2387/831
f 2683/2393/771 2685/2395/771 2684/2394/771
f 2689/2399/775 2691/2401/775 2690/2400/775
f 2695/2404/778 2697/2406/778 2696/2405/778
f 2703/2412/834 2702/2411/834 2699/2408/834
f 2706/2415/771 2705/2414/771 2692/2402/771
f 2709/2418/775 2708/2417/775 2698/2407/775
f 2712/2421/778 2711/2420/778 2704/2413/778
f 2715/2424/834 2714/2423/834 2686/2396/834
f 2716/2425/778 2715/2424/778 2718/2427/778
f 2683/2393/824 2682/2392/824 2719/2428/824
f 2720/2429/778 2722/2431/778 2689/2399/778
f 2707/2416/825 2706/2415/825 2722/2431/825
f 2724/2433/771 2723/2432/771 2710/2419/771
f 2725/2434/825 2724/2433/825 2695/2404/825
f 2728/2437/771 2701/2410/771 2700/2409/771
f 2728/2437/824 2727/2436/824 2713/2422/824
f 2723/2432/835 2725/2434/835 2649/2362/835
f 2693/2403/836 2549/2326/836 2548/2325/836
f 2556/2331/909 2700/2409/909 2699/2408/909
f 2704/2413/910 2451/2624/910 2450/2450/910
f 2684/2606/911 2686/2591/911 2442/2591/911
f 2634/2348/912 2633/2347/912 2714/2607/912
f 2711/2420/841 2713/2422/841 2628/2346/841
f 2654/2367/842 2656/2369/842 2727/2436/842
f 2541/2322/843 2688/2321/843 2687/2609/843
f 2446/2443/844 2445/2620/844 2690/2610/844
f 2719/2428/841 2643/2356/841 2642/2355/841
f 2696/2405/845 2698/2407/845 2455/2612/845
f 2620/2342/846 2619/2341/846 2708/2417/846
f 2721/2430/836 2720/2429/836 2645/2358/836
f 2681/2613/842 2533/2320/842 2532/2319/842
f 2705/2614/835 2707/2337/835 2610/2337/835
f 2441/2592/724 2533/2320/724 2681/2613/724
f 2441/2592/724 2612/2530/724 2414/2062/724
f 2633/2347/847 2385/2255/847 2613/2615/847
f 2442/2616/853 2686/2616/853 2714/2607/853
f 2444/2604/724 2615/2339/724 2416/2278/724
f 2444/2604/724 2668/2379/724 2669/2380/724
f 2560/2335/849 2443/2600/849 2535/2617/849
f 2443/2600/913 2560/2335/913 2663/2375/913
f 2609/2336/724 2412/2276/724 2538/2444/724
f 2446/2443/724 2692/2611/724 2705/2614/724
f 2539/2442/725 2405/2083/725 2542/2323/725
f 2445/2620/725 2542/2323/725 2687/2609/725
f 2623/2621/719 2447/2678/719 2537/2622/719
f 2536/2441/851 2449/2315/851 2617/2534/851
f 2618/2532/914 2448/2314/914 2622/2537/914
f 2394/2262/722 2553/2451/722 2451/2624/722
f 2451/2624/722 2704/2413/722 2711/2420/722
f 2554/2452/847 2387/2125/847 2557/2625/847
f 2450/2450/915 2557/2625/915 2699/2626/915
f 2452/2594/722 2552/2329/722 2657/2370/722
f 2438/2627/722 2552/2329/722 2452/2594/722
f 2632/2546/849 2453/2593/849 2636/2349/849
f 2453/2593/850 2662/2374/850 2672/2601/850
f 2619/2628/725 2403/2269/725 2545/2448/725
f 2455/2612/725 2698/2407/725 2708/2629/725
f 2546/2449/722 2396/2104/722 2549/2326/722
f 2454/2447/722 2549/2326/722 2693/2403/722
f 2544/2630/719 2372/2164/719 2630/2545/719
f 2543/2446/916 2458/2318/916 2624/2540/916
f 2625/2541/855 2457/2317/855 2629/2544/855
f 2229/2058/724 2411/2068/724 2561/2632/724
f 2415/2059/724 2229/2058/724 2460/2633/724
f 2380/2143/720 2213/2142/720 2459/2453/720
f 2213/2142/720 2378/2149/720 2586/2491/720
f 2563/2458/724 2462/2457/724 2252/2063/724
f 2215/2222/721 2461/2636/721 2564/2635/721
f 2362/2223/721 2588/2652/721 2461/2636/721
f 2587/2493/724 2417/2056/724 2252/2063/724
f 2234/2234/719 2463/2638/719 2566/2637/719
f 2464/2581/851 2589/2497/851 2351/2192/851
f 2434/2301/719 2590/2654/719 2463/2638/719
f 2565/2460/917 2464/2581/917 2254/2194/917
f 2568/2464/725 2408/2077/725 2248/2084/725
f 2353/2199/724 2567/2463/724 2466/2582/724
f 2421/2284/724 2227/2198/724 2466/2582/724
f 2465/2462/918 2248/2084/918 2404/2086/918
f 2225/2079/725 2402/2089/725 2569/2639/725
f 2406/2080/725 2225/2079/725 2468/2640/725
f 2467/2465/720 2236/2144/720 2379/2146/720
f 2570/2467/720 2381/2140/720 2236/2144/720
f 2572/2642/719 2375/2158/719 2232/2165/719
f 2470/2584/852 2595/2505/852 2354/2200/852
f 2469/2643/719 2232/2165/719 2371/2167/719
f 2571/2469/852 2470/2584/852 2250/2202/852
f 2574/2473/722 2399/2098/722 2244/2105/722
f 2356/2207/919 2573/2472/919 2472/2585/919
f 2424/2288/864 2223/2206/864 2472/2585/864
f 2598/2509/722 2471/2471/722 2244/2105/722
f 2221/2100/722 2393/2110/722 2575/2475/722
f 2397/2101/722 2221/2100/722 2474/2586/722
f 2600/2512/720 2473/2474/720 2238/2226/720
f 2473/2474/720 2576/2476/720 2363/2224/720
f 2373/2161/719 2209/2160/719 2475/2477/719
f 2209/2160/719 2370/2170/719 2602/2513/719
f 2246/2210/920 2476/2587/920 2601/2515/920
f 2425/2289/855 2577/2478/855 2476/2587/855
f 2580/2480/721 2390/2119/721 2240/2126/721
f 2219/2214/722 2359/2215/722 2579/2482/722
f 2219/2214/722 2478/2481/722 2603/2517/722
f 2477/2588/721 2240/2126/721 2386/2128/721
f 2217/2121/721 2384/2131/721 2581/2645/721
f 2388/2122/721 2217/2121/721 2480/2646/721
f 2211/2230/720 2479/2483/720 2582/2485/720
f 2211/2230/720 2365/2231/720 2606/2519/720
f 2583/2487/721 2482/2590/721 2242/2218/721
f 2207/2238/719 2481/2650/719 2584/2648/719
f 2207/2238/719 2368/2239/719 2608/2649/719
f 2482/2590/721 2607/2524/721 2360/2216/721
f 2261/2061/724 2415/2059/724 2585/2634/724
f 2313/2148/720 2644/2357/720 2531/2553/720
f 2533/2320/724 2414/2062/724 2261/2061/724
f 2378/2149/720 2313/2148/720 2483/2489/720
f 2486/2555/724 2256/2054/724 2417/2056/724
f 2335/2306/721 2485/2653/721 2588/2652/721
f 2437/2618/721 2535/2617/721 2485/2653/721
f 2534/2438/724 2416/2278/724 2256/2054/724
f 2318/2302/719 2487/2655/719 2590/2654/719
f 2488/2496/851 2536/2441/851 2440/2623/851
f 2374/2243/719 2537/2622/719 2487/2655/719
f 2589/2497/851 2488/2496/851 2350/2311/851
f 2263/2283/724 2421/2284/724 2591/2500/724
f 2412/2276/724 2263/2283/724 2490/2499/724
f 2489/2557/725 2272/2081/725 2405/2083/725
f 2592/2498/725 2404/2086/725 2272/2081/725
f 2273/2082/725 2406/2080/725 2593/2641/725
f 2405/2083/725 2273/2082/725 2492/2656/725
f 2540/2558/720 2491/2501/720 2308/2249/720
f 2594/2503/720 2379/2146/720 2308/2249/720
f 2596/2644/719 2371/2167/719 2320/2162/719
f 2494/2560/852 2543/2446/852 2439/2631/852
f 2493/2657/719 2320/2162/719 2372/2164/719
f 2595/2505/852 2494/2560/852 2346/2309/852
f 2275/2287/725 2424/2288/725 2597/2508/725
f 2403/2269/725 2275/2287/725 2496/2561/725
f 2495/2507/722 2284/2102/722 2396/2104/722
f 2598/2509/722 2395/2107/722 2284/2102/722
f 2497/2510/720 2600/2512/720 2431/2297/720
f 2285/2103/722 2397/2101/722 2599/2511/722
f 2396/2104/722 2285/2103/722 2498/2562/722
f 2547/2324/720 2497/2510/720 2306/2298/720
f 2370/2170/719 2325/2169/719 2499/2563/719
f 2325/2169/719 2641/2354/719 2550/2327/719
f 2342/2307/722 2500/2514/722 2552/2329/722
f 2357/2208/722 2601/2515/722 2500/2514/722
f 2427/2292/722 2603/2517/722 2502/2564/722
f 2287/2291/722 2502/2564/722 2553/2451/722
f 2501/2516/721 2296/2123/721 2387/2125/721
f 2604/2518/721 2386/2128/721 2296/2123/721
f 2297/2124/721 2388/2122/721 2605/2647/721
f 2331/2659/720 2655/2368/720 2555/2330/720
f 2387/2125/721 2297/2124/721 2504/2658/721
f 2365/2231/720 2331/2659/720 2503/2565/720
f 2607/2524/721 2506/2523/721 2338/2305/721
f 2368/2239/719 2327/2661/719 2505/2660/719
f 2327/2661/719 2652/2365/719 2558/2597/719
f 2506/2523/921 2560/2335/921 2437/2618/921
f 2508/2662/724 2265/2067/724 2412/2276/724
f 2309/2250/720 2380/2143/720 2562/2455/720
f 2411/2068/724 2265/2067/724 2508/2662/724
f 2611/2525/720 2646/2359/720 2309/2250/720
f 2612/2530/724 2510/2529/724 2260/2060/724
f 2299/2295/721 2509/2663/721 2613/2615/721
f 2430/2296/721 2564/2635/721 2509/2663/721
f 2510/2529/724 2563/2458/724 2413/2065/724
f 2330/2664/719 2511/2665/719 2614/2598/719
f 2512/2531/724 2565/2460/724 2419/2281/724
f 2615/2339/724 2512/2531/724 2258/2282/724
f 2366/2232/719 2566/2637/719 2511/2665/719
f 2347/2312/724 2440/2623/724 2617/2534/724
f 2353/2199/724 2347/2312/724 2514/2533/724
f 2568/2464/922 2513/2570/922 2268/2075/922
f 2513/2570/923 2618/2532/923 2407/2271/923
f 2516/2666/725 2277/2088/725 2403/2269/725
f 2402/2089/725 2277/2088/725 2516/2666/725
f 2515/2571/720 2304/2138/720 2381/2140/720
f 2621/2343/720 2650/2363/720 2304/2138/720
f 2623/2621/719 2374/2243/719 2316/2156/719
f 2518/2572/852 2571/2469/852 2422/2285/852
f 2622/2537/852 2518/2572/852 2270/2286/852
f 2517/2667/719 2316/2156/719 2375/2158/719
f 2343/2310/865 2439/2631/865 2624/2540/865
f 2356/2207/725 2343/2310/725 2520/2573/725
f 2574/2473/722 2519/2539/722 2280/2096/722
f 2625/2541/722 2398/2264/722 2280/2096/722
f 2334/2668/720 2521/2574/720 2626/2344/720
f 2289/2109/722 2394/2262/722 2627/2345/722
f 2393/2110/722 2289/2109/722 2522/2542/722
f 2576/2476/720 2521/2574/720 2334/2668/720
f 2372/2164/719 2321/2163/719 2523/2543/719
f 2321/2163/719 2373/2161/719 2578/2479/719
f 2282/2290/855 2524/2575/855 2577/2478/855
f 2398/2264/855 2629/2544/855 2524/2575/855
f 2339/2308/722 2438/2627/722 2631/2548/722
f 2359/2215/722 2339/2308/722 2526/2547/722
f 2525/2576/721 2292/2117/721 2390/2119/721
f 2632/2546/721 2389/2257/721 2292/2117/721
f 2528/2669/721 2301/2130/721 2385/2255/721
f 2433/2300/720 2582/2485/720 2527/2577/720
f 2384/2131/721 2301/2130/721 2528/2669/721
f 2311/2299/720 2527/2577/720 2635/2549/720
f 2323/2303/719 2529/2670/719 2638/2595/719
f 2436/2304/719 2584/2648/719 2529/2670/719
f 2530/2552/721 2583/2487/721 2428/2293/721
f 2389/2257/924 2636/2349/924 2530/2552/924
f 2643/2356/862 2719/2428/862 2682/2392/862
f 2645/2358/722 2720/2429/722 2688/2398/722
f 2649/2362/721 2725/2434/721 2694/2325/721
f 2640/2353/863 2677/2387/863 2658/2328/863
f 2556/2331/724 2654/2367/724 2726/2435/724
f 2559/2672/722 2651/2364/722 2678/2388/722
f 2610/2673/721 2707/2416/721 2721/2430/721
f 2616/2599/863 2671/2599/863 2679/2389/863
f 2620/2342/724 2710/2419/724 2723/2432/724
f 2628/2346/862 2713/2422/862 2727/2436/862
f 2634/2674/722 2716/2425/722 2717/2426/722
f 2637/2605/724 2674/2384/724 2675/2385/724
f 2200/2240/719 2323/2303/719 2641/2354/719
f 2197/2246/720 2311/2299/720 2644/2357/720
f 2646/2359/720 2308/2249/720 2196/2248/720
f 2650/2363/720 2306/2298/720 2195/2252/720
f 2201/2233/719 2330/2664/719 2652/2365/719
f 2202/2225/720 2334/2668/720 2655/2368/720
f 2676/2386/719 2673/2383/719 2661/2373/719
f 2670/2603/719 2667/2679/719 2665/2675/719
f 2718/2427/720 2715/2424/720 2685/2395/720
f 2689/2399/720 2722/2431/720 2706/2415/720
f 2697/2406/720 2695/2404/720 2724/2433/720
f 2712/2421/720 2703/2412/720 2701/2410/720
o Plane.003
v 5.624906 1.893657 -0.423220
v 5.624007 1.897257 -0.423189
v 5.624417 1.897257 -0.437612
v 5.624417 2.290057 -0.437612
v 5.624007 2.290057 -0.423189
v 5.624906 2.293657 -0.423220
v 5.678329 1.893657 1.147071
v 5.678819 1.897257 1.161463
v 5.677430 1.897257 1.147102
v 5.678329 2.293657 1.147071
v 5.677430 2.290057 1.147102
v 5.678819 2.290057 1.161463
v 5.771730 1.893657 1.143894
v 5.772630 1.897257 1.143863
v 5.772220 1.897257 1.158285
v 5.718307 1.893657 -0.426398
v 5.717818 1.897257 -0.440789
v 5.719207 1.897257 -0.426428
v 5.717818 2.290057 -0.440789
v 5.718307 2.293657 -0.426398
v 5.719207 2.290057 -0.426428
v 5.771730 2.293657 1.143894
v 5.772220 2.290057 1.158285
v 5.772630 2.290057 1.143863
v 5.657498 2.393657 -0.424329
v 5.656599 2.397257 -0.424298
v 5.657009 2.397257 -0.438721
v 5.657009 2.790057 -0.438721
v 5.656599 2.790057 -0.424298
v 5.657498 2.793657 -0.424329
v 5.710921 2.393657 1.145963
v 5.711411 2.397257 1.160354
v 5.710021 2.397257 1.145993
v 5.710921 2.793657 1.145963
v 5.710021 2.790057 1.145993
v 5.711411 2.790057 1.160354
v 5.804322 2.393657 1.142785
v 5.805222 2.397257 1.142754
v 5.804812 2.397257 1.157177
v 5.750899 2.393657 -0.427506
v 5.750410 2.397257 -0.441898
v 5.751799 2.397257 -0.427537
v 5.750410 2.790057 -0.441898
v 5.750899 2.793657 -0.427506
v 5.751799 2.790057 -0.427537
v 5.804322 2.793657 1.142785
v 5.804812 2.790057 1.157177
v 5.805222 2.790057 1.142754
v 5.690090 2.893657 -0.425438
v 5.689191 2.897257 -0.425407
v 5.689600 2.897257 -0.439829
v 5.689600 3.290057 -0.439829
v 5.689191 3.290057 -0.425407
v 5.690090 3.293657 -0.425438
v 5.743513 2.893657 1.144854
v 5.744003 2.897257 1.159245
v 5.742614 2.897257 1.144884
v 5.743513 3.293657 1.144854
v 5.742614 3.290057 1.144884
v 5.744003 3.290057 1.159245
v 5.836914 2.893657 1.141676
v 5.837813 2.897257 1.141646
v 5.837404 2.897257 1.156068
v 5.783491 2.893657 -0.428615
v 5.783001 2.897257 -0.443007
v 5.784391 2.897257 -0.428646
v 5.783002 3.290057 -0.443007
v 5.783491 3.293657 -0.428615
v 5.784391 3.290057 -0.428646
v 5.836914 3.293657 1.141676
v 5.837404 3.290057 1.156068
v 5.837814 3.290057 1.141646
v 5.722682 3.393657 -0.426547
v 5.721783 3.397257 -0.426516
v 5.722193 3.397257 -0.440938
v 5.722193 3.790057 -0.440938
v 5.721783 3.790057 -0.426516
v 5.722682 3.793657 -0.426547
v 5.776105 3.393657 1.143745
v 5.776595 3.397257 1.158137
v 5.775206 3.397257 1.143776
v 5.776105 3.793657 1.143745
v 5.775206 3.790057 1.143776
v 5.776595 3.790057 1.158137
v 5.869506 3.393657 1.140567
v 5.870406 3.397257 1.140537
v 5.869996 3.397257 1.154959
v 5.816083 3.393657 -0.429724
v 5.815594 3.397257 -0.444116
v 5.816983 3.397257 -0.429755
v 5.815594 3.790057 -0.444116
v 5.816083 3.793657 -0.429724
v 5.816983 3.790057 -0.429755
v 5.869506 3.793657 1.140567
v 5.869996 3.790057 1.154959
v 5.870406 3.790057 1.140537
vn -0.9699 -0.2421 -0.0276
vn -0.9699 0.2421 -0.0276
vn -0.9657 -0.2421 0.0934
vn -0.9657 0.2421 0.0934
vn 0.9699 -0.2421 0.0276
vn 0.9657 -0.2421 -0.0934
vn 0.9657 0.2421 -0.0934
vn 0.9699 0.2421 0.0276
vn -0.9696 -0.2425 0.0330
vn -0.9996 -0.0000 -0.0284
vn -0.9696 0.2425 0.0330
vn -0.9954 -0.0000 0.0963
vn 0.9696 -0.2425 -0.0330
vn 0.9954 -0.0000 -0.0963
vn 0.9696 0.2425 -0.0330
vn 0.9996 -0.0000 0.0284
vn -0.0082 -0.9701 -0.2424
vn 0.0082 -0.9701 0.2424
vn 0.0082 0.9701 0.2424
vn -0.0082 0.9701 -0.2424
vn -0.0000 -1.0000 -0.0000
vn -0.9994 -0.0000 0.0340
vn -0.0340 -0.0000 -0.9994
vn -0.0000 1.0000 -0.0000
vn 0.0340 -0.0000 0.9994
vn 0.9994 -0.0000 -0.0340
vt 0.000000 0.009000
vt 0.009000 0.009000
vt 0.009000 0.000000
vt 0.991000 0.000000
vt 0.991000 0.009000
vt 1.000000 0.009000
vt 0.000000 0.991000
vt 0.009000 1.000000
vt 0.009000 0.991000
vt 1.000000 0.991000
vt 0.991000 0.991000
vt 0.991000 1.000000
vt 0.009000 1.000000
vt 0.000000 0.009000
vt 0.009000 0.000000
vt 0.991000 0.000000
vt 1.000000 0.009000
vt 1.000000 0.991000
s 0
usemtl 
f 2729/2680/925 2730/2681/925 2731/2682/925
f 2732/2683/926 2733/2684/926 2734/2685/926
f 2735/2686/927 2736/2687/927 2737/2688/927
f 2738/2689/928 2739/2690/928 2740/2691/928
f 2741/2686/929 2742/2688/929 2743/2692/929
f 2744/2693/930 2745/2694/930 2746/2681/930
f 2747/2695/931 2748/2696/931 2749/2684/931
f 2750/2697/932 2751/2691/932 2752/2690/932
f 2730/2681/933 2735/2686/933 2737/2688/933
f 2733/2684/934 2731/2682/934 2730/2681/934
f 2739/2690/935 2734/2685/935 2733/2684/935
f 2737/2688/936 2740/2691/936 2739/2690/936
f 2744/2693/937 2742/2688/937 2741/2686/937
f 2747/2695/938 2746/2681/938 2745/2694/938
f 2750/2697/939 2749/2684/939 2748/2696/939
f 2743/2692/940 2752/2690/940 2751/2691/940
f 2745/2694/941 2729/2680/941 2731/2682/941
f 2736/2687/942 2741/2686/942 2743/2692/942
f 2738/2689/943 2751/2691/943 2750/2697/943
f 2748/2696/944 2732/2683/944 2734/2685/944
f 2729/2680/945 2741/2686/945 2735/2686/945
f 2737/2688/946 2733/2684/946 2730/2681/946
f 2732/2683/947 2745/2694/947 2731/2682/947
f 2738/2689/948 2748/2696/948 2734/2685/948
f 2736/2687/949 2751/2691/949 2740/2691/949
f 2749/2684/950 2742/2688/950 2746/2681/950
f 2753/2680/925 2754/2681/925 2755/2682/925
f 2756/2683/926 2757/2684/926 2758/2685/926
f 2759/2686/927 2760/2687/927 2761/2688/927
f 2762/2689/928 2763/2690/928 2764/2691/928
f 2765/2686/929 2766/2688/929 2767/2692/929
f 2768/2693/930 2769/2694/930 2770/2681/930
f 2771/2695/931 2772/2696/931 2773/2684/931
f 2774/2697/932 2775/2691/932 2776/2690/932
f 2754/2681/933 2759/2686/933 2761/2688/933
f 2757/2684/934 2755/2682/934 2754/2681/934
f 2763/2690/935 2758/2685/935 2757/2684/935
f 2761/2688/936 2764/2691/936 2763/2690/936
f 2768/2693/937 2766/2688/937 2765/2686/937
f 2771/2695/938 2770/2681/938 2769/2694/938
f 2774/2697/939 2773/2684/939 2772/2696/939
f 2767/2692/940 2776/2690/940 2775/2691/940
f 2769/2694/941 2753/2680/941 2755/2682/941
f 2760/2687/942 2765/2686/942 2767/2692/942
f 2762/2689/943 2775/2691/943 2774/2697/943
f 2772/2696/944 2756/2683/944 2758/2685/944
f 2753/2680/945 2765/2686/945 2759/2686/945
f 2761/2688/946 2757/2684/946 2754/2681/946
f 2756/2683/947 2769/2694/947 2755/2682/947
f 2762/2689/948 2772/2696/948 2758/2685/948
f 2760/2687/949 2775/2691/949 2764/2691/949
f 2773/2684/950 2766/2688/950 2770/2681/950
f 2777/2680/925 2778/2681/925 2779/2682/925
f 2780/2683/926 2781/2684/926 2782/2685/926
f 2783/2686/927 2784/2687/927 2785/2688/927
f 2786/2689/928 2787/2690/928 2788/2691/928
f 2789/2686/929 2790/2688/929 2791/2692/929
f 2792/2693/930 2793/2694/930 2794/2681/930
f 2795/2695/931 2796/2696/931 2797/2684/931
f 2798/2697/932 2799/2691/932 2800/2690/932
f 2778/2681/933 2783/2686/933 2785/2688/933
f 2781/2684/934 2779/2682/934 2778/2681/934
f 2787/2690/935 2782/2685/935 2781/2684/935
f 2785/2688/936 2788/2691/936 2787/2690/936
f 2792/2693/937 2790/2688/937 2789/2686/937
f 2795/2695/938 2794/2681/938 2793/2694/938
f 2798/2697/939 2797/2684/939 2796/2696/939
f 2791/2692/940 2800/2690/940 2799/2691/940
f 2793/2694/941 2777/2680/941 2779/2682/941
f 2784/2687/942 2789/2686/942 2791/2692/942
f 2786/2689/943 2799/2691/943 2798/2697/943
f 2796/2696/944 2780/2683/944 2782/2685/944
f 2777/2680/945 2789/2686/945 2783/2686/945
f 2785/2688/946 2781/2684/946 2778/2681/946
f 2780/2683/947 2793/2694/947 2779/2682/947
f 2786/2689/948 2796/2696/948 2782/2685/948
f 2784/2687/949 2799/2691/949 2788/2691/949
f 2797/2684/950 2790/2688/950 2794/2681/950
f 2801/2680/925 2802/2681/925 2803/2682/925
f 2804/2683/926 2805/2684/926 2806/2685/926
f 2807/2686/927 2808/2687/927 2809/2688/927
f 2810/2689/928 2811/2690/928 2812/2691/928
f 2813/2686/929 2814/2688/929 2815/2692/929
f 2816/2693/930 2817/2694/930 2818/2681/930
f 2819/2695/931 2820/2696/931 2821/2684/931
f 2822/2697/932 2823/2691/932 2824/2690/932
f 2802/2681/933 2807/2686/933 2809/2688/933
f 2805/2684/934 2803/2682/934 2802/2681/934
f 2811/2690/935 2806/2685/935 2805/2684/935
f 2809/2688/936 2812/2691/936 2811/2690/936
f 2816/2693/937 2814/2688/937 2813/2686/937
f 2819/2695/938 2818/2681/938 2817/2694/938
f 2822/2697/939 2821/2684/939 2820/2696/939
f 2815/2692/940 2824/2690/940 2823/2691/940
f 2817/2694/941 2801/2680/941 2803/2682/941
f 2808/2687/942 2813/2686/942 2815/2692/942
f 2810/2689/943 2823/2691/943 2822/2697/943
f 2820/2696/944 2804/2683/944 2806/2685/944
f 2801/2680/945 2813/2686/945 2807/2686/945
f 2809/2688/946 2805/2684/946 2802/2681/946
f 2804/2683/947 2817/2694/947 2803/2682/947
f 2810/2689/948 2820/2696/948 2806/2685/948
f 2808/2687/949 2823/2691/949 2812/2691/949
f 2821/2684/950 2814/2688/950 2818/2681/950
f 2730/2681/933 2729/2680/933 2735/2686/933
f 2733/2684/934 2732/2683/934 2731/2682/934
f 2739/2690/935 2738/2689/935 2734/2685/935
f 2737/2688/936 2736/2687/936 2740/2691/936
f 2744/2693/937 2746/2681/937 2742/2688/937
f 2747/2695/938 2749/2684/938 2746/2681/938
f 2750/2697/939 2752/2690/939 2749/2684/939
f 2743/2692/940 2742/2688/940 2752/2690/940
f 2745/2694/941 2744/2693/941 2729/2680/941
f 2736/2687/942 2735/2686/942 2741/2686/942
f 2738/2689/943 2740/2691/943 2751/2691/943
f 2748/2696/944 2747/2695/944 2732/2683/944
f 2729/2680/945 2744/2693/945 2741/2686/945
f 2737/2688/946 2739/2690/946 2733/2684/946
f 2732/2683/947 2747/2695/947 2745/2694/947
f 2738/2689/948 2750/2697/948 2748/2696/948
f 2736/2687/949 2743/2692/949 2751/2691/949
f 2749/2684/950 2752/2690/950 2742/2688/950
f 2754/2681/933 2753/2680/933 2759/2686/933
f 2757/2684/934 2756/2683/934 2755/2682/934
f 2763/2690/935 2762/2689/935 2758/2685/935
f 2761/2688/936 2760/2687/936 2764/2691/936
f 2768/2693/937 2770/2681/937 2766/2688/937
f 2771/2695/938 2773/2684/938 2770/2681/938
f 2774/2697/939 2776/2690/939 2773/2684/939
f 2767/2692/940 2766/2688/940 2776/2690/940
f 2769/2694/941 2768/2693/941 2753/2680/941
f 2760/2687/942 2759/2686/942 2765/2686/942
f 2762/2689/943 2764/2691/943 2775/2691/943
f 2772/2696/944 2771/2695/944 2756/2683/944
f 2753/2680/945 2768/2693/945 2765/2686/945
f 2761/2688/946 2763/2690/946 2757/2684/946
f 2756/2683/947 2771/2695/947 2769/2694/947
f 2762/2689/948 2774/2697/948 2772/2696/948
f 2760/2687/949 2767/2692/949 2775/2691/949
f 2773/2684/950 2776/2690/950 2766/2688/950
f 2778/2681/933 2777/2680/933 2783/2686/933
f 2781/2684/934 2780/2683/934 2779/2682/934
f 2787/2690/935 2786/2689/935 2782/2685/935
f 2785/2688/936 2784/2687/936 2788/2691/936
f 2792/2693/937 2794/2681/937 2790/2688/937
f 2795/2695/938 2797/2684/938 2794/2681/938
f 2798/2697/939 2800/2690/939 2797/2684/939
f 2791/2692/940 2790/2688/940 2800/2690/940
f 2793/2694/941 2792/2693/941 2777/2680/941
f 2784/2687/942 2783/2686/942 2789/2686/942
f 2786/2689/943 2788/2691/943 2799/2691/943
f 2796/2696/944 2795/2695/944 2780/2683/944
f 2777/2680/945 2792/2693/945 2789/2686/945
f 2785/2688/946 2787/2690/946 2781/2684/946
f 2780/2683/947 2795/2695/947 2793/2694/947
f 2786/2689/948 2798/2697/948 2796/2696/948
f 2784/2687/949 2791/2692/949 2799/2691/949
f 2797/2684/950 2800/2690/950 2790/2688/950
f 2802/2681/933 2801/2680/933 2807/2686/933
f 2805/2684/934 2804/2683/934 2803/2682/934
f 2811/2690/935 2810/2689/935 2806/2685/935
f 2809/2688/936 2808/2687/936 2812/2691/936
f 2816/2693/937 2818/2681/937 2814/2688/937
f 2819/2695/938 2821/2684/938 2818/2681/938
f 2822/2697/939 2824/2690/939 2821/2684/939
f 2815/2692/940 2814/2688/940 2824/2690/940
f 2817/2694/941 2816/2693/941 2801/2680/941
f 2808/2687/942 2807/2686/942 2813/2686/942
f 2810/2689/943 2812/2691/943 2823/2691/943
f 2820/2696/944 2819/2695/944 2804/2683/944
f 2801/2680/945 2816/2693/945 2813/2686/945
f 2809/2688/946 2811/2690/946 2805/2684/946
f 2804/2683/947 2819/2695/947 2817/2694/947
f 2810/2689/948 2822/2697/948 2820/2696/948
f 2808/2687/949 2815/2692/949 2823/2691/949
f 2821/2684/950 2824/2690/950 2814/2688/950
o Cube.008
v 4.922458 1.830402 0.386732
v 4.922458 1.720447 0.386732
v 5.921880 1.775425 0.352731
v 4.888457 1.775425 -0.612690
v 3.903748 1.775425 0.421389
v 4.956459 1.775425 1.386154
v 5.422169 1.830402 0.369732
v 4.422747 1.830402 0.403733
v 4.905457 1.830402 -0.112979
v 4.939459 1.830402 0.886443
v 5.422169 1.720447 0.369732
v 4.422747 1.720447 0.403733
v 4.939459 1.720447 0.886443
v 4.905457 1.720447 -0.112979
v 5.938880 1.775425 0.852442
v 5.904880 1.775425 -0.146980
v 5.921880 1.747936 0.352731
v 5.921880 1.802913 0.352731
v 5.388168 1.775425 -0.629690
v 4.388746 1.775425 -0.595689
v 4.888457 1.747936 -0.612690
v 4.888457 1.802913 -0.612690
v 3.886748 1.775425 -0.078321
v 3.920749 1.775425 0.921100
v 3.923036 1.747936 0.420733
v 3.903748 1.802913 0.421389
v 4.456748 1.775425 1.403154
v 5.456170 1.775425 1.369153
v 4.956459 1.747936 1.386154
v 4.956459 1.802913 1.386154
v 5.456170 1.802913 1.369153
v 5.456170 1.747936 1.369153
v 4.456748 1.747936 1.403154
v 3.920749 1.802913 0.921100
v 3.940037 1.747936 0.920444
v 3.906036 1.747936 -0.078978
v 4.388746 1.802913 -0.595689
v 4.388746 1.747936 -0.595689
v 5.388168 1.747936 -0.629690
v 5.904880 1.802913 -0.146980
v 5.904880 1.747936 -0.146980
v 5.938880 1.747936 0.852442
v 4.405747 1.720447 -0.095978
v 4.439748 1.720447 0.903444
v 5.439169 1.720447 0.869443
v 4.439748 1.830402 0.903444
v 4.405747 1.830402 -0.095978
v 5.405169 1.830402 -0.129979
v 5.439169 1.830402 0.869443
v 5.405169 1.720447 -0.129979
v 5.938880 1.802913 0.852442
v 5.388168 1.802913 -0.629690
v 3.886748 1.802913 -0.078321
v 4.456748 1.802913 1.403154
v 5.672025 1.830402 0.361231
v 4.672603 1.830402 0.395232
v 4.896957 1.830402 -0.362834
v 4.930958 1.830402 0.636588
v 5.672025 1.720447 0.361231
v 4.672603 1.720447 0.395232
v 4.947959 1.720447 1.136299
v 4.913958 1.720447 0.136877
v 5.947381 1.775425 1.102297
v 5.913380 1.775425 0.102876
v 5.921880 1.734192 0.352731
v 5.921880 1.789169 0.352731
v 5.638023 1.775425 -0.638190
v 4.638602 1.775425 -0.604189
v 4.888457 1.734192 -0.612690
v 4.888457 1.789169 -0.612690
v 3.878247 1.775425 -0.328177
v 3.912248 1.775425 0.671245
v 3.923036 1.734192 0.420733
v 3.903748 1.789169 0.421389
v 4.206893 1.775425 1.411655
v 5.206315 1.775425 1.377654
v 4.956459 1.734192 1.386154
v 4.956459 1.789169 1.386154
v 5.172314 1.830402 0.378232
v 4.172892 1.830402 0.412233
v 4.913958 1.830402 0.136877
v 4.947959 1.830402 1.136299
v 5.172314 1.720447 0.378232
v 4.172892 1.720447 0.412233
v 4.930958 1.720447 0.636588
v 4.896957 1.720447 -0.362834
v 5.930380 1.775425 0.602587
v 5.896379 1.775425 -0.396835
v 5.921880 1.761680 0.352731
v 5.921880 1.816658 0.352731
v 5.138312 1.775425 -0.621190
v 4.138891 1.775425 -0.587189
v 4.888457 1.761680 -0.612690
v 4.888457 1.816658 -0.612690
v 3.895248 1.775425 0.171534
v 3.929249 1.775425 1.170956
v 3.923036 1.761680 0.420733
v 3.923036 1.816658 0.420733
v 4.706604 1.775425 1.394654
v 5.706026 1.775425 1.360653
v 4.956459 1.761680 1.386154
v 4.956459 1.816658 1.386154
v 5.206315 1.802913 1.377654
v 5.706026 1.802913 1.360653
v 5.456170 1.789169 1.369153
v 5.456170 1.816658 1.369153
v 5.206315 1.747936 1.377654
v 5.706026 1.747936 1.360653
v 5.456170 1.734192 1.369153
v 5.456170 1.761680 1.369153
v 4.206893 1.747936 1.411655
v 4.706604 1.747936 1.394654
v 4.456748 1.734192 1.403154
v 4.456748 1.761680 1.403154
v 3.912248 1.802913 0.671245
v 3.929249 1.802913 1.170956
v 3.920749 1.789169 0.921100
v 3.940037 1.816658 0.920444
v 3.931537 1.747936 0.670589
v 3.948537 1.747936 1.170300
v 3.940037 1.734192 0.920444
v 3.940037 1.761680 0.920444
v 3.897536 1.747936 -0.328833
v 3.914536 1.747936 0.170878
v 3.906036 1.734192 -0.078978
v 3.906036 1.761680 -0.078978
v 4.638602 1.802913 -0.604189
v 4.138891 1.802913 -0.587189
v 4.388746 1.789169 -0.595689
v 4.388746 1.816658 -0.595689
v 4.638602 1.747936 -0.604189
v 4.138891 1.747936 -0.587189
v 4.388746 1.734192 -0.595689
v 4.388746 1.761680 -0.595689
v 5.638023 1.747936 -0.638190
v 5.138312 1.747936 -0.621190
v 5.388168 1.734192 -0.629690
v 5.388168 1.761680 -0.629690
v 5.913380 1.802913 0.102876
v 5.896379 1.802913 -0.396835
v 5.904880 1.789169 -0.146980
v 5.904880 1.816658 -0.146980
v 5.913380 1.747936 0.102876
v 5.896379 1.747936 -0.396835
v 5.904880 1.734192 -0.146980
v 5.904880 1.761680 -0.146980
v 5.947381 1.747936 1.102297
v 5.930380 1.747936 0.602587
v 5.938880 1.734192 0.852442
v 5.938880 1.761680 0.852442
v 4.655602 1.720447 -0.104478
v 4.155891 1.720447 -0.087478
v 4.414247 1.720447 0.153877
v 4.397246 1.720447 -0.345834
v 4.689603 1.720447 0.894943
v 4.189892 1.720447 0.911944
v 4.448248 1.720447 1.153299
v 4.431248 1.720447 0.653588
v 5.689025 1.720447 0.860942
v 5.189314 1.720447 0.877943
v 5.447670 1.720447 1.119298
v 5.430669 1.720447 0.619587
v 4.689603 1.830402 0.894943
v 4.189892 1.830402 0.911944
v 4.431248 1.830402 0.653588
v 4.448248 1.830402 1.153299
v 4.655602 1.830402 -0.104478
v 4.155891 1.830402 -0.087478
v 4.397246 1.830402 -0.345834
v 4.414247 1.830402 0.153877
v 5.655024 1.830402 -0.138480
v 5.155313 1.830402 -0.121479
v 5.396668 1.830402 -0.379835
v 5.413669 1.830402 0.119876
v 5.689025 1.830402 0.860942
v 5.189314 1.830402 0.877943
v 5.430669 1.830402 0.619587
v 5.447670 1.830402 1.119298
v 5.655024 1.720447 -0.138480
v 5.155313 1.720447 -0.121479
v 5.413669 1.720447 0.119876
v 5.396668 1.720447 -0.379835
v 5.947381 1.802913 1.102297
v 5.930380 1.802913 0.602587
v 5.938880 1.789169 0.852442
v 5.938880 1.816658 0.852442
v 5.638023 1.802913 -0.638190
v 5.138312 1.802913 -0.621190
v 5.388168 1.789169 -0.629690
v 5.388168 1.816658 -0.629690
v 3.878247 1.802913 -0.328177
v 3.895248 1.802913 0.171534
v 3.886748 1.789169 -0.078321
v 3.906036 1.816658 -0.078978
v 4.206893 1.802913 1.411655
v 4.706604 1.802913 1.394654
v 4.456748 1.789169 1.403154
v 4.456748 1.816658 1.403154
v 4.706604 1.816658 1.394654
v 4.706604 1.789169 1.394654
v 4.206893 1.789169 1.411655
v 3.914536 1.816658 0.170878
v 3.895248 1.789169 0.171534
v 3.878247 1.789169 -0.328177
v 5.138312 1.816658 -0.621190
v 5.138312 1.789169 -0.621190
v 5.638023 1.789169 -0.638190
v 5.930380 1.816658 0.602587
v 5.930380 1.789169 0.602587
v 5.947381 1.789169 1.102297
v 5.146813 1.720447 -0.371334
v 5.163814 1.720447 0.128376
v 5.663524 1.720447 0.111376
v 5.197814 1.830402 1.127798
v 5.180814 1.830402 0.628087
v 5.680525 1.830402 0.611087
v 5.163814 1.830402 0.128376
v 5.146813 1.830402 -0.371334
v 4.164392 1.830402 0.162378
v 4.147391 1.830402 -0.337333
v 4.647102 1.830402 -0.354334
v 4.198393 1.830402 1.161799
v 4.181392 1.830402 0.662088
v 4.681103 1.830402 0.645088
v 5.180814 1.720447 0.628087
v 5.197814 1.720447 1.127798
v 4.181392 1.720447 0.662088
v 4.698103 1.720447 1.144799
v 4.164392 1.720447 0.162378
v 4.664103 1.720447 0.145377
v 5.930380 1.761680 0.602587
v 5.930380 1.734192 0.602587
v 5.947381 1.734192 1.102297
v 5.896379 1.761680 -0.396835
v 5.896379 1.734192 -0.396835
v 5.913380 1.734192 0.102876
v 5.896379 1.816658 -0.396835
v 5.896379 1.789169 -0.396835
v 5.913380 1.789169 0.102876
v 5.138312 1.761680 -0.621190
v 5.138312 1.734192 -0.621190
v 5.638023 1.734192 -0.638190
v 4.138891 1.761680 -0.587189
v 4.138891 1.734192 -0.587189
v 4.638602 1.734192 -0.604189
v 4.138891 1.816658 -0.587189
v 4.138891 1.789169 -0.587189
v 4.638602 1.789169 -0.604189
v 3.914536 1.761680 0.170878
v 3.914536 1.734192 0.170878
v 3.897536 1.734192 -0.328833
v 3.948537 1.761680 1.170300
v 3.948537 1.734192 1.170300
v 3.931537 1.734192 0.670589
v 3.948537 1.816658 1.170300
v 3.929249 1.789169 1.170956
v 3.912248 1.789169 0.671245
v 4.706604 1.761680 1.394654
v 4.706604 1.734192 1.394654
v 4.206893 1.734192 1.411655
v 5.706026 1.761680 1.360653
v 5.706026 1.734192 1.360653
v 5.206315 1.734192 1.377654
v 5.706026 1.816658 1.360653
v 5.706026 1.789169 1.360653
v 5.206315 1.789169 1.377654
v 5.206315 1.816658 1.377654
v 5.206315 1.761680 1.377654
v 4.206893 1.761680 1.411655
v 3.931537 1.816658 0.670589
v 3.931537 1.761680 0.670589
v 3.897536 1.761680 -0.328833
v 4.638602 1.816658 -0.604189
v 4.638602 1.761680 -0.604189
v 5.638023 1.761680 -0.638190
v 5.913380 1.816658 0.102876
v 5.913380 1.761680 0.102876
v 5.947381 1.761680 1.102297
v 4.647102 1.720447 -0.354334
v 4.681103 1.720447 0.645088
v 5.680525 1.720447 0.611087
v 4.698103 1.830402 1.144799
v 4.664103 1.830402 0.145377
v 5.663524 1.830402 0.111376
v 5.947381 1.816658 1.102297
v 5.638023 1.816658 -0.638190
v 3.897536 1.816658 -0.328833
v 4.206893 1.816658 1.411655
v 5.837940 1.720447 1.356165
v 5.857552 1.720447 1.335487
v 5.863951 1.830402 1.335269
v 5.844362 1.830402 1.355947
v 3.956357 1.720447 1.400144
v 3.977058 1.720447 1.419474
v 3.918992 1.830402 1.459374
v 3.903490 1.829332 1.455466
v 3.924072 1.829329 1.474896
v 5.790910 1.720447 -0.623380
v 5.769938 1.720447 -0.642678
v 5.776361 1.830402 -0.642897
v 5.797309 1.830402 -0.623598
v 3.909065 1.720447 -0.579370
v 3.889716 1.720447 -0.558690
v 3.849134 1.830402 -0.594519
v 3.853165 1.829314 -0.611858
v 3.833878 1.829332 -0.591182
v 4.955779 1.720447 1.366166
v 4.956459 1.721547 1.386154
v 5.955201 1.775425 1.332165
v 5.935694 1.775425 1.352840
v 4.902111 1.830402 1.425767
v 4.903370 1.829327 1.441572
v 3.954816 1.775425 1.400231
v 3.977093 1.775425 1.419473
v 3.943025 1.720447 0.420053
v 3.923036 1.721547 0.420733
v 3.887258 1.830402 0.421950
v 3.871623 1.829329 0.422482
v 3.889819 1.775425 -0.578715
v 3.870428 1.775425 -0.558024
v 4.889137 1.720447 -0.592701
v 4.888457 1.721547 -0.612690
v 4.832503 1.830402 -0.627869
v 4.832438 1.829313 -0.645171
v 5.888559 1.775425 -0.626702
v 5.867692 1.775425 -0.646004
v 5.901489 1.720447 0.353425
v 5.921880 1.721547 0.352731
v 5.901534 1.830402 0.353423
v 5.921880 1.829303 0.352731
v 5.455490 1.720447 1.349165
v 5.456170 1.721547 1.369153
v 5.955201 1.802913 1.332165
v 5.935667 1.802913 1.352841
v 4.402380 1.830402 1.442892
v 4.403653 1.829328 1.458579
v 3.956356 1.747936 1.400136
v 3.977068 1.747936 1.419474
v 3.960025 1.720447 0.919764
v 3.940037 1.721547 0.920444
v 3.870257 1.830402 -0.077760
v 3.854622 1.829329 -0.077229
v 3.909078 1.747936 -0.579370
v 3.889716 1.747936 -0.558687
v 4.389426 1.720447 -0.575701
v 4.388746 1.721547 -0.595689
v 5.388842 1.830402 -0.609888
v 5.388168 1.829304 -0.629690
v 5.888559 1.747936 -0.626702
v 5.867653 1.747936 -0.646003
v 5.884423 1.720447 -0.146284
v 5.904880 1.721547 -0.146980
v 5.918477 1.830402 0.853136
v 5.938880 1.829303 0.852442
v 4.456069 1.720447 1.383166
v 4.456748 1.721547 1.403154
v 5.955201 1.747936 1.332165
v 5.935655 1.747936 1.352841
v 5.455499 1.830402 1.349419
v 5.456170 1.829307 1.369153
v 3.954812 1.802913 1.400198
v 3.977129 1.802913 1.419472
v 3.926024 1.720447 -0.079658
v 3.906036 1.721547 -0.078978
v 3.904258 1.830402 0.921661
v 3.888623 1.829329 0.922193
v 3.889858 1.802913 -0.578717
v 3.870428 1.802913 -0.558010
v 5.388848 1.720447 -0.609702
v 5.388168 1.721547 -0.629690
v 4.332772 1.830402 -0.610948
v 4.332724 1.829313 -0.628172
v 5.888559 1.802913 -0.626702
v 5.867665 1.802913 -0.646003
v 5.918424 1.720447 0.853138
v 5.938880 1.721547 0.852442
v 5.884476 1.830402 -0.146286
v 5.904880 1.829303 -0.146980
v 5.610353 1.720447 1.343897
v 5.630392 1.719348 1.343215
v 5.650959 1.721547 1.362527
v 5.935628 1.816658 1.352842
v 5.955201 1.816658 1.332165
v 4.153796 1.829328 1.467080
v 4.152521 1.830402 1.451420
v 3.977062 1.734192 1.419474
v 3.956357 1.734192 1.400141
v 3.967845 1.720447 1.149631
v 3.968526 1.719348 1.169620
v 3.949217 1.721547 1.190288
v 3.846122 1.829329 -0.327084
v 3.861757 1.830402 -0.327616
v 3.889716 1.734192 -0.558689
v 3.909070 1.734192 -0.579370
v 4.159559 1.720447 -0.567880
v 4.139571 1.719348 -0.567200
v 4.118902 1.721547 -0.586509
v 5.547545 1.830402 -0.615280
v 5.567577 1.831502 -0.615782
v 5.586810 1.829304 -0.636448
v 5.867607 1.734192 -0.646001
v 5.888559 1.734192 -0.626702
v 5.786727 1.720447 -0.373093
v 5.778808 1.719348 -0.392835
v 5.804389 1.721339 -0.413648
v 5.842313 1.830402 1.085860
v 5.836191 1.831502 1.106080
v 5.862878 1.829488 1.125128
v 4.706604 1.721547 1.394654
v 4.705924 1.720447 1.374666
v 5.935683 1.761680 1.352840
v 5.955201 1.761680 1.332165
v 5.206315 1.829308 1.377654
v 5.205644 1.830402 1.357949
v 3.957821 1.789169 1.420128
v 3.937067 1.789169 1.400761
v 3.914536 1.721547 0.170878
v 3.934525 1.720447 0.170198
v 3.880123 1.829329 0.672338
v 3.895758 1.830402 0.671806
v 3.888174 1.789169 -0.558680
v 3.909125 1.789169 -0.579372
v 5.138312 1.721547 -0.621190
v 5.138993 1.720447 -0.601201
v 4.582581 1.829313 -0.636672
v 4.582635 1.830402 -0.619416
v 5.867687 1.789169 -0.646004
v 5.888559 1.789169 -0.626702
v 5.930380 1.721547 0.602587
v 5.909973 1.720447 0.603281
v 5.913380 1.829303 0.102876
v 5.893020 1.830402 0.103568
v 5.206315 1.721547 1.377654
v 5.205635 1.720447 1.357665
v 5.935688 1.789169 1.352840
v 5.955201 1.789169 1.332165
v 4.653511 1.829327 1.450076
v 4.652244 1.830402 1.434342
v 3.977078 1.761680 1.419473
v 3.956356 1.761680 1.400129
v 3.931537 1.721547 0.670589
v 3.951525 1.720447 0.669909
v 3.863123 1.829329 0.172627
v 3.878757 1.830402 0.172095
v 3.889716 1.761680 -0.558684
v 3.909091 1.761680 -0.579371
v 4.638602 1.721547 -0.604189
v 4.639282 1.720447 -0.584201
v 5.138312 1.829305 -0.621190
v 5.138986 1.830402 -0.601410
v 5.867681 1.761680 -0.646003
v 5.888559 1.761680 -0.626702
v 5.913380 1.721547 0.102876
v 5.892972 1.720447 0.103570
v 5.930380 1.829303 0.602587
v 5.910020 1.830402 0.603279
v 4.186904 1.721547 1.412335
v 4.206213 1.719348 1.391666
v 4.226201 1.720447 1.390986
v 5.935608 1.734192 1.352843
v 5.955201 1.734192 1.332165
v 5.614201 1.830402 1.344010
v 5.654812 1.829307 1.362396
v 5.634219 1.831502 1.343085
v 3.977154 1.816658 1.419471
v 3.956354 1.816658 1.400060
v 3.896856 1.721547 -0.348821
v 3.917524 1.719348 -0.329513
v 3.918204 1.720447 -0.309525
v 3.897124 1.829329 1.172049
v 3.912758 1.830402 1.171517
v 3.889717 1.816658 -0.558655
v 3.909173 1.816658 -0.579374
v 5.543711 1.720447 -0.614970
v 5.582957 1.721547 -0.636317
v 5.563749 1.719348 -0.615652
v 4.082868 1.829314 -0.619672
v 4.082912 1.830402 -0.602466
v 5.867626 1.816658 -0.646002
v 5.888559 1.816658 -0.626702
v 5.856746 1.721339 1.125323
v 5.829809 1.719348 1.106297
v 5.836369 1.720447 1.086063
v 5.810520 1.829488 -0.413869
v 5.785189 1.831502 -0.393052
v 5.792672 1.830402 -0.373295
v 5.595386 1.831502 -0.386595
v 5.574718 1.831502 -0.405904
v 5.556051 1.830402 -0.365245
v 5.642560 1.719348 1.112668
v 5.623251 1.719348 1.133336
v 5.601852 1.720447 1.094041
v 4.178404 1.719348 1.162479
v 4.217701 1.720447 1.141131
v 4.199073 1.719348 1.181788
v 4.127403 1.719348 -0.336653
v 4.146711 1.719348 -0.357322
v 4.168059 1.720447 -0.318025
v 5.646388 1.831502 1.112538
v 5.605693 1.830402 1.093910
v 5.627079 1.831502 1.133206
v 5.591558 1.719348 -0.386465
v 5.552211 1.720447 -0.365115
v 5.570889 1.719348 -0.405773
v 5.657974 3.897666 -0.638869
v 5.638666 3.897666 -0.618201
v 5.658692 3.898765 -0.618882
v 5.867573 3.897666 -0.646000
v 5.868570 3.898765 -0.626022
v 5.888510 3.897666 -0.626701
v 5.948012 3.897666 1.122288
v 5.927344 3.897666 1.102979
v 5.928072 3.898765 1.122966
v 5.955153 3.897666 1.332166
v 5.935213 3.898765 1.332844
v 5.935575 3.897666 1.352844
v 5.725976 3.897666 1.359975
v 5.725334 3.898765 1.339985
v 5.705308 3.897666 1.340666
v 5.895651 3.897666 -0.416822
v 5.875710 3.898765 -0.416144
v 5.876342 3.897666 -0.396153
v 5.666474 3.897666 -0.389014
v 5.665832 3.898765 -0.409003
v 5.645806 3.897666 -0.408322
v 5.717476 3.897666 1.110119
v 5.698167 3.897666 1.130787
v 5.718194 3.898765 1.130106
v 5.725964 0.087254 1.359975
v 5.705295 0.087254 1.340667
v 5.725334 0.086155 1.339985
v 5.935535 0.087254 1.352845
v 5.935213 0.086155 1.332844
v 5.955135 0.087254 1.332167
v 3.949217 0.087254 1.190288
v 3.968526 0.087254 1.169620
v 3.969206 0.086155 1.189608
v 3.956357 0.087254 1.400144
v 3.976346 0.086155 1.399487
v 3.977057 0.087254 1.419474
v 4.118902 0.087254 -0.586509
v 4.139571 0.087254 -0.567200
v 4.119582 0.086155 -0.566520
v 3.909063 0.087254 -0.579370
v 3.909704 0.086155 -0.559380
v 3.889716 0.087254 -0.558691
v 5.895634 0.087254 -0.416821
v 5.876325 0.087254 -0.396153
v 5.875710 0.086155 -0.416144
v 5.888493 0.087254 -0.626700
v 5.868570 0.086155 -0.626022
v 5.867533 0.087254 -0.645998
v 4.186904 0.087254 1.412335
v 4.186224 0.086155 1.392346
v 4.206213 0.087254 1.391666
v 3.896856 0.087254 -0.348821
v 3.916844 0.086155 -0.349502
v 3.917524 0.087254 -0.329513
v 5.657961 0.087254 -0.638869
v 5.658692 0.086155 -0.618882
v 5.638653 0.087254 -0.618200
v 5.947995 0.087254 1.122288
v 5.928072 0.086155 1.122966
v 5.927327 0.087254 1.102980
v 5.717463 0.087254 1.110119
v 5.718194 0.086155 1.130106
v 5.698155 0.087254 1.130788
v 4.178404 0.087254 1.162479
v 4.199073 0.087254 1.181788
v 4.179084 0.086155 1.182468
v 4.127403 0.087254 -0.336653
v 4.126723 0.086155 -0.356642
v 4.146711 0.087254 -0.357322
v 5.666462 0.087254 -0.389013
v 5.645793 0.087254 -0.408322
v 5.665832 0.086155 -0.409003
vn -0.0000 1.0000 -0.0000
vn -0.0000 -1.0000 -0.0000
vn 0.9994 -0.0000 -0.0340
vn -0.0340 -0.0000 -0.9994
vn -0.5798 -0.8146 0.0197
vn 0.0340 -0.0000 0.9994
vn -0.9994 -0.0000 0.0340
vn -0.5798 0.8145 0.0197
vn -0.0934 0.9907 0.0991
vn -0.0877 0.9927 -0.0827
vn -0.0485 -0.9853 0.1638
vn -0.1642 -0.9852 -0.0486
vn 0.0486 -0.9852 -0.1642
vn -0.0581 0.9856 -0.1589
vn 0.0924 -0.9955 0.0184
vn 0.0935 0.9953 -0.0258
vn 0.0597 -0.9852 0.1606
vn -0.0467 0.9857 0.1618
vn -0.1606 -0.9852 0.0597
vn -0.0595 -0.9853 -0.1602
vn 0.0910 -0.9955 -0.0246
vn 0.0951 0.9953 0.0194
vn -0.0177 0.9997 0.0189
vn -0.0189 -0.9997 -0.0177
vn 0.0177 -0.9997 -0.0189
vn 0.0189 -0.9997 0.0177
vn -0.0189 0.9997 -0.0177
vn -0.0177 -0.9997 0.0189
vn -0.0565 0.9970 -0.0528
vn 0.0530 0.9969 -0.0575
vn 0.0530 0.9970 -0.0568
vn 0.0568 0.9969 0.0538
vn -0.0528 0.9970 0.0565
vn 0.0568 0.9970 0.0530
vn -0.0528 -0.9970 0.0565
vn 0.0569 -0.9969 0.0539
vn -0.0566 -0.9970 -0.0529
vn -0.0530 -0.9970 0.0567
vn 0.0529 -0.9970 -0.0567
vn -0.0567 -0.9970 -0.0530
vn 0.0568 -0.9970 0.0531
vn 0.0531 -0.9969 -0.0576
vn 0.0566 -0.9970 0.0529
vn -0.0529 -0.9970 0.0567
vn -0.0565 -0.9970 -0.0528
vn 0.0531 -0.9970 -0.0568
vn 0.1522 0.9778 0.1441
vn 0.0023 0.9977 0.0682
vn -0.6825 0.0002 0.7309
vn -0.0684 0.9977 0.0032
vn -0.7301 0.0002 -0.6833
vn 0.1331 -0.9805 -0.1445
vn 0.0019 -0.9985 0.0549
vn 0.7272 -0.0006 0.6865
vn 0.0123 0.9984 0.0551
vn -0.5048 -0.6727 0.5409
vn -0.0549 -0.9985 0.0019
vn -0.0684 0.9977 0.0023
vn -0.5087 0.6899 -0.5151
vn -0.0019 -0.9985 -0.0549
vn -0.0021 0.9980 -0.0630
vn 0.6789 0.0003 -0.7342
vn 0.0537 -0.9986 -0.0018
vn 0.0539 0.9985 -0.0018
vn 0.7273 -0.0000 0.6864
vn 0.0023 0.9977 0.0680
vn -0.6824 0.0005 0.7310
vn -0.7299 0.0007 -0.6836
vn -0.0019 0.9985 -0.0553
vn 0.6788 -0.0000 -0.7343
vn 0.7259 -0.0024 0.6878
vn 0.0019 0.9985 0.0553
vn -0.6823 0.0013 0.7311
vn -0.5176 0.7041 -0.4861
vn -0.0021 0.9980 -0.0631
vn 0.6778 0.0020 -0.7352
vn 0.0286 -0.9996 0.0079
vn 0.0293 0.9995 -0.0096
vn 0.7269 -0.0000 0.6867
vn 0.0023 0.9977 0.0681
vn -0.6824 0.0003 0.7309
vn -0.7300 0.0004 -0.6834
vn 0.6783 -0.0000 -0.7348
vn 0.0529 -0.9983 -0.0228
vn 0.0544 0.9984 0.0178
vn 0.7267 -0.0014 0.6870
vn -0.4729 0.6904 0.5475
vn -0.5399 -0.6723 -0.5066
vn 0.6786 0.0011 -0.7346
vn 0.0536 -0.9986 -0.0018
vn 0.0537 0.9986 -0.0018
vn 0.7274 -0.0000 0.6863
vn 0.0023 0.9977 0.0677
vn -0.6517 -0.0786 0.7544
vn -0.5183 -0.7039 -0.4857
vn 0.0050 0.9980 -0.0629
vn 0.6790 -0.0000 -0.7341
vn 0.0538 -0.9986 -0.0018
vn 0.1426 -0.9805 0.1352
vn -0.1122 -0.9866 0.1187
vn -0.0693 0.9976 0.0015
vn -0.1445 -0.9804 -0.1339
vn -0.0021 0.9980 -0.0632
vn 0.1420 0.9778 -0.1541
vn 0.0019 0.9985 0.0549
vn -0.0548 0.9985 0.0019
vn -0.0547 -0.9985 0.0019
vn 0.0549 -0.9985 -0.0019
vn -0.0019 0.9985 -0.0549
vn 0.0550 0.9985 -0.0019
vn -0.7305 0.0243 -0.6825
vn 0.6823 -0.0312 -0.7304
vn 0.7256 -0.0310 0.6874
vn -0.6825 0.0243 0.7305
vn 0.6772 -0.0310 -0.7351
vn 0.7304 -0.0312 0.6823
vn 0.0550 -0.9985 -0.0019
vn 0.7307 -0.0000 0.6827
vn 0.6827 -0.0000 -0.7307
vn 0.6292 0.0336 0.7766
vn 0.6767 0.0419 -0.7350
vn 0.7249 0.0419 0.6875
vn 0.6820 0.0422 -0.7301
vn -0.7304 -0.0325 -0.6823
vn -0.6823 -0.0325 0.7304
vn -0.7307 -0.0000 -0.6827
vn -0.6825 -0.0000 0.7309
vn -0.7302 -0.0000 -0.6832
vn -0.6827 -0.0000 0.7307
vn 0.1392 -0.9903 -0.0047
vn 0.9984 0.0558 -0.0036
vn 0.1488 0.9889 -0.0051
vn 0.9984 -0.0441 -0.0340
vn 0.0078 -0.9732 0.2300
vn -0.2390 -0.9710 0.0081
vn 0.9976 0.0597 -0.0339
vn 0.9972 -0.0411 -0.0630
vn -0.0117 -0.9384 -0.3453
vn -0.6096 -0.7898 0.0680
vn -0.9932 -0.1116 0.0338
vn 0.1480 -0.9875 -0.0550
vn -0.5777 0.8137 0.0644
vn -0.6127 -0.7898 -0.0264
vn 0.1514 -0.9875 0.0448
vn -0.9984 -0.0459 0.0340
vn -0.9988 0.0344 0.0340
vn -0.5798 -0.8145 0.0197
vn -0.5798 0.8146 0.0197
vn 0.0023 0.9977 0.0683
vn -0.6825 0.0001 0.7309
vn -0.0693 0.9976 0.0033
vn -0.7302 0.0001 -0.6832
vn 0.1331 -0.9805 -0.1446
vn 0.0142 0.9977 0.0668
vn -0.4733 -0.6898 0.5479
vn -0.5398 0.6728 -0.5059
vn -0.0021 0.9980 -0.0628
vn 0.7269 0.0011 0.6867
vn -0.6824 0.0004 0.7309
vn -0.7300 0.0002 -0.6834
vn 0.6783 -0.0014 -0.7348
vn 0.7267 -0.0000 0.6870
vn -0.6515 0.0806 0.7544
vn -0.5179 0.7040 -0.4860
vn 0.6786 -0.0000 -0.7346
vn 0.0543 -0.9983 0.0191
vn 0.0531 0.9984 -0.0215
vn 0.7262 0.0020 0.6874
vn -0.7301 0.0001 -0.6833
vn 0.6775 -0.0024 -0.7355
vn 0.0280 -0.9996 -0.0098
vn 0.0298 0.9995 0.0076
vn 0.7272 -0.0000 0.6865
vn 0.0019 0.9985 0.0554
vn -0.5044 0.6734 0.5405
vn -0.5092 -0.6892 -0.5156
vn 0.6789 -0.0000 -0.7342
vn 0.7273 0.0003 0.6864
vn -0.6824 0.0007 0.7310
vn -0.5185 -0.7038 -0.4856
vn 0.0048 0.9984 -0.0556
vn 0.6788 -0.0006 -0.7343
vn 0.1426 -0.9805 0.1351
vn -0.1112 -0.9866 0.1191
vn -0.0684 0.9977 0.0015
vn -0.1434 -0.9805 -0.1347
vn 0.5795 -0.0250 -0.8146
vn 0.7258 -0.0310 0.6872
vn 0.6774 -0.0310 -0.7349
vn 0.6335 -0.0250 0.7733
vn 0.7301 0.0422 0.6820
vn 0.6765 0.0419 -0.7352
vn 0.7251 0.0419 0.6873
vn 0.5749 0.0336 -0.8175
vn 0.9991 -0.0411 -0.0049
vn -0.2280 -0.9736 0.0051
vn 0.9964 0.0558 -0.0643
vn -0.2272 -0.9738 0.0105
vn 0.0579 -0.9597 0.2749
vn -0.5777 -0.8137 0.0644
vn -0.6127 0.7899 -0.0264
vn 0.0322 -0.9113 -0.4105
vn 0.1617 0.9858 0.0444
vn -0.6096 0.7898 0.0680
vn -0.9932 0.1118 0.0338
vn 0.1583 0.9858 -0.0553
vt 0.750000 0.593750
vt 0.718750 0.625000
vt 0.718750 0.593750
vt 0.250000 0.593750
vt 0.218750 0.625000
vt 0.218750 0.593750
vt 0.500000 0.843750
vt 0.468750 0.875000
vt 0.468750 0.843750
vt 0.500000 0.593750
vt 0.468750 0.625000
vt 0.468750 0.593750
vt 0.500000 0.343750
vt 0.468750 0.375000
vt 0.468750 0.343750
vt 0.500000 0.093750
vt 0.468750 0.125000
vt 0.468750 0.093750
vt 0.562500 0.093750
vt 0.531250 0.125000
vt 0.531250 0.093750
vt 0.562500 0.031250
vt 0.531250 0.062500
vt 0.531250 0.031250
vt 0.437500 0.093750
vt 0.406250 0.125000
vt 0.406250 0.093750
vt 0.437500 0.031250
vt 0.406250 0.062500
vt 0.406250 0.031250
vt 0.500000 0.031250
vt 0.468750 0.062500
vt 0.468750 0.031250
vt 0.437500 0.156250
vt 0.406250 0.187500
vt 0.406250 0.156250
vt 0.500000 0.156250
vt 0.468750 0.187500
vt 0.468750 0.156250
vt 0.562500 0.343750
vt 0.531250 0.375000
vt 0.531250 0.343750
vt 0.562500 0.281250
vt 0.531250 0.312500
vt 0.531250 0.281250
vt 0.437500 0.343750
vt 0.406250 0.375000
vt 0.406250 0.343750
vt 0.437500 0.281250
vt 0.406250 0.312500
vt 0.406250 0.281250
vt 0.500000 0.281250
vt 0.468750 0.312500
vt 0.468750 0.281250
vt 0.437500 0.406250
vt 0.406250 0.437500
vt 0.406250 0.406250
vt 0.500000 0.406250
vt 0.468750 0.437500
vt 0.468750 0.406250
vt 0.562500 0.593750
vt 0.531250 0.625000
vt 0.531250 0.593750
vt 0.562500 0.531250
vt 0.531250 0.562500
vt 0.531250 0.531250
vt 0.437500 0.593750
vt 0.406250 0.625000
vt 0.406250 0.593750
vt 0.437500 0.531250
vt 0.406250 0.562500
vt 0.406250 0.531250
vt 0.500000 0.531250
vt 0.468750 0.562500
vt 0.468750 0.531250
vt 0.437500 0.656250
vt 0.406250 0.687500
vt 0.406250 0.656250
vt 0.500000 0.656250
vt 0.468750 0.687500
vt 0.468750 0.656250
vt 0.562500 0.843750
vt 0.531250 0.875000
vt 0.531250 0.843750
vt 0.562500 0.781250
vt 0.531250 0.812500
vt 0.531250 0.781250
vt 0.437500 0.843750
vt 0.406250 0.875000
vt 0.406250 0.843750
vt 0.437500 0.781250
vt 0.406250 0.812500
vt 0.406250 0.781250
vt 0.500000 0.781250
vt 0.468750 0.812500
vt 0.468750 0.781250
vt 0.437500 0.906250
vt 0.406250 0.937500
vt 0.406250 0.906250
vt 0.500000 0.906250
vt 0.468750 0.937500
vt 0.468750 0.906250
vt 0.312500 0.593750
vt 0.281250 0.625000
vt 0.281250 0.593750
vt 0.312500 0.531250
vt 0.281250 0.562500
vt 0.281250 0.531250
vt 0.187500 0.593750
vt 0.156250 0.625000
vt 0.156250 0.593750
vt 0.250000 0.531250
vt 0.218750 0.562500
vt 0.218750 0.531250
vt 0.187500 0.656250
vt 0.156250 0.687500
vt 0.156250 0.656250
vt 0.250000 0.656250
vt 0.218750 0.687500
vt 0.218750 0.656250
vt 0.812500 0.593750
vt 0.781250 0.625000
vt 0.781250 0.593750
vt 0.812500 0.531250
vt 0.781250 0.562500
vt 0.781250 0.531250
vt 0.687500 0.593750
vt 0.656250 0.625000
vt 0.656250 0.593750
vt 0.687500 0.531250
vt 0.656250 0.562500
vt 0.656250 0.531250
vt 0.750000 0.531250
vt 0.718750 0.562500
vt 0.718750 0.531250
vt 0.687500 0.656250
vt 0.656250 0.687500
vt 0.656250 0.656250
vt 0.750000 0.656250
vt 0.718750 0.687500
vt 0.718750 0.656250
vt 0.812500 0.656250
vt 0.781250 0.687500
vt 0.781250 0.656250
vt 0.312500 0.656250
vt 0.281250 0.687500
vt 0.281250 0.656250
vt 0.562500 0.906250
vt 0.531250 0.937500
vt 0.531250 0.906250
vt 0.562500 0.656250
vt 0.531250 0.687500
vt 0.531250 0.656250
vt 0.562500 0.406250
vt 0.531250 0.437500
vt 0.531250 0.406250
vt 0.562500 0.156250
vt 0.531250 0.187500
vt 0.531250 0.156250
vt 0.593750 0.156250
vt 0.562500 0.187500
vt 0.593750 0.125000
vt 0.562500 0.125000
vt 0.500000 0.187500
vt 0.500000 0.125000
vt 0.500000 0.218750
vt 0.531250 0.218750
vt 0.593750 0.406250
vt 0.562500 0.437500
vt 0.593750 0.375000
vt 0.562500 0.375000
vt 0.500000 0.437500
vt 0.500000 0.375000
vt 0.500000 0.468750
vt 0.531250 0.468750
vt 0.593750 0.656250
vt 0.562500 0.687500
vt 0.593750 0.625000
vt 0.562500 0.625000
vt 0.500000 0.687500
vt 0.500000 0.625000
vt 0.500000 0.718750
vt 0.531250 0.718750
vt 0.593750 0.906250
vt 0.562500 0.937500
vt 0.593750 0.875000
vt 0.562500 0.875000
vt 0.500000 0.937500
vt 0.500000 0.875000
vt 0.500000 0.968750
vt 0.531250 0.968750
vt 0.343750 0.656250
vt 0.312500 0.687500
vt 0.343750 0.625000
vt 0.312500 0.625000
vt 0.250000 0.687500
vt 0.250000 0.625000
vt 0.250000 0.718750
vt 0.281250 0.718750
vt 0.843750 0.656250
vt 0.812500 0.687500
vt 0.843750 0.625000
vt 0.812500 0.625000
vt 0.750000 0.687500
vt 0.750000 0.625000
vt 0.750000 0.718750
vt 0.781250 0.718750
vt 0.687500 0.687500
vt 0.687500 0.625000
vt 0.687500 0.562500
vt 0.843750 0.531250
vt 0.812500 0.562500
vt 0.750000 0.562500
vt 0.187500 0.687500
vt 0.187500 0.625000
vt 0.187500 0.562500
vt 0.187500 0.531250
vt 0.156250 0.562500
vt 0.250000 0.562500
vt 0.312500 0.562500
vt 0.437500 0.937500
vt 0.437500 0.875000
vt 0.406250 0.968750
vt 0.437500 0.812500
vt 0.593750 0.781250
vt 0.562500 0.812500
vt 0.500000 0.812500
vt 0.437500 0.687500
vt 0.437500 0.625000
vt 0.406250 0.718750
vt 0.437500 0.562500
vt 0.593750 0.531250
vt 0.562500 0.562500
vt 0.500000 0.562500
vt 0.437500 0.437500
vt 0.437500 0.375000
vt 0.406250 0.468750
vt 0.437500 0.312500
vt 0.593750 0.281250
vt 0.562500 0.312500
vt 0.500000 0.312500
vt 0.437500 0.187500
vt 0.437500 0.125000
vt 0.406250 0.218750
vt 0.437500 0.062500
vt 0.593750 0.031250
vt 0.562500 0.062500
vt 0.500000 0.062500
vt 0.593750 0.093750
vt 0.593750 0.062500
vt 0.437500 0.218750
vt 0.468750 0.218750
vt 0.593750 0.343750
vt 0.593750 0.312500
vt 0.437500 0.468750
vt 0.468750 0.468750
vt 0.593750 0.593750
vt 0.593750 0.562500
vt 0.437500 0.718750
vt 0.468750 0.718750
vt 0.593750 0.843750
vt 0.593750 0.812500
vt 0.437500 0.968750
vt 0.468750 0.968750
vt 0.343750 0.593750
vt 0.343750 0.562500
vt 0.187500 0.718750
vt 0.218750 0.718750
vt 0.843750 0.593750
vt 0.843750 0.562500
vt 0.687500 0.718750
vt 0.718750 0.718750
vt 0.593750 0.937500
vt 0.562500 0.968750
vt 0.593750 0.687500
vt 0.562500 0.718750
vt 0.593750 0.437500
vt 0.562500 0.468750
vt 0.593750 0.187500
vt 0.562500 0.218750
vt 0.624814 0.249049
vt 0.622432 0.251582
vt 0.622559 0.247482
vt 0.625959 0.500111
vt 0.622386 0.501890
vt 0.622566 0.497766
vt 0.375000 0.031250
vt 0.376000 0.028803
vt 0.375000 0.281250
vt 0.375000 0.281250
vt 0.376000 0.278750
vt 0.372500 0.533750
vt 0.372500 0.531250
vt 0.376667 0.528750
vt 0.627478 0.715254
vt 0.627500 0.718750
vt 0.623336 0.721040
vt 0.341875 0.747510
vt 0.343750 0.747251
vt 0.343750 0.750000
vt 0.625000 0.967074
vt 0.625000 0.968750
vt 0.623586 0.970799
vt 0.376000 0.221250
vt 0.375000 0.218750
vt 0.625000 0.034746
vt 0.623261 0.029314
vt 0.625000 0.031250
vt 0.343750 0.500000
vt 0.343750 0.502500
vt 0.341875 0.502500
vt 0.372500 0.715178
vt 0.376250 0.721141
vt 0.372500 0.718750
vt 0.375831 0.971222
vt 0.375000 0.968750
vt 0.623303 0.779290
vt 0.625000 0.781250
vt 0.625000 0.782926
vt 0.656250 0.721468
vt 0.653750 0.718750
vt 0.658750 0.715198
vt 0.156250 0.721499
vt 0.153750 0.718750
vt 0.158750 0.715119
vt 0.156250 0.528750
vt 0.158750 0.533750
vt 0.153750 0.531250
vt 0.343750 0.528750
vt 0.346250 0.531250
vt 0.341250 0.533750
vt 0.843750 0.721468
vt 0.841250 0.715179
vt 0.846250 0.718750
vt 0.343750 0.721498
vt 0.341250 0.715099
vt 0.346250 0.718750
vt 0.625000 0.721250
vt 0.627500 0.721250
vt 0.625000 0.748099
vt 0.626250 0.750000
vt 0.625000 0.752500
vt 0.625000 0.971250
vt 0.625000 0.971250
vt 0.625000 0.000000
vt 0.625000 0.002500
vt 0.625000 0.002534
vt 0.625000 0.028750
vt 0.625000 0.028750
vt 0.656250 0.750000
vt 0.654583 0.747500
vt 0.656250 0.747500
vt 0.656250 0.721250
vt 0.653750 0.721250
vt 0.653750 0.718750
vt 0.843750 0.721250
vt 0.846250 0.718750
vt 0.846250 0.721250
vt 0.125000 0.721244
vt 0.127500 0.718750
vt 0.127500 0.721250
vt 0.125000 0.747455
vt 0.127500 0.747500
vt 0.127500 0.749996
vt 0.153750 0.500000
vt 0.156250 0.502500
vt 0.153750 0.502500
vt 0.127503 0.500000
vt 0.127500 0.502500
vt 0.125000 0.502504
vt 0.375000 0.528750
vt 0.372500 0.528750
vt 0.375000 0.502505
vt 0.372500 0.502500
vt 0.373749 0.498749
vt 0.345417 0.749997
vt 0.343750 0.747497
vt 0.346250 0.747500
vt 0.373750 0.751248
vt 0.372500 0.747500
vt 0.375000 0.747461
vt 0.125000 0.528750
vt 0.127500 0.528750
vt 0.127500 0.531250
vt 0.345417 0.500000
vt 0.346250 0.502500
vt 0.343750 0.502500
vt 0.375000 0.721251
vt 0.372500 0.721250
vt 0.372500 0.718750
vt 0.153750 0.749996
vt 0.153750 0.747500
vt 0.156250 0.747497
vt 0.156250 0.721251
vt 0.153750 0.721250
vt 0.153750 0.718750
vt 0.156250 0.528750
vt 0.153750 0.531250
vt 0.153750 0.528750
vt 0.343750 0.528750
vt 0.346250 0.528750
vt 0.346250 0.531250
vt 0.343750 0.721251
vt 0.346250 0.718750
vt 0.346250 0.721250
vt 0.593750 0.002533
vt 0.593750 0.000000
vt 0.625000 0.218505
vt 0.622558 0.218750
vt 0.406250 0.252503
vt 0.375000 0.247496
vt 0.406250 0.247496
vt 0.625000 0.468750
vt 0.622560 0.468750
vt 0.375000 0.502505
vt 0.406250 0.497499
vt 0.406250 0.502506
vt 0.375000 0.752500
vt 0.406250 0.747464
vt 0.406250 0.752500
vt 0.127500 0.625000
vt 0.125000 0.593750
vt 0.127500 0.593750
vt 0.468750 0.000000
vt 0.500000 0.002525
vt 0.468750 0.002526
vt 0.625000 0.124621
vt 0.622511 0.093750
vt 0.625000 0.093750
vt 0.500000 0.252499
vt 0.531250 0.247669
vt 0.531250 0.252508
vt 0.250000 0.502500
vt 0.281250 0.500000
vt 0.281250 0.502500
vt 0.625000 0.375000
vt 0.622560 0.343750
vt 0.625000 0.343750
vt 0.500000 0.502331
vt 0.531250 0.497504
vt 0.531250 0.502513
vt 0.372500 0.625000
vt 0.377500 0.656250
vt 0.372500 0.656250
vt 0.627203 0.625000
vt 0.622524 0.593750
vt 0.627198 0.593750
vt 0.531250 0.752500
vt 0.500000 0.747475
vt 0.531250 0.747474
vt 0.250000 0.747450
vt 0.218750 0.750000
vt 0.218750 0.747448
vt 0.625000 0.875000
vt 0.622500 0.843750
vt 0.625000 0.843750
vt 0.127500 0.687500
vt 0.125000 0.656250
vt 0.127500 0.656250
vt 0.562500 0.000000
vt 0.531250 0.002526
vt 0.531250 0.000000
vt 0.625000 0.156004
vt 0.622558 0.187500
vt 0.622556 0.156250
vt 0.468750 0.252505
vt 0.437500 0.247495
vt 0.468750 0.247493
vt 0.187500 0.502500
vt 0.218750 0.500000
vt 0.218750 0.502500
vt 0.625000 0.437500
vt 0.622560 0.406250
vt 0.625000 0.406250
vt 0.437500 0.502507
vt 0.468750 0.497498
vt 0.468750 0.502508
vt 0.372500 0.562500
vt 0.377500 0.593750
vt 0.372500 0.593750
vt 0.627474 0.656250
vt 0.622504 0.687500
vt 0.622504 0.656250
vt 0.437500 0.752500
vt 0.468750 0.747474
vt 0.468750 0.752500
vt 0.281250 0.747448
vt 0.312500 0.750000
vt 0.281250 0.750000
vt 0.625000 0.906250
vt 0.622500 0.937500
vt 0.622500 0.906250
vt 0.127500 0.533750
vt 0.125000 0.562500
vt 0.125000 0.531250
vt 0.406250 0.000000
vt 0.437500 0.002530
vt 0.406250 0.002536
vt 0.622510 0.062500
vt 0.593750 0.252513
vt 0.562500 0.247487
vt 0.593750 0.247484
vt 0.312500 0.500000
vt 0.625000 0.312500
vt 0.622560 0.281250
vt 0.625000 0.281250
vt 0.562500 0.502335
vt 0.593750 0.497494
vt 0.593750 0.502519
vt 0.377500 0.687500
vt 0.627194 0.562500
vt 0.622525 0.531250
vt 0.627192 0.531250
vt 0.593750 0.752500
vt 0.562500 0.747472
vt 0.593750 0.747467
vt 0.158750 0.747261
vt 0.187500 0.750000
vt 0.156250 0.750000
vt 0.622500 0.812500
vt 0.127500 0.715178
vt 0.125000 0.687500
vt 0.562500 0.002528
vt 0.625000 0.187255
vt 0.437500 0.252504
vt 0.158750 0.502500
vt 0.187500 0.500000
vt 0.622560 0.437500
vt 0.437500 0.497498
vt 0.377500 0.562500
vt 0.627477 0.687500
vt 0.437500 0.747470
vt 0.312500 0.747441
vt 0.625000 0.937911
vt 0.127500 0.562500
vt 0.437500 0.000000
vt 0.625000 0.062500
vt 0.562500 0.252503
vt 0.312500 0.502500
vt 0.622560 0.312500
vt 0.562500 0.497496
vt 0.372500 0.687500
vt 0.622524 0.562500
vt 0.562500 0.752500
vt 0.187500 0.747441
vt 0.625000 0.812089
vt 0.125000 0.625000
vt 0.500000 0.000000
vt 0.622554 0.125000
vt 0.500000 0.247492
vt 0.250000 0.500000
vt 0.622560 0.375000
vt 0.500000 0.497497
vt 0.377500 0.625000
vt 0.622523 0.625000
vt 0.500000 0.752500
vt 0.250000 0.750000
vt 0.622500 0.875000
vt 0.375000 0.000000
vt 0.375000 0.002791
vt 0.625000 0.752500
vt 0.625000 0.747243
vt 0.658750 0.747289
vt 0.156250 0.502500
vt 0.841250 0.747289
vt 0.872531 0.715254
vt 0.872500 0.718750
vt 0.625000 0.997500
vt 0.625000 0.778750
vt 0.843750 0.747500
vt 0.872500 0.721250
vt 0.625000 0.002757
vt 0.656250 0.747282
vt 0.375000 0.002537
vt 0.375000 0.971250
vt 0.375000 0.968750
vt 0.375000 0.278750
vt 0.375000 0.252503
vt 0.375000 0.247496
vt 0.375000 0.497499
vt 0.375000 0.028749
vt 0.375000 0.221250
vt 0.406250 0.997500
vt 0.375000 0.997500
vt 0.593750 0.997500
vt 0.593750 0.968750
vt 0.625000 0.997500
vt 0.375000 0.252503
vt 0.843750 0.502044
vt 0.872948 0.531250
vt 0.593750 0.218750
vt 0.375000 0.747209
vt 0.376384 0.778791
vt 0.375000 0.778750
vt 0.593750 0.718750
vt 0.376667 0.471250
vt 0.375000 0.471250
vt 0.656250 0.502044
vt 0.593750 0.468750
vt 0.377500 0.156250
vt 0.377500 0.125000
vt 0.377500 0.093750
vt 0.468750 0.997500
vt 0.500000 0.997500
vt 0.872536 0.656250
vt 0.872932 0.625000
vt 0.377500 0.406250
vt 0.377500 0.375000
vt 0.377500 0.343750
vt 0.781250 0.502044
vt 0.750000 0.502044
vt 0.718750 0.502044
vt 0.377500 0.906250
vt 0.377500 0.875000
vt 0.377500 0.843750
vt 0.718750 0.747454
vt 0.781250 0.747454
vt 0.750000 0.747455
vt 0.377500 0.062500
vt 0.531250 0.997500
vt 0.562500 0.997500
vt 0.872940 0.593750
vt 0.872945 0.562500
vt 0.377500 0.312500
vt 0.687500 0.502044
vt 0.377500 0.812500
vt 0.312500 0.718750
vt 0.812500 0.747448
vt 0.812500 0.718750
vt 0.377500 0.187500
vt 0.437500 0.997500
vt 0.843750 0.687500
vt 0.872532 0.687500
vt 0.377500 0.437500
vt 0.812500 0.502044
vt 0.343750 0.687500
vt 0.377500 0.937500
vt 0.687500 0.747448
vt 0.127500 0.718750
vt 0.843750 0.747282
vt 0.127500 0.531250
vt 0.156250 0.747251
vt 0.846250 0.747500
vt 0.125000 0.718750
vt 0.156250 0.500000
vt 0.872949 0.502411
vt 0.872500 0.747500
s 0
f 2880/2698/951 2905/2699/951 3107/2700/951
f 2884/2701/952 2909/2702/952 3104/2703/952
f 2888/2704/953 2913/2705/953 3101/2706/953
f 2892/2707/954 2917/2708/954 3098/2709/954
f 2896/2710/955 2921/2711/955 3095/2712/955
f 2900/2713/956 2925/2714/956 3092/2715/956
f 2927/2716/956 2902/2717/956 3090/2718/956
f 2928/2719/956 2929/2720/956 3089/2721/956
f 2931/2722/956 2901/2723/956 3087/2724/956
f 2932/2725/956 2933/2726/956 3086/2727/956
f 2924/2728/956 2934/2729/956 3085/2730/956
f 2936/2731/956 2937/2732/956 3083/2733/956
f 2923/2734/956 2938/2735/956 3082/2736/956
f 2939/2737/957 2898/2738/957 3081/2739/957
f 2940/2740/957 2941/2741/957 3080/2742/957
f 2943/2743/957 2897/2744/957 3078/2745/957
f 2944/2746/957 2945/2747/957 3077/2748/957
f 2920/2749/955 2946/2750/955 3076/2751/955
f 2948/2752/957 2949/2753/957 3074/2754/957
f 2919/2755/955 2950/2756/955 3073/2757/955
f 2951/2758/954 2894/2759/954 3072/2760/954
f 2952/2761/954 2953/2762/954 3071/2763/954
f 2955/2764/954 2893/2765/954 3069/2766/954
f 2956/2767/954 2957/2768/954 3068/2769/954
f 2916/2770/954 2958/2771/954 3067/2772/954
f 2960/2773/954 2961/2774/954 3065/2775/954
f 2915/2776/954 2962/2777/954 3064/2778/954
f 2963/2779/953 2890/2780/953 3063/2781/953
f 2964/2782/953 2965/2783/953 3062/2784/953
f 2967/2785/953 2889/2786/953 3060/2787/953
f 2968/2788/953 2969/2789/953 3059/2790/953
f 2912/2791/953 2970/2792/953 3058/2793/953
f 2972/2794/953 2973/2795/953 3056/2796/953
f 2911/2797/953 2974/2798/953 3055/2799/953
f 2975/2800/952 2886/2801/952 3054/2802/952
f 2976/2803/952 2977/2804/952 3053/2805/952
f 2979/2806/952 2885/2807/952 3052/2808/952
f 2908/2809/952 2982/2810/952 3051/2811/952
f 2984/2812/952 2985/2813/952 3050/2814/952
f 2907/2815/952 2986/2816/952 3049/2817/952
f 2987/2818/951 2882/2819/951 3048/2820/951
f 2988/2821/951 2989/2822/951 3047/2823/951
f 2991/2824/951 2881/2825/951 3045/2826/951
f 2992/2827/951 2993/2828/951 3044/2829/951
f 2904/2830/951 2994/2831/951 3043/2832/951
f 2996/2833/951 2997/2834/951 3042/2835/951
f 2903/2836/951 2998/2837/951 3041/2838/951
f 3000/2839/951 3001/2840/951 3039/2841/951
f 3004/2842/952 3005/2843/952 3036/2844/952
f 3008/2845/953 3009/2846/953 3033/2847/953
f 3012/2848/954 3013/2849/954 3030/2850/954
f 3016/2851/957 3017/2852/957 3027/2853/957
f 3020/2854/956 3021/2855/956 3024/2856/956
f 3023/2857/956 2878/2858/956 3020/2854/956
f 2926/2859/956 3020/2854/956 2854/2860/956
f 3024/2856/956 2851/2861/956 2923/2734/956
f 2902/2717/956 2923/2734/956 2830/2862/956
f 2854/2860/956 3024/2856/956 2902/2717/956
f 3021/2855/956 2899/2863/956 2851/2861/956
f 2878/2858/956 3025/2864/956 3021/2855/956
f 3026/2865/958 2877/2866/958 3016/2851/958
f 2922/2867/958 3016/2851/958 2850/2868/958
f 3027/2853/957 2847/2869/957 2919/2755/957
f 2898/2738/957 2919/2755/957 2829/2870/957
f 2850/2868/957 3027/2853/957 2898/2738/957
f 3017/2852/957 2895/2871/957 2847/2869/957
f 2877/2866/957 3028/2872/957 3017/2852/957
f 3029/2873/954 2876/2874/954 3012/2848/954
f 2918/2875/954 3012/2848/954 2846/2876/954
f 3030/2850/954 2843/2877/954 2915/2776/954
f 2894/2759/954 2915/2776/954 2828/2878/954
f 2846/2876/954 3030/2850/954 2894/2759/954
f 3013/2849/954 2891/2879/954 2843/2877/954
f 2876/2874/954 3031/2880/954 3013/2849/954
f 3032/2881/953 2875/2882/953 3008/2845/953
f 2914/2883/953 3008/2845/953 2842/2884/953
f 3033/2847/953 2839/2885/953 2911/2797/953
f 2890/2780/953 2911/2797/953 2827/2886/953
f 2842/2884/953 3033/2847/953 2890/2780/953
f 3009/2846/953 2887/2887/953 2839/2885/953
f 2875/2882/953 3034/2888/953 3009/2846/953
f 3035/2889/952 2874/2890/952 3004/2842/952
f 2910/2891/952 3004/2842/952 2838/2892/952
f 3036/2844/952 2835/2893/952 2907/2815/952
f 2886/2801/952 2907/2815/952 2826/2894/952
f 2838/2892/952 3036/2844/952 2886/2801/952
f 3005/2843/952 2883/2895/952 2835/2893/952
f 2874/2890/952 3037/2896/952 3005/2843/952
f 3038/2897/951 2873/2898/951 3000/2839/951
f 2906/2899/951 3000/2839/951 2834/2900/951
f 3039/2841/951 2831/2901/951 2903/2836/951
f 2882/2819/951 2903/2836/951 2825/2902/951
f 2834/2900/951 3039/2841/951 2882/2819/951
f 3001/2840/951 2879/2903/951 2831/2901/951
f 2873/2898/951 3040/2904/951 3001/2840/951
f 3041/2838/951 2872/2905/951 2996/2833/951
f 2905/2699/951 2996/2833/951 2833/2906/951
f 2825/2902/951 3041/2838/951 2905/2699/951
f 2833/2906/951 3042/2835/951 2881/2825/951
f 3043/2832/951 2871/2907/951 2992/2827/951
f 2871/2907/951 3045/2826/951 2993/2828/951
f 3046/2908/951 2870/2909/951 2988/2821/951
f 3047/2823/951 2832/2910/951 2904/2830/951
f 3048/2820/951 2825/2902/951 2880/2698/951
f 2989/2822/951 2880/2698/951 2832/2910/951
f 2870/2909/951 3048/2820/951 2989/2822/951
f 3049/2817/952 2869/2911/952 2984/2812/952
f 2909/2702/952 2984/2812/952 2837/2912/952
f 2826/2894/952 3049/2817/952 2909/2702/952
f 2837/2912/952 3050/2814/952 2885/2807/952
f 3051/2811/952 2868/2913/952 2980/2914/952
f 2868/2913/952 3052/2808/952 2981/2915/952
f 3053/2805/952 2836/2916/952 2908/2809/952
f 3054/2802/952 2826/2894/952 2884/2701/952
f 2977/2804/952 2884/2701/952 2836/2916/952
f 2867/2917/952 3054/2802/952 2977/2804/952
f 3055/2799/953 2866/2918/953 2972/2794/953
f 2913/2705/953 2972/2794/953 2841/2919/953
f 2827/2886/953 3055/2799/953 2913/2705/953
f 2841/2919/953 3056/2796/953 2889/2786/953
f 2866/2918/953 3057/2920/953 2973/2795/953
f 3058/2793/953 2865/2921/953 2968/2788/953
f 2865/2921/953 3060/2787/953 2969/2789/953
f 3061/2922/953 2864/2923/953 2964/2782/953
f 3062/2784/953 2840/2924/953 2912/2791/953
f 3063/2781/953 2827/2886/953 2888/2704/953
f 2965/2783/953 2888/2704/953 2840/2924/953
f 2864/2923/953 3063/2781/953 2965/2783/953
f 3064/2778/954 2863/2925/954 2960/2773/954
f 2917/2708/954 2960/2773/954 2845/2926/954
f 2828/2878/954 3064/2778/954 2917/2708/954
f 2845/2926/954 3065/2775/954 2893/2765/954
f 2863/2925/954 3066/2927/954 2961/2774/954
f 3067/2772/954 2862/2928/954 2956/2767/954
f 2862/2928/954 3069/2766/954 2957/2768/954
f 3070/2929/954 2861/2930/954 2952/2761/954
f 3071/2763/954 2844/2931/954 2916/2770/954
f 3072/2760/954 2828/2878/954 2892/2707/954
f 2953/2762/954 2892/2707/954 2844/2931/954
f 2861/2930/954 3072/2760/954 2953/2762/954
f 3073/2757/957 2860/2932/957 2948/2752/957
f 2921/2711/957 2948/2752/957 2849/2933/957
f 2829/2870/955 3073/2757/955 2921/2711/955
f 2849/2933/957 3074/2754/957 2897/2744/957
f 2860/2932/957 3075/2934/957 2949/2753/957
f 3076/2751/957 2859/2935/957 2944/2746/957
f 2859/2935/957 3078/2745/957 2945/2747/957
f 3079/2936/958 2858/2937/958 2940/2740/958
f 3080/2742/957 2848/2938/957 2920/2749/957
f 3081/2739/957 2829/2870/957 2896/2710/957
f 2941/2741/957 2896/2710/957 2848/2938/957
f 2858/2937/957 3081/2739/957 2941/2741/957
f 3082/2736/956 2857/2939/956 2936/2731/956
f 2925/2714/956 2936/2731/956 2853/2940/956
f 2830/2862/956 3082/2736/956 2925/2714/956
f 2853/2940/956 3083/2733/956 2901/2723/956
f 2857/2939/956 3084/2941/956 2937/2732/956
f 3085/2730/956 2856/2942/956 2932/2725/956
f 2856/2942/956 3087/2724/956 2933/2726/956
f 3088/2943/956 2855/2944/956 2928/2719/956
f 3089/2721/956 2852/2945/956 2924/2728/956
f 3090/2718/956 2830/2862/956 2900/2713/956
f 2929/2720/956 2900/2713/956 2852/2945/956
f 2855/2944/956 3090/2718/956 2929/2720/956
f 3091/2946/956 2854/2860/956 2927/2716/956
f 2930/2947/956 2927/2716/956 2855/2944/956
f 3092/2715/956 2853/2940/956 2931/2722/956
f 2934/2729/956 2931/2722/956 2856/2942/956
f 2852/2945/956 3092/2715/956 2934/2729/956
f 2938/2735/956 2935/2948/956 2857/2939/956
f 2851/2861/956 3093/2949/956 2938/2735/956
f 3094/2950/958 2850/2868/958 2939/2737/958
f 2942/2951/958 2939/2737/958 2858/2937/958
f 3095/2712/957 2849/2933/957 2943/2743/957
f 2946/2750/957 2943/2743/957 2859/2935/957
f 2848/2938/955 3095/2712/955 2946/2750/955
f 2950/2756/957 2947/2952/957 2860/2932/957
f 2847/2869/955 3096/2953/955 2950/2756/955
f 3097/2954/954 2846/2876/954 2951/2758/954
f 2954/2955/954 2951/2758/954 2861/2930/954
f 3098/2709/954 2845/2926/954 2955/2764/954
f 2958/2771/954 2955/2764/954 2862/2928/954
f 2844/2931/954 3098/2709/954 2958/2771/954
f 2962/2777/954 2959/2956/954 2863/2925/954
f 2843/2877/954 3099/2957/954 2962/2777/954
f 3100/2958/953 2842/2884/953 2963/2779/953
f 2966/2959/953 2963/2779/953 2864/2923/953
f 3101/2706/953 2841/2919/953 2967/2785/953
f 2970/2792/953 2967/2785/953 2865/2921/953
f 2840/2924/953 3101/2706/953 2970/2792/953
f 2974/2798/953 2971/2960/953 2866/2918/953
f 2839/2885/953 3102/2961/953 2974/2798/953
f 3103/2962/952 2838/2892/952 2975/2800/952
f 2978/2963/952 2975/2800/952 2867/2917/952
f 3104/2703/952 2837/2912/952 2979/2806/952
f 2982/2810/952 2979/2806/952 2868/2913/952
f 2836/2916/952 3104/2703/952 2982/2810/952
f 2986/2816/952 2983/2964/952 2869/2911/952
f 2835/2893/952 3105/2965/952 2986/2816/952
f 3106/2966/951 2834/2900/951 2987/2818/951
f 2990/2967/951 2987/2818/951 2870/2909/951
f 3107/2700/951 2833/2906/951 2991/2824/951
f 2994/2831/951 2991/2824/951 2871/2907/951
f 2832/2910/951 3107/2700/951 2994/2831/951
f 2998/2837/951 2995/2968/951 2872/2905/951
f 2831/2901/951 3108/2969/951 2998/2837/951
f 3010/2970/953 3007/2971/953 2875/2882/953
f 3014/2972/954 3011/2973/954 2876/2874/954
f 3018/2974/958 3015/2975/958 2877/2866/958
f 3022/2976/956 3019/2977/956 2878/2858/956
f 3119/2978/959 3120/2979/959 3121/2980/959
f 3128/2981/960 3129/2982/960 3130/2983/960
f 3203/2984/961 3204/2984/961 3205/2985/961
f 3212/2986/962 3213/2987/962 3214/2988/962
f 3219/2989/963 3220/2990/963 3221/2991/963
f 3222/2992/964 3223/2993/964 3224/2994/964
f 3227/2995/965 3228/2996/965 3229/2997/965
f 3230/2998/966 3231/2999/966 3232/3000/966
f 3281/3001/967 3282/3002/967 3283/3002/967
f 3286/3003/968 3287/3004/968 3288/3005/968
f 3291/3006/969 3292/3007/969 3293/3008/969
f 3298/3009/970 3299/3010/970 3300/3011/970
f 3305/3012/971 3306/3013/971 3307/3013/971
f 3308/3014/972 3309/3015/972 3310/3016/972
f 3311/3017/973 3312/3018/973 3313/3019/973
f 3314/3020/974 3315/3021/974 3316/3022/974
f 3317/3023/975 3318/3024/975 3319/3025/975
f 3320/3026/976 3321/3027/976 3322/3028/976
f 3323/3029/977 3324/3030/977 3325/3031/977
f 3326/3032/978 3327/3033/978 3328/3034/978
f 3329/3035/979 3330/2993/979 3331/3036/979
f 3332/3037/980 3333/3038/980 3334/3039/980
f 3335/3040/981 3336/2999/981 3337/3041/981
f 3338/3042/982 3339/3043/982 3340/3044/982
f 3341/3045/983 3342/3046/983 3343/3005/983
f 3344/3047/984 3345/3048/984 3346/3049/984
f 3347/3050/983 3348/3051/983 3349/3052/983
f 3350/3053/979 3351/3054/979 3352/3055/979
f 3353/3056/985 3354/3057/985 3355/3058/985
f 3356/3059/986 3357/3060/986 3358/3061/986
f 3359/3062/987 3360/3063/987 3361/3064/987
f 3362/3065/988 3363/3066/988 3364/3067/988
f 3365/3068/989 3366/2990/989 3367/3069/989
f 3368/3070/990 3369/3071/990 3370/3072/990
f 3371/3073/991 3372/3074/991 3373/3075/991
f 3374/3076/992 3375/3077/992 3376/3078/992
f 3377/3079/993 3378/3080/993 3379/3081/993
f 3380/3082/994 3381/3083/994 3382/3084/994
f 3383/3085/995 3384/3086/995 3385/3087/995
f 3386/3088/996 3387/3089/996 3388/3090/996
f 3389/3091/995 3390/3092/995 3391/3093/995
f 3392/3094/989 3393/3095/989 3394/3096/989
f 3395/3097/993 3396/3098/993 3397/3099/993
f 3398/3100/985 3399/3101/985 3400/3102/985
f 3115/3042/997 3206/3103/997 3207/3104/997
f 3209/3105/998 3121/2980/998 3208/3106/998
f 3211/3107/999 3118/3108/999 3210/3109/999
f 3216/3110/1000 3130/2983/1000 3215/3111/1000
f 3126/3112/1001 3217/3113/1001 3218/3114/1001
f 3122/3115/1002 3225/3116/1002 3226/3117/1002
f 3131/3118/1003 3233/3119/1003 3234/3120/1003
f 3236/3121/1004 3134/3122/1004 3235/3123/1004
f 3135/3124/1005 3237/3125/1005 3238/3126/1005
f 3137/3127/1006 3239/3128/1006 3240/3129/1006
f 3139/3130/1007 3241/3131/1007 3242/3132/1007
f 3141/3133/1008 3243/3134/1008 3244/3135/1008
f 3143/3136/1009 3245/3137/1009 3246/3138/1009
f 3145/3139/1010 3247/3140/1010 3248/3141/1010
f 3147/3142/1011 3249/3143/1011 3250/3144/1011
f 3252/3145/1012 3150/3146/1012 3251/3147/1012
f 3151/3148/1013 3253/3149/1013 3254/3150/1013
f 3153/3151/1014 3255/3152/1014 3256/3153/1014
f 3155/3154/1003 3257/3155/1003 3258/3156/1003
f 3157/3157/1015 3259/3158/1015 3260/3159/1015
f 3262/3160/1016 3160/3161/1016 3261/3162/1016
f 3264/3163/1017 3162/3164/1017 3263/3165/1017
f 3163/3166/1007 3265/3167/1007 3266/3168/1007
f 3165/3169/1008 3267/3170/1008 3268/3171/1008
f 3167/3172/1018 3269/3173/1018 3270/3174/1018
f 3169/3175/1010 3271/3176/1010 3272/3177/1010
f 3274/3178/1019 3172/3179/1019 3273/3180/1019
f 3173/3181/1020 3275/3182/1020 3276/3183/1020
f 3278/3184/1013 3176/3185/1013 3277/3186/1013
f 3280/3187/1014 3178/3188/1014 3279/3189/1014
f 3283/3190/1003 3180/3191/1003 3281/3192/1003
f 3285/3193/1021 3182/3194/1021 3284/3195/1021
f 3286/3003/1022 3184/3196/1022 3287/3004/1022
f 3290/3197/1023 3186/3198/1023 3289/3199/1023
f 3293/3008/1007 3188/3200/1007 3291/3006/1007
f 3189/3201/1008 3294/3202/1008 3295/3203/1008
f 3191/3204/1024 3296/3205/1024 3297/3206/1024
f 3298/3009/1010 3194/3207/1010 3299/3010/1010
f 3195/3208/1025 3301/3209/1025 3302/3210/1025
f 3304/3211/1026 3198/3212/1026 3303/3213/1026
f 3307/3214/1027 3200/3215/1027 3305/3216/1027
f 3310/3016/1028 3202/3217/1028 3308/3014/1028
f 3203/3218/1003 3156/3219/1003 3155/3154/1003
f 3207/3104/1029 3158/3220/1029 3157/3157/1029
f 3159/3221/1030 3208/3106/1030 3160/3161/1030
f 3161/3222/1031 3210/3109/1031 3162/3164/1031
f 3212/3223/1007 3164/3224/1007 3163/3166/1007
f 3216/3110/1008 3166/3225/1008 3165/3169/1008
f 3218/3114/1032 3168/3226/1032 3167/3172/1032
f 3219/2989/1010 3170/3227/1010 3169/3175/1010
f 3222/2992/1019 3172/3179/1019 3171/3228/1019
f 3226/3117/1033 3174/3229/1033 3173/3181/1033
f 3227/2995/1034 3176/3185/1034 3175/3230/1034
f 3230/2998/1035 3178/3188/1035 3177/3231/1035
f 3234/3120/1003 3180/3191/1003 3179/3232/1003
f 3181/3233/1036 3235/3123/1036 3182/3194/1036
f 3238/3126/1022 3184/3196/1022 3183/3234/1022
f 3185/3235/1037 3239/3128/1037 3186/3198/1037
f 3242/3132/1007 3188/3200/1007 3187/3236/1007
f 3244/3135/1008 3190/3237/1008 3189/3201/1008
f 3191/3204/1038 3245/3137/1038 3192/3238/1038
f 3248/3141/1010 3194/3207/1010 3193/3239/1010
f 3250/3144/1025 3196/3240/1025 3195/3208/1025
f 3197/3241/1039 3251/3147/1039 3198/3212/1039
f 3254/3150/1040 3200/3215/1040 3199/3242/1040
f 3256/3153/1041 3202/3217/1041 3201/3243/1041
f 3258/3156/1003 3132/3244/1003 3131/3118/1003
f 3260/3159/1042 3134/3122/1042 3133/3245/1042
f 3135/3124/1043 3261/3162/1043 3136/3246/1043
f 3264/3163/1044 3138/3247/1044 3137/3127/1044
f 3266/3168/1007 3140/3248/1007 3139/3130/1007
f 3268/3171/1008 3142/3249/1008 3141/3133/1008
f 3143/3136/1045 3269/3173/1045 3144/3250/1045
f 3272/3177/1010 3146/3251/1010 3145/3139/1010
f 3147/3142/1046 3273/3180/1046 3148/3252/1046
f 3276/3183/1047 3150/3146/1047 3149/3253/1047
f 3151/3148/1048 3277/3186/1048 3152/3254/1048
f 3153/3151/1014 3279/3189/1014 3154/3255/1014
f 3114/3256/1049 3284/3195/1049 3113/3257/1049
f 3290/3197/1050 3121/2980/1050 3120/2979/1050
f 3295/3203/1051 3120/2979/1051 3119/2978/1051
f 3129/2982/1052 3296/3205/1052 3130/2983/1052
f 3302/3210/1053 3129/2982/1053 3128/2981/1053
f 3125/3258/1054 3303/3213/1054 3124/3259/1054
f 3310/3260/1055 3311/3017/1055 3313/3019/1055
f 3312/3018/1056 3222/2992/1056 3313/3019/1056
f 3307/3214/1010 3314/3020/1010 3316/3022/1010
f 3315/3021/1057 3203/3218/1057 3316/3022/1057
f 3212/3223/1010 3317/3023/1010 3213/3261/1010
f 3283/3190/1058 3319/3025/1058 3318/3024/1058
f 3320/3026/1003 3293/3008/1003 3292/3007/1003
f 3219/2989/1058 3321/3027/1058 3220/2990/1058
f 3323/3029/1059 3230/3262/1059 3324/3030/1059
f 3325/3031/1056 3286/3263/1056 3288/3264/1056
f 3326/3032/1003 3227/2995/1003 3327/3033/1003
f 3328/3034/1057 3298/3009/1057 3300/3011/1057
f 3331/3036/1059 3332/3037/1059 3329/3035/1059
f 3339/3265/1060 3335/3040/1060 3337/3041/1060
f 3342/3046/1055 3340/3044/1055 3339/3043/1055
f 3345/3266/1060 3334/3039/1060 3333/3038/1060
f 3346/3049/1055 3348/3051/1055 3347/3050/1055
f 3331/3036/1056 3349/3052/1056 3348/3051/1056
f 3352/3055/1059 3336/3267/1059 3350/3053/1059
f 3352/3055/1056 3343/3264/1056 3342/3268/1056
f 3351/3054/1061 3323/3029/1061 3325/3031/1061
f 3335/3040/1062 3231/2999/1062 3336/2999/1062
f 3115/3042/1063 3340/3044/1063 3116/3269/1063
f 3288/3005/1064 3341/3045/1064 3343/3005/1064
f 3332/3037/1065 3125/3258/1065 3124/3259/1065
f 3309/3270/1066 3344/3047/1066 3346/3049/1066
f 3223/2993/1061 3329/3035/1061 3224/2994/1061
f 3311/3017/1064 3349/3052/1064 3312/3018/1064
f 3355/3058/1003 3356/3059/1003 3353/3056/1003
f 3361/3064/1007 3362/3065/1007 3359/3062/1007
f 3367/3069/1010 3368/3070/1010 3365/3068/1010
f 3375/3077/1067 3371/3073/1067 3373/3075/1067
f 3378/3080/1003 3364/3067/1003 3363/3066/1003
f 3381/3083/1007 3370/3072/1007 3369/3071/1007
f 3384/3086/1010 3376/3078/1010 3375/3077/1010
f 3387/3089/1067 3358/3061/1067 3357/3060/1067
f 3388/3090/1010 3390/3092/1010 3389/3091/1010
f 3355/3058/1057 3391/3093/1057 3390/3092/1057
f 3392/3094/1010 3361/3064/1010 3360/3063/1010
f 3379/3081/1058 3394/3096/1058 3393/3095/1058
f 3396/3098/1003 3382/3084/1003 3381/3083/1003
f 3397/3099/1058 3367/3069/1058 3366/2990/1058
f 3400/3102/1003 3372/3074/1003 3398/3100/1003
f 3400/3102/1057 3385/3087/1057 3384/3086/1057
f 3395/3097/1068 3321/3027/1068 3320/3026/1068
f 3365/3068/1069 3220/2990/1069 3366/2990/1069
f 3228/2996/1070 3371/3073/1070 3229/2997/1070
f 3376/3078/1071 3122/3115/1071 3374/3076/1071
f 3356/3271/1072 3114/3256/1072 3113/3257/1072
f 3306/3013/1073 3386/3272/1073 3388/3273/1073
f 3383/3085/1074 3300/3011/1074 3299/3010/1074
f 3326/3032/1075 3399/3101/1075 3398/3100/1075
f 3213/2987/1076 3359/3274/1076 3214/2988/1076
f 3118/3108/1077 3362/3275/1077 3364/3276/1077
f 3391/3093/1074 3314/3020/1074 3389/3091/1074
f 3368/3070/1078 3127/3277/1078 3126/3112/1078
f 3292/3007/1079 3380/3082/1079 3382/3084/1079
f 3393/3095/1069 3317/3023/1069 3319/3025/1069
f 3353/3278/1075 3204/2984/1075 3354/2984/1075
f 3377/3279/1068 3282/3002/1068 3281/3001/1068
f 3113/3257/956 3353/3278/956 3356/3271/956
f 3113/3257/956 3086/2727/956 3205/2985/956
f 3305/3012/1080 3285/3280/1080 3114/3281/1080
f 3114/3281/1081 3386/3272/1081 3305/3012/1081
f 3116/3269/956 3088/2943/956 3206/3103/956
f 3116/3269/956 3341/3045/956 3287/3004/956
f 3232/3000/1082 3207/3282/1082 3109/3283/1082
f 3115/3265/1083 3335/3040/1083 3338/3284/1083
f 3281/3001/956 3210/3109/956 3118/3108/956
f 3118/3108/956 3377/3279/956 3281/3001/956
f 3211/3107/957 3214/2988/957 3117/3285/957
f 3117/3285/957 3359/3274/957 3362/3275/957
f 3295/3286/951 3209/3287/951 3046/2908/951
f 3208/3106/1084 3289/3199/1084 3112/3288/1084
f 3290/3197/1085 3294/3202/1085 3079/2936/1085
f 3066/2927/954 3123/3289/954 3299/3010/954
f 3123/3289/954 3383/3085/954 3299/3010/954
f 3226/3117/1080 3229/3290/1080 3122/3115/1080
f 3122/3115/1086 3371/3291/1086 3374/3076/1086
f 3124/3259/954 3329/3035/954 3332/3037/954
f 3110/3292/954 3124/3259/954 3303/3213/954
f 3304/3211/1082 3308/3014/1082 3061/2922/1082
f 3125/3258/1087 3344/3266/1087 3308/3014/1087
f 3291/3293/957 3217/3113/957 3127/3277/957
f 3127/3277/957 3380/3294/957 3291/3293/957
f 3218/3114/954 3221/2991/954 3126/3112/954
f 3126/3112/954 3365/3068/954 3368/3070/954
f 3216/3295/951 3302/3210/951 3128/2981/951
f 3215/3111/1085 3296/3205/1085 3111/3296/1085
f 3297/3206/1088 3301/3209/1088 3070/2929/1088
f 2901/2723/956 3233/3297/956 3132/3298/956
f 3087/2724/956 3132/3298/956 3257/3299/956
f 3052/2808/952 3131/3118/952 3234/3120/952
f 2885/2807/952 3258/3156/952 3131/3118/952
f 3235/3123/956 2924/2728/956 3085/2730/956
f 2887/2887/953 3236/3300/953 3102/2961/953
f 3034/2888/953 3133/3301/953 2887/2887/953
f 3259/3158/956 2924/2728/956 3134/3122/956
f 2906/2899/951 3238/3302/951 3038/2897/951
f 3136/3246/1084 3023/2857/1084 2926/2859/1084
f 3106/2966/951 3135/3303/951 2906/2899/951
f 3237/3125/956 2926/2859/956 3091/2946/956
f 3240/3129/1089 2920/2749/1089 3137/3127/1089
f 3025/2864/956 3138/3247/956 2899/2863/956
f 3093/2949/956 3138/3247/956 3263/3165/956
f 3137/3127/1090 3076/2751/1090 3264/3163/1090
f 2897/2744/957 3241/3304/957 3140/3305/957
f 3078/2745/957 3140/3305/957 3265/3306/957
f 3139/3130/952 3051/2811/952 3266/3168/952
f 3242/3132/952 2908/2809/952 3139/3130/952
f 3244/3307/951 2904/2830/951 3141/3308/951
f 3142/3249/1085 3026/2865/1085 2922/2867/1085
f 3141/3308/951 3043/2832/951 3268/3309/951
f 3243/3134/1085 2922/2867/1085 3094/2950/1085
f 3246/3138/954 2916/2770/954 3143/3136/954
f 3028/2872/957 3144/3250/957 2895/2871/957
f 3096/2953/955 3144/3250/955 3269/3173/955
f 3270/3174/954 2916/2770/954 3067/2772/954
f 2893/2765/954 3247/3140/954 3146/3251/954
f 3069/2766/954 3146/3251/954 3271/3176/954
f 3272/3177/952 2910/2891/952 3103/2962/952
f 3145/3139/952 3035/2889/952 2910/2891/952
f 3045/2826/951 3147/3142/951 3250/3144/951
f 2881/2825/951 3274/3178/951 3147/3142/951
f 2918/2875/954 3273/3180/954 3029/2873/954
f 3097/2954/1088 3148/3252/1088 2918/2875/1088
f 3252/3145/953 2912/2791/953 3149/3253/953
f 2891/2879/954 3251/3147/954 3150/3146/954
f 2891/2879/954 3275/3182/954 3099/2957/954
f 3149/3253/953 3058/2793/953 3276/3183/953
f 2889/2786/953 3253/3310/953 3152/3311/953
f 3060/2787/953 3152/3311/953 3277/3312/953
f 2883/2895/952 3254/3150/952 3105/2965/952
f 2883/2895/952 3278/3184/952 3151/3148/952
f 3255/3152/953 2914/2883/953 3100/2958/953
f 2879/2903/951 3256/3313/951 3108/2969/951
f 2879/2903/951 3280/3314/951 3153/3315/951
f 3154/3255/953 3032/2881/953 2914/2883/953
f 2933/2726/956 3257/3299/956 3156/3316/956
f 2985/2813/952 3203/3218/952 3155/3154/952
f 3205/2985/956 2933/2726/956 3156/3316/956
f 3050/2814/952 3155/3154/952 3258/3156/952
f 3158/3220/956 3089/2721/956 3259/3158/956
f 3007/2971/953 3260/3317/953 3034/2888/953
f 3109/3283/953 3157/3318/953 3007/2971/953
f 3206/3103/956 2928/2719/956 3158/3220/956
f 2990/2967/951 3262/3319/951 3106/2966/951
f 3160/3161/1084 3112/3288/1084 3022/2976/1084
f 3046/2908/951 3159/3320/951 2990/2967/951
f 3261/3162/1084 3022/2976/1084 3023/2857/1084
f 2935/2948/956 3263/3165/956 3162/3164/956
f 3084/2941/956 3162/3164/956 3210/3109/956
f 3161/3222/957 3077/2748/957 3211/3107/957
f 3264/3163/957 2944/2746/957 3161/3222/957
f 2945/2747/957 3265/3306/957 3164/3321/957
f 3077/2748/957 3164/3321/957 3214/2988/957
f 3212/3223/952 2980/2914/952 3318/3024/952
f 3266/3168/952 2980/2914/952 3163/3166/952
f 3268/3309/951 2992/2827/951 3165/3322/951
f 3166/3225/1085 3111/3296/1085 3018/2974/1085
f 3165/3322/951 3044/2829/951 3216/3295/951
f 3267/3170/1085 3018/2974/1085 3026/2865/1085
f 2947/2952/957 3269/3173/957 3168/3226/957
f 3075/2934/957 3168/3226/957 3217/3113/957
f 3167/3172/954 3068/2769/954 3218/3114/954
f 3270/3174/954 2956/2767/954 3167/3172/954
f 3169/3175/952 3103/2962/952 2978/2963/952
f 2957/2768/954 3271/3176/954 3170/3227/954
f 3068/2769/954 3170/3227/954 3221/2991/954
f 3219/2989/952 2978/2963/952 3322/3028/952
f 3042/2835/951 3171/3228/951 3274/3178/951
f 2997/2834/951 3222/2992/951 3171/3228/951
f 3014/2972/954 3224/2994/954 3110/3292/954
f 3029/2873/954 3172/3179/954 3014/2972/954
f 3099/2957/954 3174/3229/954 2959/2956/954
f 2959/2956/954 3225/3116/954 3066/2927/954
f 3173/3181/953 3059/2790/953 3226/3117/953
f 3276/3183/953 2968/2788/953 3173/3181/953
f 2969/2789/953 3277/3312/953 3176/3323/953
f 3003/3324/952 3227/2995/952 3175/3230/952
f 3059/2790/1091 3176/3323/1091 3229/3290/1091
f 3037/2896/952 3175/3230/952 3278/3184/952
f 3279/3189/953 3010/2970/953 3032/2881/953
f 3040/2904/951 3177/3325/951 3280/3314/951
f 2999/3326/951 3230/3262/951 3177/3325/951
f 3178/3188/953 3109/3283/953 3010/2970/953
f 3180/3327/956 3084/2941/956 3281/3001/956
f 2981/2915/952 3234/3120/952 3179/3232/952
f 3083/2733/956 3180/3327/956 3233/3297/956
f 3283/3190/952 2981/2915/952 3179/3232/952
f 3284/3195/956 2932/2725/956 3086/2727/956
f 2971/2960/953 3285/3280/953 3057/2920/953
f 3102/2961/953 3181/3328/953 2971/2960/953
f 3182/3194/956 3085/2730/956 2932/2725/956
f 3002/3329/951 3286/3263/951 3324/3030/951
f 3184/3196/956 3091/2946/956 2930/2947/956
f 3287/3004/956 2930/2947/956 3088/2943/956
f 3038/2897/951 3183/3330/951 3002/3329/951
f 3019/2977/956 3289/3199/956 3186/3198/956
f 3025/2864/956 3186/3198/956 3239/3128/956
f 3240/3129/957 2940/2740/957 3080/2742/957
f 3185/3235/1092 3079/2936/1092 2940/2740/1092
f 3188/3331/957 3075/2934/957 3291/3293/957
f 3074/2754/957 3188/3331/957 3241/3304/957
f 3187/3236/952 3053/2805/952 3242/3132/952
f 3293/3008/952 2976/2803/952 3187/3236/952
f 3295/3286/951 2988/2821/951 3189/3332/951
f 3190/3237/1085 3094/2950/1085 2942/2951/1085
f 3294/3202/1085 2942/2951/1085 3079/2936/1085
f 3189/3332/951 3047/2823/951 3244/3307/951
f 3015/2975/958 3296/3205/958 3192/3238/958
f 3028/2872/1093 3192/3238/1093 3245/3137/1093
f 3246/3138/954 2952/2761/954 3071/2763/954
f 3297/3206/954 2952/2761/954 3191/3204/954
f 3006/3333/952 3298/3009/952 3327/3033/952
f 2961/2774/954 3299/3010/954 3194/3207/954
f 3065/2775/954 3194/3207/954 3247/3140/954
f 3248/3141/952 3006/3333/952 3035/2889/952
f 3044/2829/951 3195/3208/951 3302/3210/951
f 2993/2828/951 3250/3144/951 3195/3208/951
f 2954/2955/1088 3249/3143/1088 3097/2954/1088
f 3070/2929/1088 3196/3240/1088 2954/2955/1088
f 3011/2973/954 3303/3213/954 3198/3212/954
f 3031/2880/954 3198/3212/954 3251/3147/954
f 3197/3241/953 3062/2784/953 3252/3145/953
f 3304/3211/953 2964/2782/953 3197/3241/953
f 3200/3334/1094 3057/2920/1094 3305/3012/1094
f 3105/2965/952 3199/3242/952 2983/2964/952
f 3056/2796/953 3200/3334/953 3253/3310/953
f 2983/2964/952 3307/3214/952 3316/3022/952
f 2995/2968/951 3310/3260/951 3313/3019/951
f 3108/2969/951 3201/3335/951 2995/2968/951
f 3202/3217/953 3100/2958/953 2966/2959/953
f 3061/2922/953 3202/3217/953 2966/2959/953
f 3315/3021/1095 3354/3057/1095 3204/3336/1095
f 3317/3023/954 3360/3063/954 3213/3261/954
f 3321/3027/953 3366/2990/953 3220/2990/953
f 3312/3018/1096 3330/2993/1096 3223/2993/1096
f 3228/2996/956 3398/3100/956 3372/3074/956
f 3231/3337/954 3350/3053/954 3336/3267/954
f 3282/3338/953 3393/3095/953 3319/3025/953
f 3288/3264/1096 3351/3054/1096 3325/3031/1096
f 3292/3007/956 3395/3097/956 3320/3026/956
f 3300/3011/1095 3399/3101/1095 3328/3034/1095
f 3306/3339/954 3389/3091/954 3314/3020/954
f 3309/3270/956 3347/3050/956 3311/3017/956
f 2872/2905/951 3313/3019/951 2997/2834/951
f 2869/2911/952 3316/3022/952 2985/2813/952
f 3318/3024/952 2868/2913/952 2981/2915/952
f 3322/3028/952 2867/2917/952 2976/2803/952
f 2873/2898/951 3324/3030/951 2999/3326/951
f 2874/2890/952 3327/3033/952 3003/3324/952
f 3348/3051/951 3333/3038/951 3331/3036/951
f 3342/3268/951 3337/3340/951 3352/3055/951
f 3390/3092/952 3357/3060/952 3355/3058/952
f 3361/3064/952 3378/3080/952 3363/3066/952
f 3369/3071/952 3396/3098/952 3381/3083/952
f 3384/3086/952 3373/3075/952 3400/3102/952
f 2880/2698/951 2825/2902/951 2905/2699/951
f 2884/2701/952 2826/2894/952 2909/2702/952
f 2888/2704/953 2827/2886/953 2913/2705/953
f 2892/2707/954 2828/2878/954 2917/2708/954
f 2896/2710/1097 2829/2870/1097 2921/2711/1097
f 2900/2713/956 2830/2862/956 2925/2714/956
f 2927/2716/956 2854/2860/956 2902/2717/956
f 2928/2719/956 2855/2944/956 2929/2720/956
f 2931/2722/956 2853/2940/956 2901/2723/956
f 2932/2725/956 2856/2942/956 2933/2726/956
f 2924/2728/956 2852/2945/956 2934/2729/956
f 2936/2731/956 2857/2939/956 2937/2732/956
f 2923/2734/956 2851/2861/956 2938/2735/956
f 2939/2737/957 2850/2868/957 2898/2738/957
f 2940/2740/957 2858/2937/957 2941/2741/957
f 2943/2743/957 2849/2933/957 2897/2744/957
f 2944/2746/957 2859/2935/957 2945/2747/957
f 2920/2749/1097 2848/2938/1097 2946/2750/1097
f 2948/2752/957 2860/2932/957 2949/2753/957
f 2919/2755/1097 2847/2869/1097 2950/2756/1097
f 2951/2758/954 2846/2876/954 2894/2759/954
f 2952/2761/954 2861/2930/954 2953/2762/954
f 2955/2764/954 2845/2926/954 2893/2765/954
f 2956/2767/954 2862/2928/954 2957/2768/954
f 2916/2770/954 2844/2931/954 2958/2771/954
f 2960/2773/954 2863/2925/954 2961/2774/954
f 2915/2776/954 2843/2877/954 2962/2777/954
f 2963/2779/953 2842/2884/953 2890/2780/953
f 2964/2782/953 2864/2923/953 2965/2783/953
f 2967/2785/953 2841/2919/953 2889/2786/953
f 2968/2788/953 2865/2921/953 2969/2789/953
f 2912/2791/953 2840/2924/953 2970/2792/953
f 2972/2794/953 2866/2918/953 2973/2795/953
f 2911/2797/953 2839/2885/953 2974/2798/953
f 2975/2800/952 2838/2892/952 2886/2801/952
f 2976/2803/952 2867/2917/952 2977/2804/952
f 2979/2806/952 2837/2912/952 2885/2807/952
f 2908/2809/952 2836/2916/952 2982/2810/952
f 2984/2812/952 2869/2911/952 2985/2813/952
f 2907/2815/952 2835/2893/952 2986/2816/952
f 2987/2818/951 2834/2900/951 2882/2819/951
f 2988/2821/951 2870/2909/951 2989/2822/951
f 2991/2824/951 2833/2906/951 2881/2825/951
f 2992/2827/951 2871/2907/951 2993/2828/951
f 2904/2830/951 2832/2910/951 2994/2831/951
f 2996/2833/951 2872/2905/951 2997/2834/951
f 2903/2836/951 2831/2901/951 2998/2837/951
f 3000/2839/951 2873/2898/951 3001/2840/951
f 3004/2842/952 2874/2890/952 3005/2843/952
f 3008/2845/953 2875/2882/953 3009/2846/953
f 3012/2848/954 2876/2874/954 3013/2849/954
f 3016/2851/957 2877/2866/957 3017/2852/957
f 3020/2854/956 2878/2858/956 3021/2855/956
f 3023/2857/956 3022/2976/956 2878/2858/956
f 2926/2859/956 3023/2857/956 3020/2854/956
f 3024/2856/956 3021/2855/956 2851/2861/956
f 2902/2717/956 3024/2856/956 2923/2734/956
f 2854/2860/956 3020/2854/956 3024/2856/956
f 3021/2855/956 3025/2864/956 2899/2863/956
f 2878/2858/956 3019/2977/956 3025/2864/956
f 3026/2865/1098 3018/2974/1098 2877/2866/1098
f 2922/2867/1098 3026/2865/1098 3016/2851/1098
f 3027/2853/957 3017/2852/957 2847/2869/957
f 2898/2738/957 3027/2853/957 2919/2755/957
f 2850/2868/957 3016/2851/957 3027/2853/957
f 3017/2852/957 3028/2872/957 2895/2871/957
f 2877/2866/957 3015/2975/957 3028/2872/957
f 3029/2873/954 3014/2972/954 2876/2874/954
f 2918/2875/954 3029/2873/954 3012/2848/954
f 3030/2850/954 3013/2849/954 2843/2877/954
f 2894/2759/954 3030/2850/954 2915/2776/954
f 2846/2876/954 3012/2848/954 3030/2850/954
f 3013/2849/954 3031/2880/954 2891/2879/954
f 2876/2874/954 3011/2973/954 3031/2880/954
f 3032/2881/953 3010/2970/953 2875/2882/953
f 2914/2883/953 3032/2881/953 3008/2845/953
f 3033/2847/953 3009/2846/953 2839/2885/953
f 2890/2780/953 3033/2847/953 2911/2797/953
f 2842/2884/953 3008/2845/953 3033/2847/953
f 3009/2846/953 3034/2888/953 2887/2887/953
f 2875/2882/953 3007/2971/953 3034/2888/953
f 3035/2889/952 3006/3333/952 2874/2890/952
f 2910/2891/952 3035/2889/952 3004/2842/952
f 3036/2844/952 3005/2843/952 2835/2893/952
f 2886/2801/952 3036/2844/952 2907/2815/952
f 2838/2892/952 3004/2842/952 3036/2844/952
f 3005/2843/952 3037/2896/952 2883/2895/952
f 2874/2890/952 3003/3324/952 3037/2896/952
f 3038/2897/951 3002/3329/951 2873/2898/951
f 2906/2899/951 3038/2897/951 3000/2839/951
f 3039/2841/951 3001/2840/951 2831/2901/951
f 2882/2819/951 3039/2841/951 2903/2836/951
f 2834/2900/951 3000/2839/951 3039/2841/951
f 3001/2840/951 3040/2904/951 2879/2903/951
f 2873/2898/951 2999/3326/951 3040/2904/951
f 3041/2838/951 2998/2837/951 2872/2905/951
f 2905/2699/951 3041/2838/951 2996/2833/951
f 2825/2902/951 2903/2836/951 3041/2838/951
f 2833/2906/951 2996/2833/951 3042/2835/951
f 3043/2832/951 2994/2831/951 2871/2907/951
f 2871/2907/951 2991/2824/951 3045/2826/951
f 3046/2908/951 2990/2967/951 2870/2909/951
f 3047/2823/951 2989/2822/951 2832/2910/951
f 3048/2820/951 2882/2819/951 2825/2902/951
f 2989/2822/951 3048/2820/951 2880/2698/951
f 2870/2909/951 2987/2818/951 3048/2820/951
f 3049/2817/952 2986/2816/952 2869/2911/952
f 2909/2702/952 3049/2817/952 2984/2812/952
f 2826/2894/952 2907/2815/952 3049/2817/952
f 2837/2912/952 2984/2812/952 3050/2814/952
f 3051/2811/952 2982/2810/952 2868/2913/952
f 2868/2913/952 2979/2806/952 3052/2808/952
f 3053/2805/952 2977/2804/952 2836/2916/952
f 3054/2802/952 2886/2801/952 2826/2894/952
f 2977/2804/952 3054/2802/952 2884/2701/952
f 2867/2917/952 2975/2800/952 3054/2802/952
f 3055/2799/953 2974/2798/953 2866/2918/953
f 2913/2705/953 3055/2799/953 2972/2794/953
f 2827/2886/953 2911/2797/953 3055/2799/953
f 2841/2919/953 2972/2794/953 3056/2796/953
f 2866/2918/953 2971/2960/953 3057/2920/953
f 3058/2793/953 2970/2792/953 2865/2921/953
f 2865/2921/953 2967/2785/953 3060/2787/953
f 3061/2922/953 2966/2959/953 2864/2923/953
f 3062/2784/953 2965/2783/953 2840/2924/953
f 3063/2781/953 2890/2780/953 2827/2886/953
f 2965/2783/953 3063/2781/953 2888/2704/953
f 2864/2923/953 2963/2779/953 3063/2781/953
f 3064/2778/954 2962/2777/954 2863/2925/954
f 2917/2708/954 3064/2778/954 2960/2773/954
f 2828/2878/954 2915/2776/954 3064/2778/954
f 2845/2926/954 2960/2773/954 3065/2775/954
f 2863/2925/954 2959/2956/954 3066/2927/954
f 3067/2772/954 2958/2771/954 2862/2928/954
f 2862/2928/954 2955/2764/954 3069/2766/954
f 3070/2929/954 2954/2955/954 2861/2930/954
f 3071/2763/954 2953/2762/954 2844/2931/954
f 3072/2760/954 2894/2759/954 2828/2878/954
f 2953/2762/954 3072/2760/954 2892/2707/954
f 2861/2930/954 2951/2758/954 3072/2760/954
f 3073/2757/957 2950/2756/957 2860/2932/957
f 2921/2711/957 3073/2757/957 2948/2752/957
f 2829/2870/1097 2919/2755/1097 3073/2757/1097
f 2849/2933/957 2948/2752/957 3074/2754/957
f 2860/2932/957 2947/2952/957 3075/2934/957
f 3076/2751/957 2946/2750/957 2859/2935/957
f 2859/2935/957 2943/2743/957 3078/2745/957
f 3079/2936/1098 2942/2951/1098 2858/2937/1098
f 3080/2742/957 2941/2741/957 2848/2938/957
f 3081/2739/957 2898/2738/957 2829/2870/957
f 2941/2741/957 3081/2739/957 2896/2710/957
f 2858/2937/957 2939/2737/957 3081/2739/957
f 3082/2736/956 2938/2735/956 2857/2939/956
f 2925/2714/956 3082/2736/956 2936/2731/956
f 2830/2862/956 2923/2734/956 3082/2736/956
f 2853/2940/956 2936/2731/956 3083/2733/956
f 2857/2939/956 2935/2948/956 3084/2941/956
f 3085/2730/956 2934/2729/956 2856/2942/956
f 2856/2942/956 2931/2722/956 3087/2724/956
f 3088/2943/956 2930/2947/956 2855/2944/956
f 3089/2721/956 2929/2720/956 2852/2945/956
f 3090/2718/956 2902/2717/956 2830/2862/956
f 2929/2720/956 3090/2718/956 2900/2713/956
f 2855/2944/956 2927/2716/956 3090/2718/956
f 3091/2946/956 2926/2859/956 2854/2860/956
f 2930/2947/956 3091/2946/956 2927/2716/956
f 3092/2715/956 2925/2714/956 2853/2940/956
f 2934/2729/956 3092/2715/956 2931/2722/956
f 2852/2945/956 2900/2713/956 3092/2715/956
f 2938/2735/956 3093/2949/956 2935/2948/956
f 2851/2861/956 2899/2863/956 3093/2949/956
f 3094/2950/1098 2922/2867/1098 2850/2868/1098
f 2942/2951/1098 3094/2950/1098 2939/2737/1098
f 3095/2712/957 2921/2711/957 2849/2933/957
f 2946/2750/957 3095/2712/957 2943/2743/957
f 2848/2938/1097 2896/2710/1097 3095/2712/1097
f 2950/2756/957 3096/2953/957 2947/2952/957
f 2847/2869/1097 2895/2871/1097 3096/2953/1097
f 3097/2954/954 2918/2875/954 2846/2876/954
f 2954/2955/954 3097/2954/954 2951/2758/954
f 3098/2709/954 2917/2708/954 2845/2926/954
f 2958/2771/954 3098/2709/954 2955/2764/954
f 2844/2931/954 2892/2707/954 3098/2709/954
f 2962/2777/954 3099/2957/954 2959/2956/954
f 2843/2877/954 2891/2879/954 3099/2957/954
f 3100/2958/953 2914/2883/953 2842/2884/953
f 2966/2959/953 3100/2958/953 2963/2779/953
f 3101/2706/953 2913/2705/953 2841/2919/953
f 2970/2792/953 3101/2706/953 2967/2785/953
f 2840/2924/953 2888/2704/953 3101/2706/953
f 2974/2798/953 3102/2961/953 2971/2960/953
f 2839/2885/953 2887/2887/953 3102/2961/953
f 3103/2962/952 2910/2891/952 2838/2892/952
f 2978/2963/952 3103/2962/952 2975/2800/952
f 3104/2703/952 2909/2702/952 2837/2912/952
f 2982/2810/952 3104/2703/952 2979/2806/952
f 2836/2916/952 2884/2701/952 3104/2703/952
f 2986/2816/952 3105/2965/952 2983/2964/952
f 2835/2893/952 2883/2895/952 3105/2965/952
f 3106/2966/951 2906/2899/951 2834/2900/951
f 2990/2967/951 3106/2966/951 2987/2818/951
f 3107/2700/951 2905/2699/951 2833/2906/951
f 2994/2831/951 3107/2700/951 2991/2824/951
f 2832/2910/951 2880/2698/951 3107/2700/951
f 2998/2837/951 3108/2969/951 2995/2968/951
f 2831/2901/951 2879/2903/951 3108/2969/951
f 3010/2970/953 3109/3283/953 3007/2971/953
f 3014/2972/954 3110/3292/954 3011/2973/954
f 3018/2974/1098 3111/3296/1098 3015/2975/1098
f 3022/2976/956 3112/3288/956 3019/2977/956
f 3115/3042/997 3116/3269/997 3206/3103/997
f 3209/3105/1099 3119/2978/1099 3121/2980/1099
f 3211/3107/1100 3117/3285/1100 3118/3108/1100
f 3216/3110/1101 3128/2981/1101 3130/2983/1101
f 3126/3112/1102 3127/3277/1102 3217/3113/1102
f 3122/3115/1103 3123/3289/1103 3225/3116/1103
f 3131/3118/1003 3132/3244/1003 3233/3119/1003
f 3236/3121/1042 3133/3245/1042 3134/3122/1042
f 3135/3124/1104 3136/3246/1104 3237/3125/1104
f 3137/3127/1105 3138/3247/1105 3239/3128/1105
f 3139/3130/1007 3140/3248/1007 3241/3131/1007
f 3141/3133/1008 3142/3249/1008 3243/3134/1008
f 3143/3136/1106 3144/3250/1106 3245/3137/1106
f 3145/3139/1010 3146/3251/1010 3247/3140/1010
f 3147/3142/1107 3148/3252/1107 3249/3143/1107
f 3252/3145/1047 3149/3253/1047 3150/3146/1047
f 3151/3148/1048 3152/3254/1048 3253/3149/1048
f 3153/3151/1014 3154/3255/1014 3255/3152/1014
f 3155/3154/1003 3156/3219/1003 3257/3155/1003
f 3157/3157/1108 3158/3220/1108 3259/3158/1108
f 3262/3160/1030 3159/3221/1030 3160/3161/1030
f 3264/3163/1109 3161/3222/1109 3162/3164/1109
f 3163/3166/1007 3164/3224/1007 3265/3167/1007
f 3165/3169/1008 3166/3225/1008 3267/3170/1008
f 3167/3172/1110 3168/3226/1110 3269/3173/1110
f 3169/3175/1010 3170/3227/1010 3271/3176/1010
f 3274/3178/1019 3171/3228/1019 3172/3179/1019
f 3173/3181/1111 3174/3229/1111 3275/3182/1111
f 3278/3184/1040 3175/3230/1040 3176/3185/1040
f 3280/3187/1041 3177/3231/1041 3178/3188/1041
f 3283/3190/1003 3179/3232/1003 3180/3191/1003
f 3285/3193/1112 3181/3233/1112 3182/3194/1112
f 3286/3003/1022 3183/3234/1022 3184/3196/1022
f 3290/3197/1113 3185/3235/1113 3186/3198/1113
f 3293/3008/1007 3187/3236/1007 3188/3200/1007
f 3189/3201/1008 3190/3237/1008 3294/3202/1008
f 3191/3204/1114 3192/3238/1114 3296/3205/1114
f 3298/3009/1010 3193/3239/1010 3194/3207/1010
f 3195/3208/1025 3196/3240/1025 3301/3209/1025
f 3304/3211/1115 3197/3241/1115 3198/3212/1115
f 3307/3214/1116 3199/3242/1116 3200/3215/1116
f 3310/3016/1117 3201/3243/1117 3202/3217/1117
f 3203/3218/1003 3205/3341/1003 3156/3219/1003
f 3207/3104/1118 3206/3103/1118 3158/3220/1118
f 3159/3221/998 3209/3105/998 3208/3106/998
f 3161/3222/999 3211/3107/999 3210/3109/999
f 3212/3223/1007 3214/3342/1007 3164/3224/1007
f 3216/3110/1008 3215/3111/1008 3166/3225/1008
f 3218/3114/1119 3217/3113/1119 3168/3226/1119
f 3219/2989/1010 3221/2991/1010 3170/3227/1010
f 3222/2992/1019 3224/2994/1019 3172/3179/1019
f 3226/3117/1120 3225/3116/1120 3174/3229/1120
f 3227/2995/1121 3229/2997/1121 3176/3185/1121
f 3230/2998/1122 3232/3000/1122 3178/3188/1122
f 3234/3120/1003 3233/3119/1003 3180/3191/1003
f 3181/3233/1123 3236/3121/1123 3235/3123/1123
f 3238/3126/1124 3237/3125/1124 3184/3196/1124
f 3185/3235/1125 3240/3129/1125 3239/3128/1125
f 3242/3132/1007 3241/3131/1007 3188/3200/1007
f 3244/3135/1008 3243/3134/1008 3190/3237/1008
f 3191/3204/1126 3246/3138/1126 3245/3137/1126
f 3248/3141/1010 3247/3140/1010 3194/3207/1010
f 3250/3144/1011 3249/3143/1011 3196/3240/1011
f 3197/3241/1127 3252/3145/1127 3251/3147/1127
f 3254/3150/1013 3253/3149/1013 3200/3215/1013
f 3256/3153/1014 3255/3152/1014 3202/3217/1014
f 3258/3156/1003 3257/3155/1003 3132/3244/1003
f 3260/3159/1128 3259/3158/1128 3134/3122/1128
f 3135/3124/1016 3262/3160/1016 3261/3162/1016
f 3264/3163/1129 3263/3165/1129 3138/3247/1129
f 3266/3168/1007 3265/3167/1007 3140/3248/1007
f 3268/3171/1008 3267/3170/1008 3142/3249/1008
f 3143/3136/1130 3270/3174/1130 3269/3173/1130
f 3272/3177/1010 3271/3176/1010 3146/3251/1010
f 3147/3142/1131 3274/3178/1131 3273/3180/1131
f 3276/3183/1132 3275/3182/1132 3150/3146/1132
f 3151/3148/1013 3278/3184/1013 3277/3186/1013
f 3153/3151/1014 3280/3187/1014 3279/3189/1014
f 3114/3256/1133 3285/3193/1133 3284/3195/1133
f 3290/3197/1134 3289/3199/1134 3121/2980/1134
f 3295/3203/1135 3294/3202/1135 3120/2979/1135
f 3129/2982/1136 3297/3206/1136 3296/3205/1136
f 3302/3210/1025 3301/3209/1025 3129/2982/1025
f 3125/3258/1054 3304/3211/1054 3303/3213/1054
f 3310/3260/1055 3309/3270/1055 3311/3017/1055
f 3312/3018/1056 3223/2993/1056 3222/2992/1056
f 3307/3214/1010 3306/3339/1010 3314/3020/1010
f 3315/3021/1057 3204/3336/1057 3203/3218/1057
f 3212/3223/1010 3318/3024/1010 3317/3023/1010
f 3283/3190/1058 3282/3338/1058 3319/3025/1058
f 3320/3026/1003 3322/3028/1003 3293/3008/1003
f 3219/2989/1058 3322/3028/1058 3321/3027/1058
f 3323/3029/1059 3231/3337/1059 3230/3262/1059
f 3325/3031/1056 3324/3030/1056 3286/3263/1056
f 3326/3032/1003 3228/2996/1003 3227/2995/1003
f 3328/3034/1057 3327/3033/1057 3298/3009/1057
f 3331/3036/1059 3333/3038/1059 3332/3037/1059
f 3339/3265/1060 3338/3284/1060 3335/3040/1060
f 3342/3046/1055 3341/3045/1055 3340/3044/1055
f 3345/3266/1060 3344/3266/1060 3334/3039/1060
f 3346/3049/1055 3345/3048/1055 3348/3051/1055
f 3331/3036/1056 3330/2993/1056 3349/3052/1056
f 3352/3055/1059 3337/3340/1059 3336/3267/1059
f 3352/3055/1056 3351/3054/1056 3343/3264/1056
f 3351/3054/1061 3350/3053/1061 3323/3029/1061
f 3335/3040/1137 3232/3000/1137 3231/2999/1137
f 3115/3042/1138 3338/3042/1138 3340/3044/1138
f 3288/3005/1064 3287/3004/1064 3341/3045/1064
f 3332/3037/1139 3334/3039/1139 3125/3258/1139
f 3309/3270/1140 3308/3047/1140 3344/3047/1140
f 3223/2993/1061 3330/2993/1061 3329/3035/1061
f 3311/3017/1064 3347/3050/1064 3349/3052/1064
f 3355/3058/1003 3357/3060/1003 3356/3059/1003
f 3361/3064/1007 3363/3066/1007 3362/3065/1007
f 3367/3069/1010 3369/3071/1010 3368/3070/1010
f 3375/3077/1067 3374/3076/1067 3371/3073/1067
f 3378/3080/1003 3377/3079/1003 3364/3067/1003
f 3381/3083/1007 3380/3082/1007 3370/3072/1007
f 3384/3086/1010 3383/3085/1010 3376/3078/1010
f 3387/3089/1067 3386/3088/1067 3358/3061/1067
f 3388/3090/1010 3387/3089/1010 3390/3092/1010
f 3355/3058/1057 3354/3057/1057 3391/3093/1057
f 3392/3094/1010 3394/3096/1010 3361/3064/1010
f 3379/3081/1058 3378/3080/1058 3394/3096/1058
f 3396/3098/1003 3395/3097/1003 3382/3084/1003
f 3397/3099/1058 3396/3098/1058 3367/3069/1058
f 3400/3102/1003 3373/3075/1003 3372/3074/1003
f 3400/3102/1057 3399/3101/1057 3385/3087/1057
f 3395/3097/1068 3397/3099/1068 3321/3027/1068
f 3365/3068/1069 3221/2991/1069 3220/2990/1069
f 3228/2996/1141 3372/3074/1141 3371/3073/1141
f 3376/3078/1142 3123/3289/1142 3122/3115/1142
f 3356/3271/1143 3358/3256/1143 3114/3256/1143
f 3306/3013/1144 3305/3012/1144 3386/3272/1144
f 3383/3085/1074 3385/3087/1074 3300/3011/1074
f 3326/3032/1075 3328/3034/1075 3399/3101/1075
f 3213/2987/1076 3360/2986/1076 3359/3274/1076
f 3118/3108/1077 3117/3285/1077 3362/3275/1077
f 3391/3093/1074 3315/3021/1074 3314/3020/1074
f 3368/3070/1078 3370/3072/1078 3127/3277/1078
f 3292/3007/1079 3291/3006/1079 3380/3082/1079
f 3393/3095/1069 3392/3094/1069 3317/3023/1069
f 3353/3278/1075 3205/2985/1075 3204/2984/1075
f 3377/3279/1068 3379/3002/1068 3282/3002/1068
f 3113/3257/956 3205/2985/956 3353/3278/956
f 3113/3257/956 3284/3195/956 3086/2727/956
f 3305/3012/1080 3057/2920/1080 3285/3280/1080
f 3114/3281/1086 3358/3281/1086 3386/3272/1086
f 3116/3269/956 3287/3004/956 3088/2943/956
f 3116/3269/956 3340/3044/956 3341/3045/956
f 3232/3000/1082 3115/3265/1082 3207/3282/1082
f 3115/3265/1145 3232/3000/1145 3335/3040/1145
f 3281/3001/956 3084/2941/956 3210/3109/956
f 3118/3108/956 3364/3276/956 3377/3279/956
f 3211/3107/957 3077/2748/957 3214/2988/957
f 3117/3285/957 3214/2988/957 3359/3274/957
f 3295/3286/951 3119/3343/951 3209/3287/951
f 3208/3106/1084 3121/2980/1084 3289/3199/1084
f 3290/3197/1146 3120/2979/1146 3294/3202/1146
f 3066/2927/954 3225/3116/954 3123/3289/954
f 3123/3289/954 3376/3078/954 3383/3085/954
f 3226/3117/1080 3059/2790/1080 3229/3290/1080
f 3122/3115/1147 3229/3290/1147 3371/3291/1147
f 3124/3259/954 3224/2994/954 3329/3035/954
f 3110/3292/954 3224/2994/954 3124/3259/954
f 3304/3211/1082 3125/3258/1082 3308/3014/1082
f 3125/3258/1083 3334/3039/1083 3344/3266/1083
f 3291/3293/957 3075/2934/957 3217/3113/957
f 3127/3277/957 3370/3072/957 3380/3294/957
f 3218/3114/954 3068/2769/954 3221/2991/954
f 3126/3112/954 3221/2991/954 3365/3068/954
f 3216/3295/951 3044/2829/951 3302/3210/951
f 3215/3111/1148 3130/2983/1148 3296/3205/1148
f 3297/3206/1088 3129/2982/1088 3301/3209/1088
f 2901/2723/956 3083/2733/956 3233/3297/956
f 3087/2724/956 2901/2723/956 3132/3298/956
f 3052/2808/952 2885/2807/952 3131/3118/952
f 2885/2807/952 3050/2814/952 3258/3156/952
f 3235/3123/956 3134/3122/956 2924/2728/956
f 2887/2887/953 3133/3301/953 3236/3300/953
f 3034/2888/953 3260/3317/953 3133/3301/953
f 3259/3158/956 3089/2721/956 2924/2728/956
f 2906/2899/951 3135/3303/951 3238/3302/951
f 3136/3246/1084 3261/3162/1084 3023/2857/1084
f 3106/2966/951 3262/3319/951 3135/3303/951
f 3237/3125/1149 3136/3246/1149 2926/2859/1149
f 3240/3129/957 3080/2742/957 2920/2749/957
f 3025/2864/956 3239/3128/956 3138/3247/956
f 3093/2949/956 2899/2863/956 3138/3247/956
f 3137/3127/1150 2920/2749/1150 3076/2751/1150
f 2897/2744/957 3074/2754/957 3241/3304/957
f 3078/2745/957 2897/2744/957 3140/3305/957
f 3139/3130/952 2908/2809/952 3051/2811/952
f 3242/3132/952 3053/2805/952 2908/2809/952
f 3244/3307/951 3047/2823/951 2904/2830/951
f 3142/3249/1085 3267/3170/1085 3026/2865/1085
f 3141/3308/951 2904/2830/951 3043/2832/951
f 3243/3134/1085 3142/3249/1085 2922/2867/1085
f 3246/3138/954 3071/2763/954 2916/2770/954
f 3028/2872/1151 3245/3137/1151 3144/3250/1151
f 3096/2953/1097 2895/2871/1097 3144/3250/1097
f 3270/3174/954 3143/3136/954 2916/2770/954
f 2893/2765/954 3065/2775/954 3247/3140/954
f 3069/2766/954 2893/2765/954 3146/3251/954
f 3272/3177/952 3145/3139/952 2910/2891/952
f 3145/3139/952 3248/3141/952 3035/2889/952
f 3045/2826/951 2881/2825/951 3147/3142/951
f 2881/2825/951 3042/2835/951 3274/3178/951
f 2918/2875/1152 3148/3252/1152 3273/3180/1152
f 3097/2954/1088 3249/3143/1088 3148/3252/1088
f 3252/3145/953 3062/2784/953 2912/2791/953
f 2891/2879/954 3031/2880/954 3251/3147/954
f 2891/2879/954 3150/3146/954 3275/3182/954
f 3149/3253/953 2912/2791/953 3058/2793/953
f 2889/2786/953 3056/2796/953 3253/3310/953
f 3060/2787/953 2889/2786/953 3152/3311/953
f 2883/2895/952 3151/3148/952 3254/3150/952
f 2883/2895/952 3037/2896/952 3278/3184/952
f 3255/3152/953 3154/3255/953 2914/2883/953
f 2879/2903/951 3153/3315/951 3256/3313/951
f 2879/2903/951 3040/2904/951 3280/3314/951
f 3154/3255/953 3279/3189/953 3032/2881/953
f 2933/2726/956 3087/2724/956 3257/3299/956
f 2985/2813/952 3316/3022/952 3203/3218/952
f 3205/2985/956 3086/2727/956 2933/2726/956
f 3050/2814/952 2985/2813/952 3155/3154/952
f 3158/3220/956 2928/2719/956 3089/2721/956
f 3007/2971/953 3157/3318/953 3260/3317/953
f 3109/3283/953 3207/3282/953 3157/3318/953
f 3206/3103/956 3088/2943/956 2928/2719/956
f 2990/2967/951 3159/3320/951 3262/3319/951
f 3160/3161/1084 3208/3106/1084 3112/3288/1084
f 3046/2908/951 3209/3287/951 3159/3320/951
f 3261/3162/1084 3160/3161/1084 3022/2976/1084
f 2935/2948/956 3093/2949/956 3263/3165/956
f 3084/2941/956 2935/2948/956 3162/3164/956
f 3161/3222/957 2944/2746/957 3077/2748/957
f 3264/3163/957 3076/2751/957 2944/2746/957
f 2945/2747/957 3078/2745/957 3265/3306/957
f 3077/2748/957 2945/2747/957 3164/3321/957
f 3212/3223/952 3163/3166/952 2980/2914/952
f 3266/3168/952 3051/2811/952 2980/2914/952
f 3268/3309/951 3043/2832/951 2992/2827/951
f 3166/3225/1085 3215/3111/1085 3111/3296/1085
f 3165/3322/951 2992/2827/951 3044/2829/951
f 3267/3170/1085 3166/3225/1085 3018/2974/1085
f 2947/2952/957 3096/2953/957 3269/3173/957
f 3075/2934/957 2947/2952/957 3168/3226/957
f 3167/3172/954 2956/2767/954 3068/2769/954
f 3270/3174/954 3067/2772/954 2956/2767/954
f 3169/3175/952 3272/3177/952 3103/2962/952
f 2957/2768/954 3069/2766/954 3271/3176/954
f 3068/2769/954 2957/2768/954 3170/3227/954
f 3219/2989/952 3169/3175/952 2978/2963/952
f 3042/2835/951 2997/2834/951 3171/3228/951
f 2997/2834/951 3313/3019/951 3222/2992/951
f 3014/2972/954 3172/3179/954 3224/2994/954
f 3029/2873/954 3273/3180/954 3172/3179/954
f 3099/2957/954 3275/3182/954 3174/3229/954
f 2959/2956/954 3174/3229/954 3225/3116/954
f 3173/3181/953 2968/2788/953 3059/2790/953
f 3276/3183/953 3058/2793/953 2968/2788/953
f 2969/2789/953 3060/2787/953 3277/3312/953
f 3003/3324/952 3327/3033/952 3227/2995/952
f 3059/2790/953 2969/2789/953 3176/3323/953
f 3037/2896/952 3003/3324/952 3175/3230/952
f 3279/3189/953 3178/3188/953 3010/2970/953
f 3040/2904/951 2999/3326/951 3177/3325/951
f 2999/3326/951 3324/3030/951 3230/3262/951
f 3178/3188/1153 3232/3000/1153 3109/3283/1153
f 3180/3327/956 2937/2732/956 3084/2941/956
f 2981/2915/952 3052/2808/952 3234/3120/952
f 3083/2733/956 2937/2732/956 3180/3327/956
f 3283/3190/952 3318/3024/952 2981/2915/952
f 3284/3195/956 3182/3194/956 2932/2725/956
f 2971/2960/953 3181/3328/953 3285/3280/953
f 3102/2961/953 3236/3300/953 3181/3328/953
f 3182/3194/956 3235/3123/956 3085/2730/956
f 3002/3329/951 3183/3330/951 3286/3263/951
f 3184/3196/956 3237/3125/956 3091/2946/956
f 3287/3004/956 3184/3196/956 2930/2947/956
f 3038/2897/951 3238/3302/951 3183/3330/951
f 3019/2977/956 3112/3288/956 3289/3199/956
f 3025/2864/956 3019/2977/956 3186/3198/956
f 3240/3129/1154 3185/3235/1154 2940/2740/1154
f 3185/3235/1155 3290/3197/1155 3079/2936/1155
f 3188/3331/957 2949/2753/957 3075/2934/957
f 3074/2754/957 2949/2753/957 3188/3331/957
f 3187/3236/952 2976/2803/952 3053/2805/952
f 3293/3008/952 3322/3028/952 2976/2803/952
f 3295/3286/951 3046/2908/951 2988/2821/951
f 3190/3237/1085 3243/3134/1085 3094/2950/1085
f 3294/3202/1085 3190/3237/1085 2942/2951/1085
f 3189/3332/951 2988/2821/951 3047/2823/951
f 3015/2975/1098 3111/3296/1098 3296/3205/1098
f 3028/2872/957 3015/2975/957 3192/3238/957
f 3246/3138/954 3191/3204/954 2952/2761/954
f 3297/3206/954 3070/2929/954 2952/2761/954
f 3006/3333/952 3193/3239/952 3298/3009/952
f 2961/2774/954 3066/2927/954 3299/3010/954
f 3065/2775/954 2961/2774/954 3194/3207/954
f 3248/3141/952 3193/3239/952 3006/3333/952
f 3044/2829/951 2993/2828/951 3195/3208/951
f 2993/2828/951 3045/2826/951 3250/3144/951
f 2954/2955/1088 3196/3240/1088 3249/3143/1088
f 3070/2929/1088 3301/3209/1088 3196/3240/1088
f 3011/2973/954 3110/3292/954 3303/3213/954
f 3031/2880/954 3011/2973/954 3198/3212/954
f 3197/3241/953 2964/2782/953 3062/2784/953
f 3304/3211/953 3061/2922/953 2964/2782/953
f 3200/3334/953 2973/2795/953 3057/2920/953
f 3105/2965/952 3254/3150/952 3199/3242/952
f 3056/2796/953 2973/2795/953 3200/3334/953
f 2983/2964/952 3199/3242/952 3307/3214/952
f 2995/2968/951 3201/3335/951 3310/3260/951
f 3108/2969/951 3256/3313/951 3201/3335/951
f 3202/3217/953 3255/3152/953 3100/2958/953
f 3061/2922/1156 3308/3014/1156 3202/3217/1156
f 3315/3021/1095 3391/3093/1095 3354/3057/1095
f 3317/3023/954 3392/3094/954 3360/3063/954
f 3321/3027/953 3397/3099/953 3366/2990/953
f 3312/3018/1096 3349/3052/1096 3330/2993/1096
f 3228/2996/956 3326/3032/956 3398/3100/956
f 3231/3337/954 3323/3029/954 3350/3053/954
f 3282/3338/953 3379/3081/953 3393/3095/953
f 3288/3264/1096 3343/3264/1096 3351/3054/1096
f 3292/3007/956 3382/3084/956 3395/3097/956
f 3300/3011/1095 3385/3087/1095 3399/3101/1095
f 3306/3339/954 3388/3090/954 3389/3091/954
f 3309/3270/956 3346/3049/956 3347/3050/956
f 2872/2905/951 2995/2968/951 3313/3019/951
f 2869/2911/952 2983/2964/952 3316/3022/952
f 3318/3024/952 2980/2914/952 2868/2913/952
f 3322/3028/952 2978/2963/952 2867/2917/952
f 2873/2898/951 3002/3329/951 3324/3030/951
f 2874/2890/952 3006/3333/952 3327/3033/952
f 3348/3051/951 3345/3048/951 3333/3038/951
f 3342/3268/951 3339/3344/951 3337/3340/951
f 3390/3092/952 3387/3089/952 3357/3060/952
f 3361/3064/952 3394/3096/952 3378/3080/952
f 3369/3071/952 3367/3069/952 3396/3098/952
f 3384/3086/952 3375/3077/952 3373/3075/952
