# Blender 5.2.0 LTS
# www.blender.org
mtllib Toilet.mtl
o Cylinder
v 5.747276 0.259772 -33.263390
v 5.901317 1.656588 -33.021011
v 6.000402 0.259772 -33.246243
v 6.085692 1.656588 -33.008522
v 6.243802 0.259772 -33.195461
v 6.262981 1.656588 -32.971535
v 6.468120 0.259772 -33.112999
v 6.426372 1.656588 -32.911469
v 6.664736 0.259772 -33.002022
v 6.569585 1.656588 -32.830635
v 6.826095 0.259772 -32.866795
v 6.687117 1.656588 -32.732136
v 6.945995 0.259772 -32.712517
v 6.774451 1.656588 -32.619762
v 7.019830 0.259772 -32.545113
v 6.828231 1.656588 -32.497829
v 7.044761 0.259772 -32.371021
v 6.846391 1.656588 -32.371021
v 7.019830 0.259772 -32.196930
v 6.828231 1.656588 -32.244213
v 6.945995 0.259772 -32.029526
v 6.774451 1.656588 -32.122280
v 6.826095 0.259772 -31.875248
v 6.687117 1.656588 -32.009907
v 6.664736 0.259772 -31.740023
v 6.569585 1.656588 -31.911409
v 6.468120 0.259772 -31.629045
v 6.426372 1.656588 -31.830574
v 6.243802 0.259772 -31.546581
v 6.262981 1.656588 -31.770508
v 6.000402 0.259772 -31.495800
v 6.085692 1.656588 -31.733521
v 5.747276 0.259772 -31.478655
v 5.901317 1.656588 -31.721031
v 5.494149 0.259772 -31.495800
v 5.716942 1.656588 -31.733521
v 5.250750 0.259772 -31.546581
v 5.539653 1.656588 -31.770508
v 5.026432 0.259772 -31.629045
v 5.376262 1.656588 -31.830574
v 4.829815 0.259772 -31.740023
v 5.233049 1.656588 -31.911409
v 4.668457 0.259772 -31.875248
v 5.115517 1.656588 -32.009907
v 4.548556 0.259772 -32.029526
v 5.028183 1.656588 -32.122280
v 4.474722 0.259772 -32.196930
v 4.974403 1.656588 -32.244213
v 4.449791 0.259772 -32.371021
v 4.956244 1.656588 -32.371021
v 4.474722 0.259772 -32.545113
v 4.974403 1.656588 -32.497829
v 4.548556 0.259772 -32.712517
v 5.028183 1.656588 -32.619762
v 4.668457 0.259772 -32.866795
v 5.115517 1.656588 -32.732136
v 4.829815 0.259772 -33.002022
v 5.233049 1.656588 -32.830635
v 5.026432 0.259772 -33.112999
v 5.376262 1.656588 -32.911469
v 5.250750 0.259772 -33.195461
v 5.539653 1.656588 -32.971535
v 5.494149 0.259772 -33.246243
v 5.716942 1.656588 -33.008522
vn 0.0667 0.1634 -0.9843
vn 0.2019 0.1523 -0.9675
vn 0.3414 0.1442 -0.9288
vn 0.4868 0.1390 -0.8624
vn 0.6363 0.1365 -0.7593
vn 0.7822 0.1364 -0.6079
vn 0.9062 0.1378 -0.3997
vn 0.9803 0.1392 -0.1404
vn 0.9803 0.1392 0.1404
vn 0.9062 0.1378 0.3997
vn 0.7822 0.1364 0.6079
vn 0.6363 0.1365 0.7593
vn 0.4868 0.1390 0.8624
vn 0.3414 0.1442 0.9288
vn 0.2019 0.1523 0.9675
vn 0.0667 0.1634 0.9843
vn -0.0665 0.1777 0.9818
vn -0.2003 0.1953 0.9601
vn -0.3369 0.2166 0.9163
vn -0.4770 0.2414 0.8451
vn -0.6186 0.2692 0.7382
vn -0.7538 0.2977 0.5858
vn -0.8660 0.3227 0.3820
vn -0.9317 0.3378 0.1334
vn -0.9317 0.3378 -0.1334
vn -0.8660 0.3227 -0.3820
vn -0.7538 0.2977 -0.5858
vn -0.6186 0.2692 -0.7382
vn -0.4770 0.2414 -0.8451
vn -0.3369 0.2166 -0.9163
vn -0.0000 1.0000 -0.0000
vn -0.2003 0.1953 -0.9601
vn -0.0665 0.1777 -0.9818
vn -0.0000 -1.0000 -0.0000
vt 1.000000 1.000000
vt 0.968750 0.500000
vt 1.000000 0.500000
vt 0.968750 1.000000
vt 0.937500 0.500000
vt 0.937500 1.000000
vt 0.906250 0.500000
vt 0.906250 1.000000
vt 0.875000 0.500000
vt 0.875000 1.000000
vt 0.843750 0.500000
vt 0.843750 1.000000
vt 0.812500 0.500000
vt 0.812500 1.000000
vt 0.781250 0.500000
vt 0.781250 1.000000
vt 0.750000 0.500000
vt 0.718750 1.000000
vt 0.718750 0.500000
vt 0.687500 1.000000
vt 0.687500 0.500000
vt 0.656250 1.000000
vt 0.656250 0.500000
vt 0.625000 1.000000
vt 0.625000 0.500000
vt 0.593750 1.000000
vt 0.593750 0.500000
vt 0.562500 1.000000
vt 0.562500 0.500000
vt 0.531250 1.000000
vt 0.531250 0.500000
vt 0.500000 1.000000
vt 0.500000 0.500000
vt 0.468750 1.000000
vt 0.468750 0.500000
vt 0.437500 1.000000
vt 0.437500 0.500000
vt 0.406250 1.000000
vt 0.406250 0.500000
vt 0.375000 1.000000
vt 0.375000 0.500000
vt 0.343750 1.000000
vt 0.343750 0.500000
vt 0.312500 1.000000
vt 0.312500 0.500000
vt 0.281250 1.000000
vt 0.281250 0.500000
vt 0.250000 1.000000
vt 0.250000 0.500000
vt 0.218750 0.500000
vt 0.218750 1.000000
vt 0.187500 0.500000
vt 0.187500 1.000000
vt 0.156250 0.500000
vt 0.156250 1.000000
vt 0.125000 0.500000
vt 0.125000 1.000000
vt 0.093750 0.500000
vt 0.093750 1.000000
vt 0.062500 0.500000
vt 0.158156 0.028269
vt 0.471731 0.158156
vt 0.341844 0.471731
vt 0.062500 1.000000
vt 0.031250 0.500000
vt 0.031250 1.000000
vt 0.000000 0.500000
vt 0.796822 0.014612
vt 0.514612 0.203178
vt 0.703178 0.485388
vt 0.750000 1.000000
vt 0.296822 0.485388
vt 0.250000 0.490000
vt 0.203178 0.485388
vt 0.158156 0.471731
vt 0.116663 0.449553
vt 0.080294 0.419706
vt 0.050447 0.383337
vt 0.028269 0.341844
vt 0.014612 0.296822
vt 0.010000 0.250000
vt 0.014612 0.203178
vt 0.028269 0.158156
vt 0.050447 0.116663
vt 0.080294 0.080294
vt 0.116663 0.050447
vt 0.203178 0.014612
vt 0.250000 0.010000
vt 0.296822 0.014612
vt 0.341844 0.028269
vt 0.383337 0.050447
vt 0.419706 0.080294
vt 0.449553 0.116663
vt 0.485388 0.203178
vt 0.490000 0.250000
vt 0.485388 0.296822
vt 0.471731 0.341844
vt 0.449553 0.383337
vt 0.419706 0.419706
vt 0.383337 0.449553
vt 0.000000 1.000000
vt 0.750000 0.490000
vt 0.796822 0.485388
vt 0.841844 0.471731
vt 0.883337 0.449553
vt 0.919706 0.419706
vt 0.949553 0.383337
vt 0.971731 0.341844
vt 0.985388 0.296822
vt 0.990000 0.250000
vt 0.985388 0.203178
vt 0.971731 0.158156
vt 0.949553 0.116663
vt 0.919706 0.080294
vt 0.883337 0.050447
vt 0.841844 0.028269
vt 0.750000 0.010000
vt 0.703178 0.014612
vt 0.658156 0.028269
vt 0.616663 0.050447
vt 0.580294 0.080294
vt 0.550447 0.116663
vt 0.528269 0.158156
vt 0.510000 0.250000
vt 0.514612 0.296822
vt 0.528269 0.341844
vt 0.550447 0.383337
vt 0.580294 0.419706
vt 0.616663 0.449553
vt 0.658156 0.471731
s 0
f 2/1/1 3/2/1 1/3/1
f 4/4/2 5/5/2 3/2/2
f 6/6/3 7/7/3 5/5/3
f 8/8/4 9/9/4 7/7/4
f 10/10/5 11/11/5 9/9/5
f 12/12/6 13/13/6 11/11/6
f 14/14/7 15/15/7 13/13/7
f 16/16/8 17/17/8 15/15/8
f 17/17/9 20/18/9 19/19/9
f 19/19/10 22/20/10 21/21/10
f 21/21/11 24/22/11 23/23/11
f 23/23/12 26/24/12 25/25/12
f 25/25/13 28/26/13 27/27/13
f 27/27/14 30/28/14 29/29/14
f 29/29/15 32/30/15 31/31/15
f 31/31/16 34/32/16 33/33/16
f 33/33/17 36/34/17 35/35/17
f 35/35/18 38/36/18 37/37/18
f 37/37/19 40/38/19 39/39/19
f 39/39/20 42/40/20 41/41/20
f 41/41/21 44/42/21 43/43/21
f 43/43/22 46/44/22 45/45/22
f 45/45/23 48/46/23 47/47/23
f 47/47/24 50/48/24 49/49/24
f 50/48/25 51/50/25 49/49/25
f 52/51/26 53/52/26 51/50/26
f 54/53/27 55/54/27 53/52/27
f 56/55/28 57/56/28 55/54/28
f 58/57/29 59/58/29 57/56/29
f 60/59/30 61/60/30 59/58/30
f 38/61/31 22/62/31 6/63/31
f 62/64/32 63/65/32 61/60/32
f 64/66/33 1/67/33 63/65/33
f 31/68/34 47/69/34 63/70/34
f 2/1/1 4/4/1 3/2/1
f 4/4/2 6/6/2 5/5/2
f 6/6/3 8/8/3 7/7/3
f 8/8/4 10/10/4 9/9/4
f 10/10/5 12/12/5 11/11/5
f 12/12/6 14/14/6 13/13/6
f 14/14/7 16/16/7 15/15/7
f 16/16/8 18/71/8 17/17/8
f 17/17/9 18/71/9 20/18/9
f 19/19/10 20/18/10 22/20/10
f 21/21/11 22/20/11 24/22/11
f 23/23/12 24/22/12 26/24/12
f 25/25/13 26/24/13 28/26/13
f 27/27/14 28/26/14 30/28/14
f 29/29/15 30/28/15 32/30/15
f 31/31/16 32/30/16 34/32/16
f 33/33/17 34/32/17 36/34/17
f 35/35/18 36/34/18 38/36/18
f 37/37/19 38/36/19 40/38/19
f 39/39/20 40/38/20 42/40/20
f 41/41/21 42/40/21 44/42/21
f 43/43/22 44/42/22 46/44/22
f 45/45/23 46/44/23 48/46/23
f 47/47/24 48/46/24 50/48/24
f 50/48/25 52/51/25 51/50/25
f 52/51/26 54/53/26 53/52/26
f 54/53/27 56/55/27 55/54/27
f 56/55/28 58/57/28 57/56/28
f 58/57/29 60/59/29 59/58/29
f 60/59/30 62/64/30 61/60/30
f 6/63/31 4/72/31 2/73/31
f 2/73/31 64/74/31 62/75/31
f 62/75/31 60/76/31 58/77/31
f 58/77/31 56/78/31 54/79/31
f 54/79/31 52/80/31 50/81/31
f 50/81/31 48/82/31 46/83/31
f 46/83/31 44/84/31 42/85/31
f 42/85/31 40/86/31 38/61/31
f 38/61/31 36/87/31 34/88/31
f 34/88/31 32/89/31 30/90/31
f 30/90/31 28/91/31 26/92/31
f 26/92/31 24/93/31 22/62/31
f 22/62/31 20/94/31 18/95/31
f 18/95/31 16/96/31 14/97/31
f 14/97/31 12/98/31 10/99/31
f 10/99/31 8/100/31 6/63/31
f 6/63/31 2/73/31 62/75/31
f 62/75/31 58/77/31 54/79/31
f 54/79/31 50/81/31 46/83/31
f 46/83/31 42/85/31 38/61/31
f 38/61/31 34/88/31 30/90/31
f 30/90/31 26/92/31 22/62/31
f 22/62/31 18/95/31 14/97/31
f 14/97/31 10/99/31 6/63/31
f 6/63/31 62/75/31 54/79/31
f 54/79/31 46/83/31 38/61/31
f 38/61/31 30/90/31 22/62/31
f 22/62/31 14/97/31 6/63/31
f 6/63/31 54/79/31 38/61/31
f 62/64/32 64/66/32 63/65/32
f 64/66/33 2/101/33 1/67/33
f 63/70/34 1/102/34 3/103/34
f 3/103/34 5/104/34 7/105/34
f 7/105/34 9/106/34 11/107/34
f 11/107/34 13/108/34 15/109/34
f 15/109/34 17/110/34 19/111/34
f 19/111/34 21/112/34 23/113/34
f 23/113/34 25/114/34 27/115/34
f 27/115/34 29/116/34 31/68/34
f 31/68/34 33/117/34 35/118/34
f 35/118/34 37/119/34 39/120/34
f 39/120/34 41/121/34 43/122/34
f 43/122/34 45/123/34 47/69/34
f 47/69/34 49/124/34 51/125/34
f 51/125/34 53/126/34 55/127/34
f 55/127/34 57/128/34 59/129/34
f 59/129/34 61/130/34 63/70/34
f 63/70/34 3/103/34 7/105/34
f 7/105/34 11/107/34 15/109/34
f 15/109/34 19/111/34 23/113/34
f 23/113/34 27/115/34 31/68/34
f 31/68/34 35/118/34 39/120/34
f 39/120/34 43/122/34 47/69/34
f 47/69/34 51/125/34 55/127/34
f 55/127/34 59/129/34 63/70/34
f 63/70/34 7/105/34 15/109/34
f 15/109/34 23/113/34 31/68/34
f 31/68/34 39/120/34 47/69/34
f 47/69/34 55/127/34 63/70/34
f 63/70/34 15/109/34 31/68/34
o Sphere
v 5.779487 2.088901 -33.396706
v 5.779487 1.882426 -33.377491
v 5.779487 1.500911 -33.228176
v 5.779487 1.030547 -32.396706
v 6.057683 2.088901 -33.377491
v 6.052338 1.882426 -33.358646
v 6.036507 1.683887 -33.302834
v 6.010798 1.500911 -33.212200
v 5.976201 1.340532 -33.090225
v 5.934044 1.208912 -32.941601
v 5.885948 1.111110 -32.772038
v 5.833760 1.050883 -32.588047
v 6.325188 2.088901 -33.320583
v 6.314703 1.882426 -33.302834
v 6.283649 1.683887 -33.250259
v 6.233221 1.500911 -33.164883
v 6.165356 1.340532 -33.049988
v 6.082662 1.208912 -32.909985
v 5.988318 1.111110 -32.750259
v 5.885948 1.050883 -32.576946
v 6.571722 2.088901 -33.228176
v 6.556499 1.882426 -33.212200
v 6.511416 1.683887 -33.164883
v 6.438206 1.500911 -33.088047
v 6.339682 1.340532 -32.984642
v 6.219629 1.208912 -32.858646
v 6.082662 1.111110 -32.714897
v 5.934044 1.050883 -32.558918
v 6.787810 2.088901 -33.103813
v 6.768436 1.882426 -33.090225
v 6.711056 1.683887 -33.049988
v 6.617877 1.500911 -32.984642
v 6.492479 1.340532 -32.896706
v 6.339682 1.208912 -32.789555
v 6.165356 1.111110 -32.667305
v 5.976201 1.050883 -32.534657
v 6.965150 2.088901 -32.952274
v 6.942368 1.882426 -32.941601
v 6.874897 1.683887 -32.909985
v 6.765330 1.500911 -32.858646
v 6.617877 1.340532 -32.789555
v 6.438206 1.208912 -32.705364
v 6.233221 1.111110 -32.609314
v 6.010798 1.050883 -32.505093
v 7.096925 2.088901 -32.779388
v 7.071611 1.882426 -32.772038
v 6.996641 1.683887 -32.750259
v 6.874897 1.500911 -32.714893
v 6.711056 1.340532 -32.667305
v 6.511416 1.208912 -32.609314
v 6.283649 1.111110 -32.543152
v 6.036507 1.050883 -32.471363
v 7.178071 2.088901 -32.591797
v 7.151198 1.882426 -32.588047
v 7.071611 1.683887 -32.576946
v 6.942368 1.500911 -32.558918
v 6.768436 1.340532 -32.534657
v 6.556499 1.208912 -32.505093
v 6.314702 1.111110 -32.471363
v 6.052338 1.050883 -32.434765
v 7.205471 2.088901 -32.396706
v 7.178071 1.882426 -32.396706
v 7.096925 1.683887 -32.396706
v 6.965150 1.500911 -32.396706
v 6.787810 1.340532 -32.396706
v 6.571722 1.208912 -32.396706
v 6.325188 1.111110 -32.396706
v 6.057683 1.050883 -32.396706
v 7.178071 2.088901 -32.201614
v 7.151198 1.882426 -32.205364
v 7.071611 1.683887 -32.216465
v 6.942368 1.500911 -32.234493
v 6.768435 1.340532 -32.258755
v 6.556499 1.208912 -32.288319
v 6.314702 1.111110 -32.322048
v 6.052337 1.050883 -32.358646
v 7.096925 2.088901 -32.014023
v 7.071610 1.882426 -32.021374
v 6.996641 1.683887 -32.043152
v 6.874897 1.500911 -32.078514
v 6.711056 1.340532 -32.126106
v 6.511416 1.208912 -32.184097
v 6.283649 1.111110 -32.250259
v 6.036507 1.050883 -32.322048
v 6.965149 2.088901 -31.841135
v 6.942368 1.882426 -31.851810
v 6.874897 1.683887 -31.883427
v 6.765329 1.500911 -31.934767
v 6.617877 1.340532 -32.003857
v 6.438206 1.208912 -32.088047
v 6.233221 1.111110 -32.184097
v 6.010798 1.050883 -32.288319
v 6.787810 2.088901 -31.689598
v 6.768435 1.882426 -31.703186
v 6.711056 1.683887 -31.743423
v 6.617877 1.500911 -31.808767
v 6.492479 1.340532 -31.896706
v 6.339681 1.208912 -32.003857
v 6.165356 1.111110 -32.126106
v 5.976201 1.050883 -32.258755
v 6.571721 2.088901 -31.565237
v 6.556499 1.882426 -31.581213
v 6.511416 1.683887 -31.628529
v 6.438206 1.500911 -31.705364
v 6.339682 1.340532 -31.808767
v 6.219629 1.208912 -31.934767
v 6.082662 1.111110 -32.078514
v 5.934044 1.050883 -32.234493
v 6.325187 2.088901 -31.472826
v 6.314702 1.882426 -31.490578
v 6.283649 1.683887 -31.543152
v 6.233221 1.500911 -31.628529
v 6.165356 1.340532 -31.743423
v 6.082662 1.208912 -31.883427
v 5.988317 1.111110 -32.043152
v 5.885948 1.050883 -32.216465
v 6.057683 2.088901 -31.415920
v 6.052337 1.882426 -31.434767
v 6.036507 1.683887 -31.490578
v 6.010798 1.500911 -31.581213
v 5.976201 1.340532 -31.703186
v 5.934044 1.208912 -31.851810
v 5.885948 1.111110 -32.021374
v 5.833760 1.050883 -32.205364
v 5.779487 2.088901 -31.396706
v 5.779487 1.882426 -31.415920
v 5.779487 1.683887 -31.472826
v 5.779487 1.500911 -31.565237
v 5.779487 1.340532 -31.689598
v 5.779487 1.208912 -31.841135
v 5.779487 1.111110 -32.014023
v 5.779487 1.050883 -32.201614
v 5.501291 2.088901 -31.415920
v 5.506637 1.882426 -31.434767
v 5.522468 1.683887 -31.490578
v 5.548176 1.500911 -31.581213
v 5.582773 1.340532 -31.703186
v 5.624930 1.208912 -31.851810
v 5.673026 1.111110 -32.021374
v 5.725214 1.050883 -32.205364
v 5.233787 2.088901 -31.472826
v 5.244272 1.882426 -31.490578
v 5.275326 1.683887 -31.543152
v 5.325754 1.500911 -31.628529
v 5.393619 1.340532 -31.743423
v 5.476312 1.208912 -31.883427
v 5.570656 1.111110 -32.043152
v 5.673026 1.050883 -32.216465
v 4.987253 2.088901 -31.565237
v 5.002475 1.882426 -31.581213
v 5.047558 1.683887 -31.628529
v 5.120769 1.500911 -31.705364
v 5.219293 1.340532 -31.808767
v 5.339345 1.208912 -31.934767
v 5.476312 1.111110 -32.078518
v 5.624930 1.050883 -32.234493
v 4.771164 2.088901 -31.689600
v 4.790539 1.882426 -31.703186
v 4.847918 1.683887 -31.743423
v 4.941097 1.500911 -31.808767
v 5.066495 1.340532 -31.896706
v 5.219293 1.208912 -32.003857
v 5.393619 1.111110 -32.126106
v 5.582773 1.050883 -32.258755
v 4.593825 2.088901 -31.841137
v 4.616607 1.882426 -31.851810
v 4.684078 1.683887 -31.883427
v 4.793645 1.500911 -31.934767
v 4.941097 1.340532 -32.003857
v 5.120769 1.208912 -32.088047
v 5.325754 1.111110 -32.184097
v 5.548176 1.050883 -32.288319
v 4.462050 2.088901 -32.014023
v 4.487364 1.882426 -32.021378
v 4.562334 1.683887 -32.043152
v 4.684078 1.500911 -32.078518
v 4.847918 1.340532 -32.126106
v 5.047558 1.208912 -32.184097
v 5.275326 1.111110 -32.250259
v 5.522468 1.050883 -32.322048
v 4.380904 2.088901 -32.201614
v 4.407776 1.882426 -32.205364
v 4.487364 1.683887 -32.216465
v 4.616607 1.500911 -32.234493
v 4.790539 1.340532 -32.258755
v 5.002476 1.208912 -32.288319
v 5.244272 1.111110 -32.322048
v 5.506637 1.050883 -32.358646
v 4.353504 2.088901 -32.396706
v 4.380903 1.882426 -32.396706
v 4.462049 1.683887 -32.396706
v 4.593825 1.500911 -32.396706
v 4.771164 1.340532 -32.396706
v 4.987253 1.208912 -32.396706
v 5.233787 1.111110 -32.396706
v 5.501292 1.050883 -32.396706
v 4.380904 2.088901 -32.591797
v 4.407777 1.882426 -32.588047
v 4.487364 1.683887 -32.576946
v 4.616607 1.500911 -32.558918
v 4.790539 1.340532 -32.534657
v 5.002476 1.208912 -32.505093
v 5.244272 1.111110 -32.471363
v 5.506637 1.050883 -32.434765
v 4.462050 2.088901 -32.779388
v 4.487364 1.882426 -32.772038
v 4.562334 1.683887 -32.750259
v 4.684078 1.500911 -32.714897
v 4.847918 1.340532 -32.667305
v 5.047559 1.208912 -32.609314
v 5.275326 1.111110 -32.543152
v 5.522468 1.050883 -32.471363
v 4.593826 2.088901 -32.952274
v 4.616607 1.882426 -32.941601
v 4.684078 1.683887 -32.909985
v 4.793645 1.500911 -32.858646
v 4.941097 1.340532 -32.789555
v 5.120769 1.208912 -32.705364
v 5.325754 1.111110 -32.609314
v 5.548176 1.050883 -32.505093
v 4.771165 2.088901 -33.103813
v 4.790539 1.882426 -33.090225
v 4.847919 1.683887 -33.049988
v 4.941098 1.500911 -32.984642
v 5.066495 1.340532 -32.896706
v 5.219294 1.208912 -32.789555
v 5.393619 1.111110 -32.667305
v 5.582773 1.050883 -32.534657
v 4.987254 2.088901 -33.228176
v 5.002476 1.882426 -33.212200
v 5.047558 1.683887 -33.164883
v 5.120769 1.500911 -33.088047
v 5.219293 1.340532 -32.984642
v 5.339346 1.208912 -32.858646
v 5.476312 1.111110 -32.714893
v 5.624930 1.050883 -32.558918
v 5.233788 2.088901 -33.320583
v 5.244273 1.882426 -33.302834
v 5.275326 1.683887 -33.250259
v 5.325754 1.500911 -33.164883
v 5.393619 1.340532 -33.049988
v 5.476313 1.208912 -32.909985
v 5.570657 1.111110 -32.750259
v 5.673027 1.050883 -32.576946
v 5.501292 2.088901 -33.377491
v 5.506638 1.882426 -33.358646
v 5.522468 1.683887 -33.302834
v 5.548176 1.500911 -33.212196
v 5.582773 1.340532 -33.090225
v 5.624930 1.208912 -32.941601
v 5.673027 1.111110 -32.772038
v 5.725214 1.050883 -32.588047
v 5.779487 1.683887 -33.320583
v 5.779487 1.340532 -33.103813
v 5.779488 1.208912 -32.952274
v 5.779487 1.111110 -32.779388
v 5.779487 1.050883 -32.591797
vn 0.0545 -0.6119 -0.7891
vn 0.0452 -0.7542 -0.6551
vn 0.0340 -0.8699 -0.4921
vn 0.0211 -0.9519 -0.3056
vn 0.0072 -0.9946 -0.1037
vn 0.0686 -0.0924 -0.9934
vn 0.0662 -0.2749 -0.9592
vn 0.0615 -0.4500 -0.8909
vn 0.1851 -0.4570 -0.8700
vn 0.1634 -0.6193 -0.7680
vn 0.1351 -0.7605 -0.6351
vn 0.1011 -0.8739 -0.4754
vn 0.0626 -0.9536 -0.2944
vn 0.0212 -0.9948 -0.0997
vn 0.2071 -0.0942 -0.9738
vn 0.1998 -0.2799 -0.9390
vn 0.1020 -0.9568 -0.2722
vn 0.0345 -0.9952 -0.0919
vn 0.3493 -0.0979 -0.9319
vn 0.3359 -0.2899 -0.8962
vn 0.3097 -0.4708 -0.8261
vn 0.2715 -0.6338 -0.7243
vn 0.2229 -0.7725 -0.5946
vn 0.1657 -0.8816 -0.4420
vn 0.4346 -0.4909 -0.7551
vn 0.3772 -0.6543 -0.6554
vn 0.3064 -0.7891 -0.5324
vn 0.2256 -0.8919 -0.3919
vn 0.1379 -0.9610 -0.2397
vn 0.0464 -0.9957 -0.0806
vn 0.4961 -0.1033 -0.8621
vn 0.4751 -0.3046 -0.8255
vn 0.1689 -0.9656 -0.1976
vn 0.0566 -0.9962 -0.0662
vn 0.6457 -0.1103 -0.7556
vn 0.6147 -0.3235 -0.7194
vn 0.5565 -0.5160 -0.6512
vn 0.4769 -0.6790 -0.5582
vn 0.3824 -0.8083 -0.4476
vn 0.2784 -0.9035 -0.3258
vn 0.5645 -0.7044 -0.4303
vn 0.4466 -0.8274 -0.3404
vn 0.3215 -0.9146 -0.2451
vn 0.1935 -0.9699 -0.1475
vn 0.0646 -0.9967 -0.0492
vn 0.7897 -0.1183 -0.6019
vn 0.7467 -0.3444 -0.5691
vn 0.6679 -0.5428 -0.5091
vn 0.0701 -0.9971 -0.0303
vn 0.9105 -0.1257 -0.3939
vn 0.8550 -0.3634 -0.3699
vn 0.7563 -0.5665 -0.3272
vn 0.6313 -0.7259 -0.2731
vn 0.4937 -0.8430 -0.2136
vn 0.3523 -0.9234 -0.1524
vn 0.2107 -0.9733 -0.0911
vn 0.5188 -0.8518 -0.0729
vn 0.3683 -0.9283 -0.0517
vn 0.2195 -0.9751 -0.0308
vn 0.0729 -0.9973 -0.0102
vn 0.9818 -0.1303 -0.1379
vn 0.9179 -0.3752 -0.1289
vn 0.8062 -0.5806 -0.1132
vn 0.6678 -0.7384 -0.0938
vn 0.9818 -0.1303 0.1379
vn 0.9179 -0.3752 0.1289
vn 0.8062 -0.5806 0.1132
vn 0.6678 -0.7384 0.0938
vn 0.5188 -0.8518 0.0729
vn 0.3683 -0.9283 0.0517
vn 0.2195 -0.9751 0.0308
vn 0.0729 -0.9973 0.0102
vn 0.4937 -0.8430 0.2136
vn 0.3523 -0.9234 0.1524
vn 0.2107 -0.9733 0.0911
vn 0.0701 -0.9971 0.0303
vn 0.9105 -0.1257 0.3939
vn 0.8550 -0.3634 0.3699
vn 0.7563 -0.5665 0.3272
vn 0.6313 -0.7259 0.2731
vn 0.7467 -0.3444 0.5691
vn 0.6679 -0.5428 0.5091
vn 0.5645 -0.7044 0.4303
vn 0.4466 -0.8274 0.3404
vn 0.3215 -0.9146 0.2451
vn 0.1935 -0.9699 0.1475
vn 0.0646 -0.9967 0.0492
vn 0.7897 -0.1183 0.6019
vn 0.2784 -0.9035 0.3258
vn 0.1689 -0.9656 0.1976
vn 0.0566 -0.9962 0.0662
vn 0.6457 -0.1103 0.7556
vn 0.6147 -0.3235 0.7194
vn 0.5565 -0.5160 0.6512
vn 0.4769 -0.6790 0.5582
vn 0.3824 -0.8083 0.4476
vn 0.4751 -0.3046 0.8255
vn 0.4346 -0.4909 0.7551
vn 0.3772 -0.6543 0.6554
vn 0.3064 -0.7891 0.5324
vn 0.2256 -0.8919 0.3919
vn 0.1379 -0.9610 0.2397
vn 0.0464 -0.9957 0.0806
vn 0.4961 -0.1033 0.8621
vn 0.1657 -0.8816 0.4420
vn 0.1020 -0.9568 0.2722
vn 0.0345 -0.9952 0.0919
vn 0.3493 -0.0979 0.9319
vn 0.3359 -0.2899 0.8962
vn 0.3097 -0.4708 0.8261
vn 0.2715 -0.6338 0.7243
vn 0.2229 -0.7725 0.5946
vn 0.1851 -0.4570 0.8700
vn 0.1634 -0.6193 0.7680
vn 0.1351 -0.7605 0.6351
vn 0.1011 -0.8739 0.4754
vn 0.0626 -0.9536 0.2944
vn 0.0212 -0.9948 0.0997
vn 0.2071 -0.0942 0.9738
vn 0.1998 -0.2799 0.9390
vn 0.0211 -0.9519 0.3056
vn 0.0072 -0.9946 0.1037
vn 0.0686 -0.0924 0.9934
vn 0.0662 -0.2749 0.9592
vn 0.0615 -0.4500 0.8909
vn 0.0545 -0.6119 0.7891
vn 0.0452 -0.7542 0.6551
vn 0.0340 -0.8699 0.4921
vn -0.0545 -0.6119 0.7891
vn -0.0452 -0.7542 0.6551
vn -0.0340 -0.8699 0.4921
vn -0.0211 -0.9519 0.3056
vn -0.0072 -0.9946 0.1037
vn -0.0686 -0.0924 0.9934
vn -0.0662 -0.2749 0.9592
vn -0.0615 -0.4500 0.8909
vn -0.0212 -0.9948 0.0997
vn -0.2071 -0.0942 0.9738
vn -0.1998 -0.2799 0.9390
vn -0.1851 -0.4570 0.8700
vn -0.1634 -0.6193 0.7680
vn -0.1351 -0.7605 0.6351
vn -0.1011 -0.8739 0.4754
vn -0.0626 -0.9536 0.2944
vn -0.2715 -0.6338 0.7243
vn -0.2229 -0.7725 0.5946
vn -0.1657 -0.8816 0.4420
vn -0.1020 -0.9568 0.2722
vn -0.0345 -0.9952 0.0919
vn -0.3493 -0.0979 0.9319
vn -0.3359 -0.2899 0.8962
vn -0.3097 -0.4708 0.8261
vn -0.0464 -0.9957 0.0806
vn -0.4961 -0.1033 0.8621
vn -0.4751 -0.3046 0.8255
vn -0.4346 -0.4909 0.7551
vn -0.3772 -0.6543 0.6554
vn -0.3064 -0.7891 0.5324
vn -0.2256 -0.8919 0.3919
vn -0.1379 -0.9610 0.2397
vn -0.3824 -0.8083 0.4476
vn -0.2784 -0.9035 0.3258
vn -0.1689 -0.9656 0.1976
vn -0.0566 -0.9962 0.0662
vn -0.6457 -0.1103 0.7556
vn -0.6147 -0.3235 0.7194
vn -0.5565 -0.5160 0.6512
vn -0.4769 -0.6790 0.5582
vn -0.7897 -0.1183 0.6019
vn -0.7467 -0.3444 0.5691
vn -0.6679 -0.5428 0.5091
vn -0.5645 -0.7044 0.4303
vn -0.4466 -0.8274 0.3404
vn -0.3215 -0.9146 0.2451
vn -0.1935 -0.9699 0.1475
vn -0.0646 -0.9967 0.0492
vn -0.4937 -0.8430 0.2136
vn -0.3523 -0.9234 0.1524
vn -0.2107 -0.9733 0.0911
vn -0.0701 -0.9971 0.0303
vn -0.9105 -0.1257 0.3939
vn -0.8550 -0.3634 0.3699
vn -0.7563 -0.5665 0.3272
vn -0.6313 -0.7259 0.2731
vn -0.9179 -0.3752 0.1289
vn -0.8062 -0.5806 0.1132
vn -0.6678 -0.7384 0.0938
vn -0.5188 -0.8518 0.0729
vn -0.3683 -0.9283 0.0517
vn -0.2195 -0.9751 0.0308
vn -0.0729 -0.9973 0.0102
vn -0.9818 -0.1303 0.1379
vn -0.3683 -0.9283 -0.0517
vn -0.2195 -0.9751 -0.0308
vn -0.0729 -0.9973 -0.0102
vn -0.9818 -0.1303 -0.1379
vn -0.9179 -0.3752 -0.1289
vn -0.8062 -0.5806 -0.1132
vn -0.6678 -0.7384 -0.0938
vn -0.5188 -0.8518 -0.0729
vn -0.7563 -0.5665 -0.3272
vn -0.6313 -0.7259 -0.2731
vn -0.4937 -0.8430 -0.2136
vn -0.3523 -0.9234 -0.1524
vn -0.2107 -0.9733 -0.0911
vn -0.0701 -0.9971 -0.0303
vn -0.9105 -0.1257 -0.3939
vn -0.8550 -0.3634 -0.3699
vn -0.1935 -0.9699 -0.1475
vn -0.0646 -0.9967 -0.0492
vn -0.7897 -0.1183 -0.6019
vn -0.7467 -0.3444 -0.5691
vn -0.6679 -0.5428 -0.5091
vn -0.5645 -0.7044 -0.4303
vn -0.4466 -0.8274 -0.3404
vn -0.3215 -0.9146 -0.2451
vn -0.5565 -0.5160 -0.6512
vn -0.4769 -0.6790 -0.5582
vn -0.3824 -0.8083 -0.4476
vn -0.2784 -0.9035 -0.3258
vn -0.1689 -0.9656 -0.1976
vn -0.0566 -0.9962 -0.0662
vn -0.6457 -0.1103 -0.7556
vn -0.6147 -0.3235 -0.7194
vn -0.1379 -0.9610 -0.2397
vn -0.0464 -0.9957 -0.0806
vn -0.4961 -0.1033 -0.8621
vn -0.4751 -0.3046 -0.8255
vn -0.4346 -0.4909 -0.7551
vn -0.3772 -0.6543 -0.6554
vn -0.3064 -0.7891 -0.5324
vn -0.2256 -0.8919 -0.3919
vn -0.2715 -0.6338 -0.7243
vn -0.2229 -0.7725 -0.5946
vn -0.1657 -0.8816 -0.4420
vn -0.1020 -0.9568 -0.2722
vn -0.0345 -0.9952 -0.0919
vn -0.3493 -0.0979 -0.9319
vn -0.3359 -0.2899 -0.8962
vn -0.3097 -0.4708 -0.8261
vn -0.0212 -0.9948 -0.0997
vn -0.2071 -0.0942 -0.9738
vn -0.1998 -0.2799 -0.9390
vn -0.1851 -0.4570 -0.8700
vn -0.1634 -0.6193 -0.7680
vn -0.1351 -0.7605 -0.6351
vn -0.1011 -0.8739 -0.4754
vn -0.0626 -0.9536 -0.2944
vn -0.0545 -0.6119 -0.7891
vn -0.0452 -0.7542 -0.6551
vn -0.0340 -0.8699 -0.4921
vn -0.0211 -0.9519 -0.3056
vn -0.0072 -0.9946 -0.1037
vn -0.0686 -0.0924 -0.9934
vn -0.0662 -0.2749 -0.9592
vn -0.0615 -0.4500 -0.8909
vn -0.0663 -0.2749 -0.9592
vt 0.750000 0.312500
vt 0.718750 0.250000
vt 0.750000 0.250000
vt 0.718750 0.187500
vt 0.750000 0.187500
vt 0.718750 0.125000
vt 0.750000 0.125000
vt 0.718750 0.062500
vt 0.750000 0.062500
vt 0.734375 0.000000
vt 0.750000 0.500000
vt 0.718750 0.437500
vt 0.750000 0.437500
vt 0.718750 0.375000
vt 0.750000 0.375000
vt 0.718750 0.312500
vt 0.687500 0.312500
vt 0.687500 0.250000
vt 0.687500 0.187500
vt 0.687500 0.125000
vt 0.687500 0.062500
vt 0.703125 0.000000
vt 0.718750 0.500000
vt 0.687500 0.437500
vt 0.687500 0.375000
vt 0.656250 0.062500
vt 0.671875 0.000000
vt 0.656250 0.500000
vt 0.656250 0.437500
vt 0.656250 0.375000
vt 0.656250 0.312500
vt 0.656250 0.250000
vt 0.656250 0.187500
vt 0.656250 0.125000
vt 0.625000 0.375000
vt 0.625000 0.312500
vt 0.625000 0.250000
vt 0.625000 0.187500
vt 0.625000 0.125000
vt 0.625000 0.062500
vt 0.640625 0.000000
vt 0.625000 0.437500
vt 0.593750 0.062500
vt 0.609375 0.000000
vt 0.625000 0.500000
vt 0.593750 0.437500
vt 0.593750 0.375000
vt 0.593750 0.312500
vt 0.593750 0.250000
vt 0.593750 0.187500
vt 0.593750 0.125000
vt 0.562500 0.250000
vt 0.562500 0.187500
vt 0.562500 0.125000
vt 0.562500 0.062500
vt 0.578125 0.000000
vt 0.593750 0.500000
vt 0.562500 0.437500
vt 0.562500 0.375000
vt 0.562500 0.312500
vt 0.546875 0.000000
vt 0.531250 0.062500
vt 0.562500 0.500000
vt 0.531250 0.437500
vt 0.531250 0.375000
vt 0.531250 0.312500
vt 0.531250 0.250000
vt 0.531250 0.187500
vt 0.531250 0.125000
vt 0.500000 0.250000
vt 0.500000 0.187500
vt 0.500000 0.125000
vt 0.500000 0.062500
vt 0.515625 0.000000
vt 0.531250 0.500000
vt 0.500000 0.437500
vt 0.500000 0.375000
vt 0.500000 0.312500
vt 0.500000 0.500000
vt 0.468750 0.437500
vt 0.468750 0.375000
vt 0.468750 0.312500
vt 0.468750 0.250000
vt 0.468750 0.187500
vt 0.468750 0.125000
vt 0.468750 0.062500
vt 0.484375 0.000000
vt 0.437500 0.250000
vt 0.437500 0.187500
vt 0.437500 0.125000
vt 0.437500 0.062500
vt 0.453125 0.000000
vt 0.468750 0.500000
vt 0.437500 0.437500
vt 0.437500 0.375000
vt 0.437500 0.312500
vt 0.406250 0.375000
vt 0.406250 0.312500
vt 0.406250 0.250000
vt 0.406250 0.187500
vt 0.406250 0.125000
vt 0.406250 0.062500
vt 0.421875 0.000000
vt 0.437500 0.500000
vt 0.406250 0.437500
vt 0.375000 0.187500
vt 0.375000 0.125000
vt 0.375000 0.062500
vt 0.390625 0.000000
vt 0.406250 0.500000
vt 0.375000 0.437500
vt 0.375000 0.375000
vt 0.375000 0.312500
vt 0.375000 0.250000
vt 0.343750 0.375000
vt 0.343750 0.312500
vt 0.343750 0.250000
vt 0.343750 0.187500
vt 0.343750 0.125000
vt 0.343750 0.062500
vt 0.359375 0.000000
vt 0.375000 0.500000
vt 0.343750 0.437500
vt 0.312500 0.125000
vt 0.312500 0.062500
vt 0.328125 0.000000
vt 0.343750 0.500000
vt 0.312500 0.437500
vt 0.312500 0.375000
vt 0.312500 0.312500
vt 0.312500 0.250000
vt 0.312500 0.187500
vt 0.281250 0.375000
vt 0.281250 0.312500
vt 0.281250 0.250000
vt 0.281250 0.187500
vt 0.281250 0.125000
vt 0.281250 0.062500
vt 0.296875 0.000000
vt 0.312500 0.500000
vt 0.281250 0.437500
vt 0.250000 0.125000
vt 0.250000 0.062500
vt 0.265625 0.000000
vt 0.281250 0.500000
vt 0.250000 0.437500
vt 0.250000 0.375000
vt 0.250000 0.312500
vt 0.250000 0.250000
vt 0.250000 0.187500
vt 0.218750 0.250000
vt 0.218750 0.187500
vt 0.218750 0.125000
vt 0.218750 0.062500
vt 0.234375 0.000000
vt 0.250000 0.500000
vt 0.218750 0.437500
vt 0.218750 0.375000
vt 0.218750 0.312500
vt 0.203125 0.000000
vt 0.187500 0.062500
vt 0.218750 0.500000
vt 0.187500 0.437500
vt 0.187500 0.375000
vt 0.187500 0.312500
vt 0.187500 0.250000
vt 0.187500 0.187500
vt 0.187500 0.125000
vt 0.156250 0.250000
vt 0.156250 0.187500
vt 0.156250 0.125000
vt 0.156250 0.062500
vt 0.171875 0.000000
vt 0.187500 0.500000
vt 0.156250 0.437500
vt 0.156250 0.375000
vt 0.156250 0.312500
vt 0.140625 0.000000
vt 0.125000 0.062500
vt 0.156250 0.500000
vt 0.125000 0.437500
vt 0.125000 0.375000
vt 0.125000 0.312500
vt 0.125000 0.250000
vt 0.125000 0.187500
vt 0.125000 0.125000
vt 0.093750 0.250000
vt 0.093750 0.187500
vt 0.093750 0.125000
vt 0.093750 0.062500
vt 0.109375 0.000000
vt 0.125000 0.500000
vt 0.093750 0.437500
vt 0.093750 0.375000
vt 0.093750 0.312500
vt 0.093750 0.500000
vt 0.062500 0.437500
vt 0.062500 0.375000
vt 0.062500 0.312500
vt 0.062500 0.250000
vt 0.062500 0.187500
vt 0.062500 0.125000
vt 0.062500 0.062500
vt 0.078125 0.000000
vt 0.031250 0.250000
vt 0.031250 0.187500
vt 0.031250 0.125000
vt 0.031250 0.062500
vt 0.046875 0.000000
vt 0.062500 0.500000
vt 0.031250 0.437500
vt 0.031250 0.375000
vt 0.031250 0.312500
vt 0.000000 0.375000
vt 0.000000 0.312500
vt 0.000000 0.250000
vt 0.000000 0.187500
vt 0.000000 0.125000
vt 0.000000 0.062500
vt 0.015625 0.000000
vt 0.031250 0.500000
vt 0.000000 0.437500
vt 1.000000 0.187500
vt 0.968750 0.125000
vt 1.000000 0.125000
vt 0.968750 0.062500
vt 1.000000 0.062500
vt 0.984375 0.000000
vt 1.000000 0.500000
vt 0.968750 0.437500
vt 1.000000 0.437500
vt 0.968750 0.375000
vt 1.000000 0.375000
vt 1.000000 0.312500
vt 0.968750 0.312500
vt 0.968750 0.250000
vt 1.000000 0.250000
vt 0.968750 0.187500
vt 0.937500 0.375000
vt 0.937500 0.312500
vt 0.937500 0.250000
vt 0.937500 0.187500
vt 0.937500 0.125000
vt 0.937500 0.062500
vt 0.953125 0.000000
vt 0.968750 0.500000
vt 0.937500 0.437500
vt 0.906250 0.062500
vt 0.921875 0.000000
vt 0.937500 0.500000
vt 0.906250 0.437500
vt 0.906250 0.375000
vt 0.906250 0.312500
vt 0.906250 0.250000
vt 0.906250 0.187500
vt 0.906250 0.125000
vt 0.875000 0.375000
vt 0.875000 0.312500
vt 0.875000 0.250000
vt 0.875000 0.187500
vt 0.875000 0.125000
vt 0.875000 0.062500
vt 0.890625 0.000000
vt 0.906250 0.500000
vt 0.875000 0.437500
vt 0.843750 0.062500
vt 0.859375 0.000000
vt 0.875000 0.500000
vt 0.843750 0.437500
vt 0.843750 0.375000
vt 0.843750 0.312500
vt 0.843750 0.250000
vt 0.843750 0.187500
vt 0.843750 0.125000
vt 0.812500 0.250000
vt 0.812500 0.187500
vt 0.812500 0.125000
vt 0.812500 0.062500
vt 0.828125 0.000000
vt 0.843750 0.500000
vt 0.812500 0.437500
vt 0.812500 0.375000
vt 0.812500 0.312500
vt 0.796875 0.000000
vt 0.781250 0.062500
vt 0.812500 0.500000
vt 0.781250 0.437500
vt 0.781250 0.375000
vt 0.781250 0.312500
vt 0.781250 0.250000
vt 0.781250 0.187500
vt 0.781250 0.125000
vt 0.765625 0.000000
vt 0.781250 0.500000
vt 0.687500 0.500000
vt 0.000000 0.500000
s 0
f 67/131/35 73/132/35 318/133/35
f 318/133/36 74/134/36 319/135/36
f 319/135/37 75/136/37 320/137/37
f 320/137/38 76/138/38 321/139/38
f 68/140/39 321/139/39 76/138/39
f 65/141/40 70/142/40 66/143/40
f 66/143/41 71/144/41 317/145/41
f 317/145/42 72/146/42 67/131/42
f 71/144/43 80/147/43 72/146/43
f 72/146/44 81/148/44 73/132/44
f 74/134/45 81/148/45 82/149/45
f 75/136/46 82/149/46 83/150/46
f 75/136/47 84/151/47 76/138/47
f 68/152/48 76/138/48 84/151/48
f 69/153/49 78/154/49 70/142/49
f 70/142/50 79/155/50 71/144/50
f 83/150/51 92/156/51 84/151/51
f 68/157/52 84/151/52 92/156/52
f 78/154/53 85/158/53 86/159/53
f 78/154/54 87/160/54 79/155/54
f 80/147/55 87/160/55 88/161/55
f 81/148/56 88/161/56 89/162/56
f 82/149/57 89/162/57 90/163/57
f 82/149/58 91/164/58 83/150/58
f 88/161/59 95/165/59 96/166/59
f 88/161/60 97/167/60 89/162/60
f 89/162/61 98/168/61 90/163/61
f 90/163/62 99/169/62 91/164/62
f 91/164/63 100/170/63 92/156/63
f 68/171/64 92/156/64 100/170/64
f 85/158/65 94/172/65 86/159/65
f 86/159/66 95/165/66 87/160/66
f 99/169/67 108/173/67 100/170/67
f 68/174/68 100/170/68 108/173/68
f 93/175/69 102/176/69 94/172/69
f 94/172/70 103/177/70 95/165/70
f 96/166/71 103/177/71 104/178/71
f 96/166/72 105/179/72 97/167/72
f 97/167/73 106/180/73 98/168/73
f 99/169/74 106/180/74 107/181/74
f 104/178/75 113/182/75 105/179/75
f 105/179/76 114/183/76 106/180/76
f 106/180/77 115/184/77 107/181/77
f 108/173/78 115/184/78 116/185/78
f 68/186/79 108/173/79 116/185/79
f 101/187/80 110/188/80 102/176/80
f 102/176/81 111/189/81 103/177/81
f 104/178/82 111/189/82 112/190/82
f 68/191/83 116/185/83 124/192/83
f 109/193/84 118/194/84 110/188/84
f 110/188/85 119/195/85 111/189/85
f 112/190/86 119/195/86 120/196/86
f 112/190/87 121/197/87 113/182/87
f 114/183/88 121/197/88 122/198/88
f 115/184/89 122/198/89 123/199/89
f 115/184/90 124/192/90 116/185/90
f 122/198/91 129/200/91 130/201/91
f 122/198/92 131/202/92 123/199/92
f 123/199/93 132/203/93 124/192/93
f 68/204/94 124/192/94 132/203/94
f 117/205/95 126/206/95 118/194/95
f 118/194/96 127/207/96 119/195/96
f 120/196/97 127/207/97 128/208/97
f 120/196/98 129/200/98 121/197/98
f 125/209/99 134/210/99 126/206/99
f 126/206/100 135/211/100 127/207/100
f 128/208/101 135/211/101 136/212/101
f 128/208/102 137/213/102 129/200/102
f 130/201/103 137/213/103 138/214/103
f 130/201/104 139/215/104 131/202/104
f 131/202/105 140/216/105 132/203/105
f 68/217/106 132/203/106 140/216/106
f 138/214/107 145/218/107 146/219/107
f 138/214/108 147/220/108 139/215/108
f 140/216/109 147/220/109 148/221/109
f 68/222/110 140/216/110 148/221/110
f 133/223/111 142/224/111 134/210/111
f 134/210/112 143/225/112 135/211/112
f 136/212/113 143/225/113 144/226/113
f 136/212/114 145/218/114 137/213/114
f 142/224/115 151/227/115 143/225/115
f 144/226/116 151/227/116 152/228/116
f 144/226/117 153/229/117 145/218/117
f 146/219/118 153/229/118 154/230/118
f 146/219/119 155/231/119 147/220/119
f 147/220/120 156/232/120 148/221/120
f 68/233/121 148/221/121 156/232/121
f 141/234/122 150/235/122 142/224/122
f 155/231/123 162/236/123 163/237/123
f 156/232/124 163/237/124 164/238/124
f 68/239/125 156/232/125 164/238/125
f 149/240/126 158/241/126 150/235/126
f 150/235/127 159/242/127 151/227/127
f 152/228/128 159/242/128 160/243/128
f 152/228/129 161/244/129 153/229/129
f 153/229/130 162/236/130 154/230/130
f 158/241/131 167/245/131 159/242/131
f 160/243/132 167/245/132 168/246/132
f 160/243/133 169/247/133 161/244/133
f 162/236/134 169/247/134 170/248/134
f 162/236/135 171/249/135 163/237/135
f 163/237/136 172/250/136 164/238/136
f 68/251/137 164/238/137 172/250/137
f 157/252/138 166/253/138 158/241/138
f 170/248/139 179/254/139 171/249/139
f 171/249/140 180/255/140 172/250/140
f 68/256/141 172/250/141 180/255/141
f 165/257/142 174/258/142 166/253/142
f 166/253/143 175/259/143 167/245/143
f 168/246/144 175/259/144 176/260/144
f 168/246/145 177/261/145 169/247/145
f 170/248/146 177/261/146 178/262/146
f 176/260/147 183/263/147 184/264/147
f 176/260/148 185/265/148 177/261/148
f 178/262/149 185/265/149 186/266/149
f 178/262/150 187/267/150 179/254/150
f 179/254/151 188/268/151 180/255/151
f 68/269/152 180/255/152 188/268/152
f 173/270/153 182/271/153 174/258/153
f 174/258/154 183/263/154 175/259/154
f 188/268/155 195/272/155 196/273/155
f 68/274/156 188/268/156 196/273/156
f 181/275/157 190/276/157 182/271/157
f 182/271/158 191/277/158 183/263/158
f 184/264/159 191/277/159 192/278/159
f 184/264/160 193/279/160 185/265/160
f 186/266/161 193/279/161 194/280/161
f 186/266/162 195/272/162 187/267/162
f 192/278/163 201/281/163 193/279/163
f 194/280/164 201/281/164 202/282/164
f 194/280/165 203/283/165 195/272/165
f 195/272/166 204/284/166 196/273/166
f 68/285/167 196/273/167 204/284/167
f 189/286/168 198/287/168 190/276/168
f 190/276/169 199/288/169 191/277/169
f 192/278/170 199/288/170 200/289/170
f 68/290/171 204/284/171 212/291/171
f 197/292/172 206/293/172 198/287/172
f 198/287/173 207/294/173 199/288/173
f 200/289/174 207/294/174 208/295/174
f 200/289/175 209/296/175 201/281/175
f 202/282/176 209/296/176 210/297/176
f 202/282/177 211/298/177 203/283/177
f 203/283/178 212/291/178 204/284/178
f 208/295/179 217/299/179 209/296/179
f 210/297/180 217/299/180 218/300/180
f 210/297/181 219/301/181 211/298/181
f 212/291/182 219/301/182 220/302/182
f 68/303/183 212/291/183 220/302/183
f 205/304/184 214/305/184 206/293/184
f 206/293/185 215/306/185 207/294/185
f 208/295/186 215/306/186 216/307/186
f 68/308/187 220/302/187 228/309/187
f 213/310/188 222/311/188 214/305/188
f 214/305/189 223/312/189 215/306/189
f 216/307/190 223/312/190 224/313/190
f 216/307/191 225/314/191 217/299/191
f 218/300/192 225/314/192 226/315/192
f 218/300/193 227/316/193 219/301/193
f 220/302/194 227/316/194 228/309/194
f 226/315/195 233/317/195 234/318/195
f 226/315/196 235/319/196 227/316/196
f 227/316/197 236/320/197 228/309/197
f 68/321/198 228/309/198 236/320/198
f 221/322/199 230/323/199 222/311/199
f 222/311/200 231/324/200 223/312/200
f 224/313/201 231/324/201 232/325/201
f 224/313/202 233/317/202 225/314/202
f 229/326/203 238/327/203 230/323/203
f 230/323/204 239/328/204 231/324/204
f 232/325/205 239/328/205 240/329/205
f 232/325/206 241/330/206 233/317/206
f 234/318/207 241/330/207 242/331/207
f 234/318/208 243/332/208 235/319/208
f 235/319/209 244/333/209 236/320/209
f 68/334/210 236/320/210 244/333/210
f 242/331/211 249/335/211 250/336/211
f 242/331/212 251/337/212 243/332/212
f 243/332/213 252/338/213 244/333/213
f 68/339/214 244/333/214 252/338/214
f 237/340/215 246/341/215 238/327/215
f 238/327/216 247/342/216 239/328/216
f 240/329/217 247/342/217 248/343/217
f 240/329/218 249/335/218 241/330/218
f 246/341/219 255/344/219 247/342/219
f 248/343/220 255/344/220 256/345/220
f 248/343/221 257/346/221 249/335/221
f 250/336/222 257/346/222 258/347/222
f 250/336/223 259/348/223 251/337/223
f 251/337/224 260/349/224 252/338/224
f 68/350/225 252/338/225 260/349/225
f 245/351/226 254/352/226 246/341/226
f 258/353/227 267/354/227 259/355/227
f 259/355/228 268/356/228 260/357/228
f 68/358/229 260/357/229 268/356/229
f 253/359/230 262/360/230 254/361/230
f 254/361/231 263/362/231 255/363/231
f 256/364/232 263/362/232 264/365/232
f 256/364/233 265/366/233 257/367/233
f 258/353/234 265/366/234 266/368/234
f 264/365/235 271/369/235 272/370/235
f 264/365/236 273/371/236 265/366/236
f 266/368/237 273/371/237 274/372/237
f 266/368/238 275/373/238 267/354/238
f 267/354/239 276/374/239 268/356/239
f 68/375/240 268/356/240 276/374/240
f 261/376/241 270/377/241 262/360/241
f 262/360/242 271/369/242 263/362/242
f 275/373/243 284/378/243 276/374/243
f 68/379/244 276/374/244 284/378/244
f 269/380/245 278/381/245 270/377/245
f 270/377/246 279/382/246 271/369/246
f 272/370/247 279/382/247 280/383/247
f 272/370/248 281/384/248 273/371/248
f 274/372/249 281/384/249 282/385/249
f 275/373/250 282/385/250 283/386/250
f 280/383/251 287/387/251 288/388/251
f 280/383/252 289/389/252 281/384/252
f 282/385/253 289/389/253 290/390/253
f 282/385/254 291/391/254 283/386/254
f 283/386/255 292/392/255 284/378/255
f 68/393/256 284/378/256 292/392/256
f 277/394/257 286/395/257 278/381/257
f 278/381/258 287/387/258 279/382/258
f 291/391/259 300/396/259 292/392/259
f 68/397/260 292/392/260 300/396/260
f 285/398/261 294/399/261 286/395/261
f 286/395/262 295/400/262 287/387/262
f 288/388/263 295/400/263 296/401/263
f 288/388/264 297/402/264 289/389/264
f 290/390/265 297/402/265 298/403/265
f 290/390/266 299/404/266 291/391/266
f 296/401/267 305/405/267 297/402/267
f 298/403/268 305/405/268 306/406/268
f 298/403/269 307/407/269 299/404/269
f 299/404/270 308/408/270 300/396/270
f 68/409/271 300/396/271 308/408/271
f 293/410/272 302/411/272 294/399/272
f 294/399/273 303/412/273 295/400/273
f 296/401/274 303/412/274 304/413/274
f 68/414/275 308/408/275 316/415/275
f 301/416/276 310/417/276 302/411/276
f 302/411/277 311/418/277 303/412/277
f 304/413/278 311/418/278 312/419/278
f 304/413/279 313/420/279 305/405/279
f 306/406/280 313/420/280 314/421/280
f 306/406/281 315/422/281 307/407/281
f 308/408/282 315/422/282 316/415/282
f 312/419/283 318/133/283 313/420/283
f 314/421/284 318/133/284 319/135/284
f 314/421/285 320/137/285 315/422/285
f 315/422/286 321/139/286 316/415/286
f 68/423/287 316/415/287 321/139/287
f 309/424/288 66/143/288 310/417/288
f 310/417/289 317/145/289 311/418/289
f 311/418/290 67/131/290 312/419/290
f 67/131/35 72/146/35 73/132/35
f 318/133/36 73/132/36 74/134/36
f 319/135/37 74/134/37 75/136/37
f 320/137/38 75/136/38 76/138/38
f 65/141/40 69/153/40 70/142/40
f 66/143/41 70/142/41 71/144/41
f 317/145/42 71/144/42 72/146/42
f 71/144/43 79/155/43 80/147/43
f 72/146/44 80/147/44 81/148/44
f 74/134/45 73/132/45 81/148/45
f 75/136/46 74/134/46 82/149/46
f 75/136/47 83/150/47 84/151/47
f 69/153/49 77/425/49 78/154/49
f 70/142/50 78/154/50 79/155/50
f 83/150/51 91/164/51 92/156/51
f 78/154/53 77/425/53 85/158/53
f 78/154/54 86/159/54 87/160/54
f 80/147/55 79/155/55 87/160/55
f 81/148/56 80/147/56 88/161/56
f 82/149/57 81/148/57 89/162/57
f 82/149/58 90/163/58 91/164/58
f 88/161/59 87/160/59 95/165/59
f 88/161/60 96/166/60 97/167/60
f 89/162/61 97/167/61 98/168/61
f 90/163/62 98/168/62 99/169/62
f 91/164/63 99/169/63 100/170/63
f 85/158/65 93/175/65 94/172/65
f 86/159/66 94/172/66 95/165/66
f 99/169/67 107/181/67 108/173/67
f 93/175/69 101/187/69 102/176/69
f 94/172/70 102/176/70 103/177/70
f 96/166/71 95/165/71 103/177/71
f 96/166/72 104/178/72 105/179/72
f 97/167/73 105/179/73 106/180/73
f 99/169/74 98/168/74 106/180/74
f 104/178/75 112/190/75 113/182/75
f 105/179/76 113/182/76 114/183/76
f 106/180/77 114/183/77 115/184/77
f 108/173/78 107/181/78 115/184/78
f 101/187/80 109/193/80 110/188/80
f 102/176/81 110/188/81 111/189/81
f 104/178/82 103/177/82 111/189/82
f 109/193/84 117/205/84 118/194/84
f 110/188/85 118/194/85 119/195/85
f 112/190/86 111/189/86 119/195/86
f 112/190/87 120/196/87 121/197/87
f 114/183/88 113/182/88 121/197/88
f 115/184/89 114/183/89 122/198/89
f 115/184/90 123/199/90 124/192/90
f 122/198/91 121/197/91 129/200/91
f 122/198/92 130/201/92 131/202/92
f 123/199/93 131/202/93 132/203/93
f 117/205/95 125/209/95 126/206/95
f 118/194/96 126/206/96 127/207/96
f 120/196/97 119/195/97 127/207/97
f 120/196/98 128/208/98 129/200/98
f 125/209/99 133/223/99 134/210/99
f 126/206/100 134/210/100 135/211/100
f 128/208/101 127/207/101 135/211/101
f 128/208/102 136/212/102 137/213/102
f 130/201/103 129/200/103 137/213/103
f 130/201/104 138/214/104 139/215/104
f 131/202/105 139/215/105 140/216/105
f 138/214/107 137/213/107 145/218/107
f 138/214/108 146/219/108 147/220/108
f 140/216/109 139/215/109 147/220/109
f 133/223/111 141/234/111 142/224/111
f 134/210/112 142/224/112 143/225/112
f 136/212/113 135/211/113 143/225/113
f 136/212/114 144/226/114 145/218/114
f 142/224/115 150/235/115 151/227/115
f 144/226/116 143/225/116 151/227/116
f 144/226/117 152/228/117 153/229/117
f 146/219/118 145/218/118 153/229/118
f 146/219/119 154/230/119 155/231/119
f 147/220/120 155/231/120 156/232/120
f 141/234/122 149/240/122 150/235/122
f 155/231/123 154/230/123 162/236/123
f 156/232/124 155/231/124 163/237/124
f 149/240/126 157/252/126 158/241/126
f 150/235/127 158/241/127 159/242/127
f 152/228/128 151/227/128 159/242/128
f 152/228/129 160/243/129 161/244/129
f 153/229/130 161/244/130 162/236/130
f 158/241/131 166/253/131 167/245/131
f 160/243/132 159/242/132 167/245/132
f 160/243/133 168/246/133 169/247/133
f 162/236/134 161/244/134 169/247/134
f 162/236/135 170/248/135 171/249/135
f 163/237/136 171/249/136 172/250/136
f 157/252/138 165/257/138 166/253/138
f 170/248/139 178/262/139 179/254/139
f 171/249/140 179/254/140 180/255/140
f 165/257/142 173/270/142 174/258/142
f 166/253/143 174/258/143 175/259/143
f 168/246/144 167/245/144 175/259/144
f 168/246/145 176/260/145 177/261/145
f 170/248/146 169/247/146 177/261/146
f 176/260/147 175/259/147 183/263/147
f 176/260/148 184/264/148 185/265/148
f 178/262/149 177/261/149 185/265/149
f 178/262/150 186/266/150 187/267/150
f 179/254/151 187/267/151 188/268/151
f 173/270/153 181/275/153 182/271/153
f 174/258/154 182/271/154 183/263/154
f 188/268/155 187/267/155 195/272/155
f 181/275/157 189/286/157 190/276/157
f 182/271/158 190/276/158 191/277/158
f 184/264/159 183/263/159 191/277/159
f 184/264/160 192/278/160 193/279/160
f 186/266/161 185/265/161 193/279/161
f 186/266/162 194/280/162 195/272/162
f 192/278/163 200/289/163 201/281/163
f 194/280/164 193/279/164 201/281/164
f 194/280/165 202/282/165 203/283/165
f 195/272/166 203/283/166 204/284/166
f 189/286/168 197/292/168 198/287/168
f 190/276/169 198/287/169 199/288/169
f 192/278/170 191/277/170 199/288/170
f 197/292/172 205/304/172 206/293/172
f 198/287/173 206/293/173 207/294/173
f 200/289/174 199/288/174 207/294/174
f 200/289/175 208/295/175 209/296/175
f 202/282/176 201/281/176 209/296/176
f 202/282/177 210/297/177 211/298/177
f 203/283/178 211/298/178 212/291/178
f 208/295/179 216/307/179 217/299/179
f 210/297/180 209/296/180 217/299/180
f 210/297/181 218/300/181 219/301/181
f 212/291/182 211/298/182 219/301/182
f 205/304/184 213/310/184 214/305/184
f 206/293/185 214/305/185 215/306/185
f 208/295/186 207/294/186 215/306/186
f 213/310/188 221/322/188 222/311/188
f 214/305/189 222/311/189 223/312/189
f 216/307/190 215/306/190 223/312/190
f 216/307/191 224/313/191 225/314/191
f 218/300/192 217/299/192 225/314/192
f 218/300/193 226/315/193 227/316/193
f 220/302/194 219/301/194 227/316/194
f 226/315/195 225/314/195 233/317/195
f 226/315/196 234/318/196 235/319/196
f 227/316/197 235/319/197 236/320/197
f 221/322/199 229/326/199 230/323/199
f 222/311/200 230/323/200 231/324/200
f 224/313/201 223/312/201 231/324/201
f 224/313/202 232/325/202 233/317/202
f 229/326/203 237/340/203 238/327/203
f 230/323/204 238/327/204 239/328/204
f 232/325/205 231/324/205 239/328/205
f 232/325/206 240/329/206 241/330/206
f 234/318/207 233/317/207 241/330/207
f 234/318/208 242/331/208 243/332/208
f 235/319/209 243/332/209 244/333/209
f 242/331/211 241/330/211 249/335/211
f 242/331/212 250/336/212 251/337/212
f 243/332/213 251/337/213 252/338/213
f 237/340/215 245/351/215 246/341/215
f 238/327/216 246/341/216 247/342/216
f 240/329/217 239/328/217 247/342/217
f 240/329/218 248/343/218 249/335/218
f 246/341/219 254/352/219 255/344/219
f 248/343/220 247/342/220 255/344/220
f 248/343/221 256/345/221 257/346/221
f 250/336/222 249/335/222 257/346/222
f 250/336/223 258/347/223 259/348/223
f 251/337/224 259/348/224 260/349/224
f 245/351/226 253/426/226 254/352/226
f 258/353/227 266/368/227 267/354/227
f 259/355/228 267/354/228 268/356/228
f 253/359/230 261/376/230 262/360/230
f 254/361/231 262/360/231 263/362/231
f 256/364/232 255/363/232 263/362/232
f 256/364/233 264/365/233 265/366/233
f 258/353/234 257/367/234 265/366/234
f 264/365/235 263/362/235 271/369/235
f 264/365/236 272/370/236 273/371/236
f 266/368/237 265/366/237 273/371/237
f 266/368/238 274/372/238 275/373/238
f 267/354/239 275/373/239 276/374/239
f 261/376/241 269/380/241 270/377/241
f 262/360/242 270/377/242 271/369/242
f 275/373/243 283/386/243 284/378/243
f 269/380/245 277/394/245 278/381/245
f 270/377/246 278/381/246 279/382/246
f 272/370/247 271/369/247 279/382/247
f 272/370/248 280/383/248 281/384/248
f 274/372/249 273/371/249 281/384/249
f 275/373/250 274/372/250 282/385/250
f 280/383/251 279/382/251 287/387/251
f 280/383/252 288/388/252 289/389/252
f 282/385/253 281/384/253 289/389/253
f 282/385/254 290/390/254 291/391/254
f 283/386/255 291/391/255 292/392/255
f 277/394/257 285/398/257 286/395/257
f 278/381/258 286/395/258 287/387/258
f 291/391/259 299/404/259 300/396/259
f 285/398/261 293/410/261 294/399/261
f 286/395/262 294/399/262 295/400/262
f 288/388/263 287/387/263 295/400/263
f 288/388/264 296/401/264 297/402/264
f 290/390/265 289/389/265 297/402/265
f 290/390/266 298/403/266 299/404/266
f 296/401/267 304/413/267 305/405/267
f 298/403/268 297/402/268 305/405/268
f 298/403/269 306/406/269 307/407/269
f 299/404/270 307/407/270 308/408/270
f 293/410/272 301/416/272 302/411/272
f 294/399/273 302/411/273 303/412/273
f 296/401/274 295/400/274 303/412/274
f 301/416/276 309/424/276 310/417/276
f 302/411/277 310/417/277 311/418/277
f 304/413/278 303/412/278 311/418/278
f 304/413/279 312/419/279 313/420/279
f 306/406/280 305/405/280 313/420/280
f 306/406/281 314/421/281 315/422/281
f 308/408/282 307/407/282 315/422/282
f 312/419/283 67/131/283 318/133/283
f 314/421/284 313/420/284 318/133/284
f 314/421/285 319/135/285 320/137/285
f 315/422/286 320/137/286 321/139/286
f 309/424/288 65/141/288 66/143/288
f 310/417/291 66/143/291 317/145/291
f 311/418/290 317/145/290 67/131/290
o Torus
v 7.323395 2.117779 -32.407909
v 7.282289 2.188020 -32.407909
v 7.169985 2.239440 -32.407909
v 7.016575 2.258261 -32.407909
v 6.863165 2.239440 -32.407909
v 6.750861 2.188020 -32.407909
v 6.709754 2.117779 -32.407909
v 6.750861 2.047537 -32.407909
v 6.863165 1.996117 -32.407909
v 7.016575 1.977296 -32.407909
v 7.169985 1.996117 -32.407909
v 7.282289 2.047537 -32.407909
v 7.310271 2.117779 -32.571068
v 7.269516 2.188020 -32.566696
v 7.158173 2.239440 -32.554752
v 7.006075 2.258261 -32.538437
v 6.853978 2.239440 -32.522121
v 6.742634 2.188020 -32.510178
v 6.701880 2.117779 -32.505802
v 6.742634 2.047537 -32.510178
v 6.853978 1.996117 -32.522121
v 7.006075 1.977296 -32.538437
v 7.158173 1.996117 -32.554752
v 7.269516 2.047537 -32.566696
v 7.271122 2.117779 -32.731434
v 7.231417 2.188020 -32.722763
v 7.122939 2.239440 -32.699081
v 6.974756 2.258261 -32.666729
v 6.826573 2.239440 -32.634377
v 6.718096 2.188020 -32.610691
v 6.678391 2.117779 -32.602024
v 6.718096 2.047537 -32.610691
v 6.826573 1.996117 -32.634377
v 6.974756 1.977296 -32.666729
v 7.122939 1.996117 -32.699081
v 7.231417 2.047537 -32.722763
v 7.206619 2.117779 -32.886265
v 7.168642 2.188020 -32.873447
v 7.064886 2.239440 -32.838428
v 6.923154 2.258261 -32.790592
v 6.781421 2.239440 -32.742756
v 6.677666 2.188020 -32.707741
v 6.639688 2.117779 -32.694923
v 6.677666 2.047537 -32.707741
v 6.781421 1.996117 -32.742756
v 6.923154 1.977296 -32.790592
v 7.064886 1.996117 -32.838428
v 7.168642 2.047537 -32.873447
v 7.117865 2.117779 -33.032909
v 7.082265 2.188020 -33.016163
v 6.985007 2.239440 -32.970409
v 6.852150 2.258261 -32.907909
v 6.719293 2.239440 -32.845409
v 6.622035 2.188020 -32.799656
v 6.586436 2.117779 -32.782909
v 6.622035 2.047537 -32.799656
v 6.719293 1.996117 -32.845409
v 6.852150 1.977296 -32.907909
v 6.985007 1.996117 -32.970409
v 7.082265 2.047537 -33.016163
v 7.006378 2.117779 -33.168861
v 6.973767 2.188020 -33.148472
v 6.884670 2.239440 -33.092766
v 6.762961 2.258261 -33.016670
v 6.641253 2.239440 -32.940575
v 6.552156 2.188020 -32.884869
v 6.519544 2.117779 -32.864479
v 6.552156 2.047537 -32.884869
v 6.641253 1.996117 -32.940575
v 6.762961 1.977296 -33.016670
v 6.884670 1.996117 -33.092766
v 6.973767 2.047537 -33.148472
v 6.874067 2.117779 -33.291794
v 6.845001 2.188020 -33.268108
v 6.765590 2.239440 -33.203403
v 6.657112 2.258261 -33.115017
v 6.548635 2.239440 -33.026627
v 6.469224 2.188020 -32.961922
v 6.440157 2.117779 -32.938240
v 6.469224 2.047537 -32.961922
v 6.548635 1.996117 -33.026627
v 6.657112 1.977296 -33.115017
v 6.765590 1.996117 -33.203403
v 6.845001 2.047537 -33.268108
v 6.723196 2.117779 -33.399601
v 6.698172 2.188020 -33.373028
v 6.629806 2.239440 -33.300430
v 6.536415 2.258261 -33.201263
v 6.443025 2.239440 -33.102093
v 6.374659 2.188020 -33.029495
v 6.349635 2.117779 -33.002926
v 6.374659 2.047537 -33.029495
v 6.443025 1.996117 -33.102093
v 6.536415 1.977296 -33.201263
v 6.629806 1.996117 -33.300430
v 6.698172 2.047537 -33.373028
v 6.556344 2.117779 -33.490440
v 6.535791 2.188020 -33.461433
v 6.479639 2.239440 -33.382187
v 6.402934 2.258261 -33.273933
v 6.326229 2.239440 -33.165680
v 6.270077 2.188020 -33.086433
v 6.249524 2.117779 -33.057430
v 6.270077 2.047537 -33.086433
v 6.326229 1.996117 -33.165680
v 6.402934 1.977296 -33.273933
v 6.479639 1.996117 -33.382187
v 6.535791 2.047537 -33.461433
v 6.376369 2.117779 -33.562759
v 6.360639 2.188020 -33.531815
v 6.317661 2.239440 -33.447273
v 6.258954 2.258261 -33.331787
v 6.200246 2.239440 -33.216305
v 6.157269 2.188020 -33.131763
v 6.141539 2.117779 -33.100819
v 6.157269 2.047537 -33.131763
v 6.200246 1.996117 -33.216305
v 6.258954 1.977296 -33.331787
v 6.317661 1.996117 -33.447273
v 6.360639 2.047537 -33.531815
v 6.186348 2.117779 -33.615318
v 6.175709 2.188020 -33.582966
v 6.146643 2.239440 -33.494576
v 6.106937 2.258261 -33.373837
v 6.067232 2.239440 -33.253094
v 6.038165 2.188020 -33.164707
v 6.027526 2.117779 -33.132355
v 6.038165 2.047537 -33.164707
v 6.067232 1.996117 -33.253094
v 6.106937 1.977296 -33.373837
v 6.146643 1.996117 -33.494576
v 6.175709 2.047537 -33.582966
v 5.989533 2.117779 -33.647217
v 5.984168 2.188020 -33.614010
v 5.969510 2.239440 -33.523285
v 5.949485 2.258261 -33.399353
v 5.929461 2.239440 -33.275425
v 5.914803 2.188020 -33.184700
v 5.909437 2.117779 -33.151493
v 5.914803 2.047537 -33.184700
v 5.929461 1.996117 -33.275425
v 5.949485 1.977296 -33.399353
v 5.969510 1.996117 -33.523285
v 5.984168 2.047537 -33.614010
v 5.789293 2.117779 -33.657909
v 5.789293 2.188020 -33.624416
v 5.789293 2.239440 -33.532909
v 5.789293 2.258261 -33.407909
v 5.789293 2.239440 -33.282909
v 5.789293 2.188020 -33.191402
v 5.789293 2.117779 -33.157909
v 5.789293 2.047537 -33.191402
v 5.789293 1.996117 -33.282909
v 5.789293 1.977296 -33.407909
v 5.789293 1.996117 -33.532909
v 5.789293 2.047537 -33.624416
v 5.589053 2.117779 -33.647217
v 5.594418 2.188020 -33.614010
v 5.609076 2.239440 -33.523285
v 5.629101 2.258261 -33.399353
v 5.649125 2.239440 -33.275425
v 5.663784 2.188020 -33.184700
v 5.669149 2.117779 -33.151493
v 5.663784 2.047537 -33.184700
v 5.649125 1.996117 -33.275425
v 5.629101 1.977296 -33.399353
v 5.609076 1.996117 -33.523285
v 5.594418 2.047537 -33.614010
v 5.392239 2.117779 -33.615318
v 5.402878 2.188020 -33.582966
v 5.431944 2.239440 -33.494576
v 5.471650 2.258261 -33.373837
v 5.511355 2.239440 -33.253094
v 5.540421 2.188020 -33.164707
v 5.551061 2.117779 -33.132355
v 5.540421 2.047537 -33.164707
v 5.511355 1.996117 -33.253094
v 5.471650 1.977296 -33.373837
v 5.431944 1.996117 -33.494576
v 5.402878 2.047537 -33.582966
v 5.202218 2.117779 -33.562759
v 5.217948 2.188020 -33.531815
v 5.260925 2.239440 -33.447273
v 5.319633 2.258261 -33.331787
v 5.378340 2.239440 -33.216305
v 5.421317 2.188020 -33.131763
v 5.437048 2.117779 -33.100819
v 5.421317 2.047537 -33.131763
v 5.378340 1.996117 -33.216305
v 5.319633 1.977296 -33.331787
v 5.260925 1.996117 -33.447273
v 5.217948 2.047537 -33.531815
v 5.022243 2.117779 -33.490440
v 5.042796 2.188020 -33.461433
v 5.098948 2.239440 -33.382187
v 5.175653 2.258261 -33.273933
v 5.252357 2.239440 -33.165680
v 5.308510 2.188020 -33.086433
v 5.329063 2.117779 -33.057430
v 5.308510 2.047537 -33.086433
v 5.252357 1.996117 -33.165680
v 5.175653 1.977296 -33.273933
v 5.098948 1.996117 -33.382187
v 5.042796 2.047537 -33.461433
v 4.855391 2.117779 -33.399601
v 4.880415 2.188020 -33.373028
v 4.948781 2.239440 -33.300430
v 5.042171 2.258261 -33.201263
v 5.135562 2.239440 -33.102093
v 5.203928 2.188020 -33.029495
v 5.228952 2.117779 -33.002926
v 5.203928 2.047537 -33.029495
v 5.135562 1.996117 -33.102093
v 5.042171 1.977296 -33.201263
v 4.948781 1.996117 -33.300430
v 4.880415 2.047537 -33.373028
v 4.704519 2.117779 -33.291794
v 4.733585 2.188020 -33.268108
v 4.812996 2.239440 -33.203403
v 4.921474 2.258261 -33.115017
v 5.029952 2.239440 -33.026627
v 5.109363 2.188020 -32.961922
v 5.138429 2.117779 -32.938240
v 5.109363 2.047537 -32.961922
v 5.029952 1.996117 -33.026627
v 4.921474 1.977296 -33.115017
v 4.812996 1.996117 -33.203403
v 4.733585 2.047537 -33.268108
v 4.572208 2.117779 -33.168861
v 4.604820 2.188020 -33.148472
v 4.693917 2.239440 -33.092766
v 4.815625 2.258261 -33.016670
v 4.937334 2.239440 -32.940575
v 5.026431 2.188020 -32.884869
v 5.059042 2.117779 -32.864479
v 5.026431 2.047537 -32.884869
v 4.937334 1.996117 -32.940575
v 4.815625 1.977296 -33.016670
v 4.693917 1.996117 -33.092766
v 4.604820 2.047537 -33.148472
v 4.460722 2.117779 -33.032909
v 4.496321 2.188020 -33.016163
v 4.593579 2.239440 -32.970409
v 4.726437 2.258261 -32.907909
v 4.859293 2.239440 -32.845409
v 4.956552 2.188020 -32.799656
v 4.992151 2.117779 -32.782909
v 4.956552 2.047537 -32.799656
v 4.859293 1.996117 -32.845409
v 4.726437 1.977296 -32.907909
v 4.593579 1.996117 -32.970409
v 4.496321 2.047537 -33.016163
v 4.371968 2.117779 -32.886265
v 4.409945 2.188020 -32.873447
v 4.513700 2.239440 -32.838428
v 4.655433 2.258261 -32.790592
v 4.797165 2.239440 -32.742756
v 4.900921 2.188020 -32.707741
v 4.938898 2.117779 -32.694923
v 4.900921 2.047537 -32.707741
v 4.797165 1.996117 -32.742756
v 4.655433 1.977296 -32.790592
v 4.513700 1.996117 -32.838428
v 4.409945 2.047537 -32.873447
v 4.307465 2.117779 -32.731434
v 4.347170 2.188020 -32.722763
v 4.455647 2.239440 -32.699081
v 4.603830 2.258261 -32.666729
v 4.752013 2.239440 -32.634377
v 4.860491 2.188020 -32.610691
v 4.900196 2.117779 -32.602024
v 4.860491 2.047537 -32.610691
v 4.752013 1.996117 -32.634377
v 4.603830 1.977296 -32.666729
v 4.455647 1.996117 -32.699081
v 4.347170 2.047537 -32.722763
v 4.268316 2.117779 -32.571068
v 4.309071 2.188020 -32.566696
v 4.420413 2.239440 -32.554752
v 4.572511 2.258261 -32.538437
v 4.724609 2.239440 -32.522121
v 4.835952 2.188020 -32.510178
v 4.876707 2.117779 -32.505806
v 4.835952 2.047537 -32.510178
v 4.724609 1.996117 -32.522121
v 4.572511 1.977296 -32.538437
v 4.420413 1.996117 -32.554752
v 4.309071 2.047537 -32.566696
v 4.255191 2.117779 -32.407909
v 4.296298 2.188020 -32.407909
v 4.408602 2.239440 -32.407909
v 4.562012 2.258261 -32.407909
v 4.715422 2.239440 -32.407909
v 4.827726 2.188020 -32.407909
v 4.868832 2.117779 -32.407909
v 4.827726 2.047537 -32.407909
v 4.715422 1.996117 -32.407909
v 4.562012 1.977296 -32.407909
v 4.408602 1.996117 -32.407909
v 4.296298 2.047537 -32.407909
v 4.268316 2.117779 -32.244751
v 4.309071 2.188020 -32.249123
v 4.420413 2.239440 -32.261066
v 4.572511 2.258261 -32.277382
v 4.724609 2.239440 -32.293697
v 4.835952 2.188020 -32.305641
v 4.876707 2.117779 -32.310013
v 4.835952 2.047537 -32.305641
v 4.724609 1.996117 -32.293697
v 4.572511 1.977296 -32.277382
v 4.420413 1.996117 -32.261066
v 4.309071 2.047537 -32.249123
v 4.307465 2.117779 -32.084385
v 4.347170 2.188020 -32.093056
v 4.455647 2.239440 -32.116737
v 4.603830 2.258261 -32.149090
v 4.752013 2.239440 -32.181442
v 4.860491 2.188020 -32.205128
v 4.900196 2.117779 -32.213795
v 4.860491 2.047537 -32.205128
v 4.752013 1.996117 -32.181442
v 4.603830 1.977296 -32.149090
v 4.455647 1.996117 -32.116737
v 4.347170 2.047537 -32.093056
v 4.371967 2.117779 -31.929556
v 4.409945 2.188020 -31.942373
v 4.513700 2.239440 -31.977390
v 4.655433 2.258261 -32.025227
v 4.797165 2.239440 -32.073063
v 4.900921 2.188020 -32.108078
v 4.938898 2.117779 -32.120895
v 4.900921 2.047537 -32.108078
v 4.797165 1.996117 -32.073063
v 4.655433 1.977296 -32.025227
v 4.513700 1.996117 -31.977390
v 4.409945 2.047537 -31.942373
v 4.460722 2.117779 -31.782909
v 4.496321 2.188020 -31.799656
v 4.593579 2.239440 -31.845409
v 4.726436 2.258261 -31.907909
v 4.859293 2.239440 -31.970409
v 4.956552 2.188020 -32.016163
v 4.992150 2.117779 -32.032909
v 4.956552 2.047537 -32.016163
v 4.859293 1.996117 -31.970409
v 4.726436 1.977296 -31.907909
v 4.593579 1.996117 -31.845409
v 4.496321 2.047537 -31.799656
v 4.572208 2.117779 -31.646957
v 4.604820 2.188020 -31.667347
v 4.693917 2.239440 -31.723053
v 4.815625 2.258261 -31.799149
v 4.937334 2.239440 -31.875242
v 5.026431 2.188020 -31.930948
v 5.059042 2.117779 -31.951338
v 5.026431 2.047537 -31.930948
v 4.937334 1.996117 -31.875242
v 4.815625 1.977296 -31.799149
v 4.693917 1.996117 -31.723053
v 4.604820 2.047537 -31.667347
v 4.704519 2.117779 -31.524027
v 4.733585 2.188020 -31.547710
v 4.812996 2.239440 -31.612415
v 4.921474 2.258261 -31.700802
v 5.029952 2.239440 -31.789190
v 5.109363 2.188020 -31.853895
v 5.138429 2.117779 -31.877579
v 5.109363 2.047537 -31.853895
v 5.029952 1.996117 -31.789190
v 4.921474 1.977296 -31.700802
v 4.812996 1.996117 -31.612415
v 4.733585 2.047537 -31.547710
v 4.855391 2.117779 -31.416218
v 4.880414 2.188020 -31.442791
v 4.948781 2.239440 -31.515387
v 5.042171 2.258261 -31.614557
v 5.135561 2.239440 -31.713726
v 5.203928 2.188020 -31.786322
v 5.228951 2.117779 -31.812895
v 5.203928 2.047537 -31.786322
v 5.135561 1.996117 -31.713726
v 5.042171 1.977296 -31.614557
v 4.948781 1.996117 -31.515387
v 4.880414 2.047537 -31.442791
v 5.022243 2.117779 -31.325378
v 5.042796 2.188020 -31.354383
v 5.098948 2.239440 -31.433630
v 5.175653 2.258261 -31.541883
v 5.252357 2.239440 -31.650137
v 5.308510 2.188020 -31.729383
v 5.329063 2.117779 -31.758390
v 5.308510 2.047537 -31.729383
v 5.252357 1.996117 -31.650137
v 5.175653 1.977296 -31.541883
v 5.098948 1.996117 -31.433630
v 5.042796 2.047537 -31.354383
v 5.202218 2.117779 -31.253059
v 5.217948 2.188020 -31.284004
v 5.260925 2.239440 -31.368546
v 5.319633 2.258261 -31.484030
v 5.378340 2.239440 -31.599514
v 5.421317 2.188020 -31.684055
v 5.437048 2.117779 -31.715000
v 5.421317 2.047537 -31.684055
v 5.378340 1.996117 -31.599514
v 5.319633 1.977296 -31.484030
v 5.260925 1.996117 -31.368546
v 5.217948 2.047537 -31.284004
v 5.392238 2.117779 -31.200502
v 5.402877 2.188020 -31.232855
v 5.431943 2.239440 -31.321243
v 5.471649 2.258261 -31.441984
v 5.511354 2.239440 -31.562725
v 5.540421 2.188020 -31.651114
v 5.551060 2.117779 -31.683466
v 5.540421 2.047537 -31.651114
v 5.511354 1.996117 -31.562725
v 5.471649 1.977296 -31.441984
v 5.431943 1.996117 -31.321243
v 5.402877 2.047537 -31.232855
v 5.589052 2.117779 -31.168604
v 5.594417 2.188020 -31.201811
v 5.609076 2.239440 -31.292534
v 5.629100 2.258261 -31.416464
v 5.649124 2.239440 -31.540396
v 5.663783 2.188020 -31.631119
v 5.669148 2.117779 -31.664326
v 5.663783 2.047537 -31.631119
v 5.649124 1.996117 -31.540396
v 5.629100 1.977296 -31.416464
v 5.609076 1.996117 -31.292534
v 5.594417 2.047537 -31.201811
v 5.789293 2.117779 -31.157909
v 5.789293 2.188020 -31.191402
v 5.789293 2.239440 -31.282909
v 5.789293 2.258261 -31.407909
v 5.789293 2.239440 -31.532909
v 5.789293 2.188020 -31.624416
v 5.789293 2.117779 -31.657909
v 5.789293 2.047537 -31.624416
v 5.789293 1.996117 -31.532909
v 5.789293 1.977296 -31.407909
v 5.789293 1.996117 -31.282909
v 5.789293 2.047537 -31.191402
v 5.989533 2.117779 -31.168604
v 5.984168 2.188020 -31.201811
v 5.969510 2.239440 -31.292534
v 5.949485 2.258261 -31.416464
v 5.929461 2.239440 -31.540396
v 5.914803 2.188020 -31.631119
v 5.909437 2.117779 -31.664326
v 5.914803 2.047537 -31.631119
v 5.929461 1.996117 -31.540396
v 5.949485 1.977296 -31.416464
v 5.969510 1.996117 -31.292534
v 5.984168 2.047537 -31.201811
v 6.186347 2.117779 -31.200502
v 6.175708 2.188020 -31.232855
v 6.146642 2.239440 -31.321243
v 6.106936 2.258261 -31.441984
v 6.067231 2.239440 -31.562725
v 6.038165 2.188020 -31.651112
v 6.027526 2.117779 -31.683464
v 6.038165 2.047537 -31.651112
v 6.067231 1.996117 -31.562725
v 6.106936 1.977296 -31.441984
v 6.146642 1.996117 -31.321243
v 6.175708 2.047537 -31.232855
v 6.376369 2.117779 -31.253059
v 6.360639 2.188020 -31.284004
v 6.317661 2.239440 -31.368546
v 6.258954 2.258261 -31.484030
v 6.200246 2.239440 -31.599514
v 6.157269 2.188020 -31.684055
v 6.141539 2.117779 -31.715000
v 6.157269 2.047537 -31.684055
v 6.200246 1.996117 -31.599514
v 6.258954 1.977296 -31.484030
v 6.317661 1.996117 -31.368546
v 6.360639 2.047537 -31.284004
v 6.556344 2.117779 -31.325378
v 6.535791 2.188020 -31.354383
v 6.479639 2.239440 -31.433630
v 6.402934 2.258261 -31.541883
v 6.326229 2.239440 -31.650137
v 6.270077 2.188020 -31.729383
v 6.249524 2.117779 -31.758390
v 6.270077 2.047537 -31.729383
v 6.326229 1.996117 -31.650137
v 6.402934 1.977296 -31.541883
v 6.479639 1.996117 -31.433630
v 6.535791 2.047537 -31.354383
v 6.723195 2.117779 -31.416218
v 6.698171 2.188020 -31.442789
v 6.629805 2.239440 -31.515387
v 6.536415 2.258261 -31.614555
v 6.443025 2.239440 -31.713726
v 6.374658 2.188020 -31.786322
v 6.349634 2.117779 -31.812895
v 6.374658 2.047537 -31.786322
v 6.443025 1.996117 -31.713726
v 6.536415 1.977296 -31.614555
v 6.629805 1.996117 -31.515387
v 6.698171 2.047537 -31.442789
v 6.874066 2.117779 -31.524025
v 6.845000 2.188020 -31.547709
v 6.765589 2.239440 -31.612413
v 6.657112 2.258261 -31.700802
v 6.548635 2.239440 -31.789190
v 6.469223 2.188020 -31.853895
v 6.440157 2.117779 -31.877579
v 6.469223 2.047537 -31.853895
v 6.548635 1.996117 -31.789190
v 6.657112 1.977296 -31.700802
v 6.765589 1.996117 -31.612413
v 6.845000 2.047537 -31.547709
v 7.006378 2.117779 -31.646957
v 6.973767 2.188020 -31.667347
v 6.884670 2.239440 -31.723053
v 6.762961 2.258261 -31.799149
v 6.641253 2.239440 -31.875244
v 6.552156 2.188020 -31.930948
v 6.519544 2.117779 -31.951338
v 6.552156 2.047537 -31.930948
v 6.641253 1.996117 -31.875244
v 6.762961 1.977296 -31.799149
v 6.884670 1.996117 -31.723053
v 6.973767 2.047537 -31.667347
v 7.117865 2.117779 -31.782909
v 7.082265 2.188020 -31.799656
v 6.985007 2.239440 -31.845409
v 6.852150 2.258261 -31.907909
v 6.719293 2.239440 -31.970409
v 6.622035 2.188020 -32.016163
v 6.586436 2.117779 -32.032909
v 6.622035 2.047537 -32.016163
v 6.719293 1.996117 -31.970409
v 6.852150 1.977296 -31.907909
v 6.985007 1.996117 -31.845409
v 7.082265 2.047537 -31.799656
v 7.206618 2.117779 -31.929554
v 7.168642 2.188020 -31.942371
v 7.064886 2.239440 -31.977390
v 6.923153 2.258261 -32.025227
v 6.781421 2.239440 -32.073063
v 6.677666 2.188020 -32.108078
v 6.639688 2.117779 -32.120895
v 6.677666 2.047537 -32.108078
v 6.781421 1.996117 -32.073063
v 6.923153 1.977296 -32.025227
v 7.064886 1.996117 -31.977390
v 7.168642 2.047537 -31.942371
v 7.271122 2.117779 -32.084385
v 7.231417 2.188020 -32.093056
v 7.122939 2.239440 -32.116737
v 6.974756 2.258261 -32.149090
v 6.826573 2.239440 -32.181442
v 6.718096 2.188020 -32.205128
v 6.678391 2.117779 -32.213795
v 6.718096 2.047537 -32.205128
v 6.826573 1.996117 -32.181442
v 6.974756 1.977296 -32.149090
v 7.122939 1.996117 -32.116737
v 7.231417 2.047537 -32.093056
v 7.310271 2.117779 -32.244751
v 7.269516 2.188020 -32.249123
v 7.158173 2.239440 -32.261066
v 7.006075 2.258261 -32.277382
v 6.853978 2.239440 -32.293697
v 6.742634 2.188020 -32.305641
v 6.701880 2.117779 -32.310017
v 6.742634 2.047537 -32.305641
v 6.853978 1.996117 -32.293697
v 7.006075 1.977296 -32.277382
v 7.158173 1.996117 -32.261066
v 7.269516 2.047537 -32.249123
vn 0.8610 0.5039 -0.0693
vn 0.4161 0.9087 -0.0335
vn 0.1218 0.9925 -0.0098
vn -0.1218 0.9925 0.0098
vn -0.4161 0.9087 0.0335
vn -0.8610 0.5039 0.0693
vn -0.8610 -0.5039 0.0693
vn -0.4161 -0.9087 0.0335
vn -0.1218 -0.9925 0.0098
vn 0.1218 -0.9925 -0.0098
vn 0.4161 -0.9087 -0.0335
vn 0.8610 -0.5039 -0.0693
vn 0.8409 0.5007 -0.2053
vn 0.4083 0.9074 -0.0997
vn 0.1197 0.9924 -0.0292
vn -0.1197 0.9924 0.0292
vn -0.4083 0.9074 0.0997
vn -0.8409 0.5007 0.2053
vn -0.8409 -0.5007 0.2053
vn -0.4083 -0.9074 0.0997
vn -0.1197 -0.9924 0.0292
vn 0.1197 -0.9924 -0.0292
vn 0.4083 -0.9074 -0.0997
vn 0.8409 -0.5007 -0.2053
vn 0.8022 0.4947 -0.3342
vn 0.3931 0.9048 -0.1638
vn 0.1155 0.9921 -0.0481
vn -0.1155 0.9921 0.0481
vn -0.3931 0.9048 0.1638
vn -0.8022 0.4947 0.3342
vn -0.8022 -0.4947 0.3342
vn -0.3931 -0.9048 0.1638
vn -0.1155 -0.9921 0.0481
vn 0.1155 -0.9921 -0.0481
vn 0.3931 -0.9048 -0.1638
vn 0.8022 -0.4947 -0.3342
vn 0.7474 0.4866 -0.4523
vn 0.3709 0.9012 -0.2245
vn 0.1094 0.9918 -0.0662
vn -0.1094 0.9918 0.0662
vn -0.3709 0.9012 0.2245
vn -0.7474 0.4866 0.4523
vn -0.7474 -0.4866 0.4523
vn -0.3709 -0.9012 0.2245
vn -0.1094 -0.9918 0.0662
vn 0.1094 -0.9918 -0.0662
vn 0.3709 -0.9012 -0.2245
vn 0.7474 -0.4866 -0.4523
vn 0.6795 0.4772 -0.5572
vn 0.3421 0.8968 -0.2806
vn 0.1013 0.9914 -0.0831
vn -0.1013 0.9914 0.0831
vn -0.3421 0.8968 0.2806
vn -0.6795 0.4772 0.5572
vn -0.6795 -0.4772 0.5572
vn -0.3421 -0.8968 0.2806
vn -0.1013 -0.9914 0.0831
vn 0.1013 -0.9914 -0.0831
vn 0.3421 -0.8968 -0.2806
vn 0.6795 -0.4772 -0.5572
vn 0.6017 0.4674 -0.6477
vn 0.3077 0.8920 -0.3312
vn 0.0916 0.9909 -0.0986
vn -0.0916 0.9909 0.0986
vn -0.3077 0.8920 0.3312
vn -0.6017 0.4674 0.6477
vn -0.6017 -0.4674 0.6477
vn -0.3077 -0.8920 0.3312
vn -0.0916 -0.9909 0.0986
vn 0.0916 -0.9909 -0.0986
vn 0.3077 -0.8920 -0.3312
vn 0.6017 -0.4674 -0.6477
vn 0.5169 0.4578 -0.7234
vn 0.2684 0.8871 -0.3756
vn 0.0803 0.9904 -0.1124
vn -0.0803 0.9904 0.1124
vn -0.2684 0.8871 0.3756
vn -0.5169 0.4578 0.7234
vn -0.5169 -0.4578 0.7234
vn -0.2684 -0.8871 0.3756
vn -0.0803 -0.9904 0.1124
vn 0.0803 -0.9904 -0.1124
vn 0.2684 -0.8871 -0.3756
vn 0.5169 -0.4578 -0.7234
vn 0.4272 0.4491 -0.7847
vn 0.2250 0.8824 -0.4132
vn 0.0676 0.9900 -0.1242
vn -0.0676 0.9900 0.1242
vn -0.2250 0.8824 0.4132
vn -0.4272 0.4491 0.7847
vn -0.4272 -0.4491 0.7847
vn -0.2250 -0.8824 0.4132
vn -0.0676 -0.9900 0.1242
vn 0.0676 -0.9900 -0.1242
vn 0.2250 -0.8824 -0.4132
vn 0.4272 -0.4491 -0.7847
vn 0.3345 0.4417 -0.8325
vn 0.1782 0.8783 -0.4436
vn 0.0538 0.9895 -0.1339
vn -0.0538 0.9895 0.1339
vn -0.1782 0.8783 0.4436
vn -0.3345 0.4417 0.8325
vn -0.3345 -0.4417 0.8325
vn -0.1782 -0.8783 0.4436
vn -0.0538 -0.9895 0.1339
vn 0.0538 -0.9895 -0.1339
vn 0.1782 -0.8783 -0.4436
vn 0.3345 -0.4417 -0.8325
vn 0.2399 0.4359 -0.8674
vn 0.1291 0.8750 -0.4666
vn 0.0391 0.9892 -0.1413
vn -0.0391 0.9892 0.1413
vn -0.1291 0.8750 0.4666
vn -0.2399 0.4359 0.8674
vn -0.2399 -0.4359 0.8674
vn -0.1291 -0.8750 0.4666
vn -0.0391 -0.9892 0.1413
vn 0.0391 -0.9892 -0.1413
vn 0.1291 -0.8750 -0.4666
vn 0.2399 -0.4359 -0.8674
vn 0.1443 0.4319 -0.8903
vn 0.0781 0.8727 -0.4820
vn 0.0237 0.9889 -0.1464
vn -0.0237 0.9889 0.1464
vn -0.0781 0.8727 0.4820
vn -0.1443 0.4319 0.8903
vn -0.1443 -0.4319 0.8903
vn -0.0781 -0.8727 0.4820
vn -0.0237 -0.9889 0.1464
vn 0.0237 -0.9889 -0.1464
vn 0.0781 -0.8727 -0.4820
vn 0.1443 -0.4319 -0.8903
vn 0.0481 0.4299 -0.9016
vn 0.0262 0.8715 -0.4897
vn 0.0080 0.9888 -0.1489
vn -0.0080 0.9888 0.1489
vn -0.0262 0.8715 0.4897
vn -0.0481 0.4299 0.9016
vn -0.0481 -0.4299 0.9016
vn -0.0262 -0.8715 0.4897
vn -0.0080 -0.9888 0.1489
vn 0.0080 -0.9888 -0.1489
vn 0.0262 -0.8715 -0.4897
vn 0.0481 -0.4299 -0.9016
vn -0.0482 0.4299 -0.9016
vn -0.0262 0.8715 -0.4897
vn -0.0080 0.9888 -0.1489
vn 0.0080 0.9888 0.1489
vn 0.0262 0.8715 0.4897
vn 0.0481 0.4299 0.9016
vn 0.0481 -0.4299 0.9016
vn 0.0262 -0.8715 0.4897
vn 0.0080 -0.9888 0.1489
vn -0.0080 -0.9888 -0.1489
vn -0.0262 -0.8715 -0.4897
vn -0.0482 -0.4299 -0.9016
vn -0.1443 0.4319 -0.8903
vn -0.0781 0.8727 -0.4820
vn -0.0237 0.9889 -0.1464
vn 0.0237 0.9889 0.1464
vn 0.0781 0.8727 0.4820
vn 0.1443 0.4319 0.8903
vn 0.1443 -0.4319 0.8903
vn 0.0781 -0.8727 0.4820
vn 0.0237 -0.9889 0.1464
vn -0.0237 -0.9889 -0.1464
vn -0.0781 -0.8727 -0.4820
vn -0.1443 -0.4319 -0.8903
vn -0.2399 0.4359 -0.8674
vn -0.1291 0.8750 -0.4666
vn -0.0391 0.9892 -0.1413
vn 0.0391 0.9892 0.1413
vn 0.1291 0.8750 0.4666
vn 0.2399 0.4359 0.8674
vn 0.2399 -0.4359 0.8674
vn 0.1291 -0.8750 0.4666
vn 0.0391 -0.9892 0.1413
vn -0.0391 -0.9892 -0.1413
vn -0.1291 -0.8750 -0.4666
vn -0.2399 -0.4359 -0.8674
vn -0.3345 0.4417 -0.8325
vn -0.1782 0.8783 -0.4436
vn -0.0538 0.9895 -0.1339
vn 0.0538 0.9895 0.1339
vn 0.1782 0.8783 0.4436
vn 0.3345 0.4417 0.8325
vn 0.3345 -0.4417 0.8325
vn 0.1782 -0.8783 0.4436
vn 0.0538 -0.9895 0.1339
vn -0.0538 -0.9895 -0.1339
vn -0.1782 -0.8783 -0.4436
vn -0.3345 -0.4417 -0.8325
vn -0.4272 0.4491 -0.7847
vn -0.2250 0.8824 -0.4132
vn -0.0676 0.9900 -0.1242
vn 0.0676 0.9900 0.1242
vn 0.2250 0.8824 0.4132
vn 0.4272 0.4491 0.7847
vn 0.4272 -0.4491 0.7847
vn 0.2250 -0.8824 0.4132
vn 0.0676 -0.9900 0.1242
vn -0.0676 -0.9900 -0.1242
vn -0.2250 -0.8824 -0.4132
vn -0.4272 -0.4491 -0.7847
vn -0.5169 0.4578 -0.7234
vn -0.2684 0.8871 -0.3756
vn -0.0803 0.9904 -0.1124
vn 0.0803 0.9904 0.1124
vn 0.2684 0.8871 0.3756
vn 0.5169 0.4578 0.7234
vn 0.5169 -0.4578 0.7234
vn 0.2684 -0.8871 0.3756
vn 0.0803 -0.9904 0.1124
vn -0.0803 -0.9904 -0.1124
vn -0.2684 -0.8871 -0.3756
vn -0.5169 -0.4578 -0.7234
vn -0.6017 0.4674 -0.6477
vn -0.3077 0.8920 -0.3312
vn -0.0916 0.9909 -0.0986
vn 0.0916 0.9909 0.0986
vn 0.3077 0.8920 0.3312
vn 0.6017 0.4674 0.6477
vn 0.6017 -0.4674 0.6477
vn 0.3077 -0.8920 0.3312
vn 0.0916 -0.9909 0.0986
vn -0.0916 -0.9909 -0.0986
vn -0.3077 -0.8920 -0.3312
vn -0.6017 -0.4674 -0.6477
vn -0.6795 0.4772 -0.5572
vn -0.3421 0.8968 -0.2806
vn -0.1013 0.9914 -0.0831
vn 0.1013 0.9914 0.0831
vn 0.3421 0.8968 0.2806
vn 0.6795 0.4772 0.5572
vn 0.6795 -0.4772 0.5572
vn 0.3421 -0.8968 0.2806
vn 0.1013 -0.9914 0.0831
vn -0.1013 -0.9914 -0.0831
vn -0.3421 -0.8968 -0.2806
vn -0.6795 -0.4772 -0.5572
vn -0.7474 0.4866 -0.4523
vn -0.3709 0.9012 -0.2245
vn -0.1094 0.9918 -0.0662
vn 0.1094 0.9918 0.0662
vn 0.3709 0.9012 0.2245
vn 0.7474 0.4866 0.4523
vn 0.7474 -0.4866 0.4523
vn 0.3709 -0.9012 0.2245
vn 0.1094 -0.9918 0.0662
vn -0.1094 -0.9918 -0.0662
vn -0.3709 -0.9012 -0.2245
vn -0.7474 -0.4866 -0.4523
vn -0.8022 0.4947 -0.3342
vn -0.3931 0.9048 -0.1638
vn -0.1155 0.9921 -0.0481
vn 0.1155 0.9921 0.0481
vn 0.3931 0.9048 0.1638
vn 0.8022 0.4947 0.3342
vn 0.8022 -0.4947 0.3342
vn 0.3931 -0.9048 0.1638
vn 0.1155 -0.9921 0.0481
vn -0.1155 -0.9921 -0.0481
vn -0.3931 -0.9048 -0.1638
vn -0.8022 -0.4947 -0.3342
vn -0.8409 0.5007 -0.2053
vn -0.4083 0.9074 -0.0997
vn -0.1197 0.9924 -0.0292
vn 0.1197 0.9924 0.0292
vn 0.4083 0.9074 0.0997
vn 0.8409 0.5007 0.2053
vn 0.8409 -0.5007 0.2053
vn 0.4083 -0.9074 0.0997
vn 0.1197 -0.9924 0.0292
vn -0.1197 -0.9924 -0.0292
vn -0.4083 -0.9074 -0.0997
vn -0.8409 -0.5007 -0.2053
vn -0.8610 0.5039 -0.0693
vn -0.4161 0.9087 -0.0335
vn -0.1218 0.9925 -0.0098
vn 0.1218 0.9925 0.0098
vn 0.4161 0.9087 0.0335
vn 0.8610 0.5039 0.0693
vn 0.8610 -0.5039 0.0693
vn 0.4161 -0.9087 0.0335
vn 0.1218 -0.9925 0.0098
vn -0.1218 -0.9925 -0.0098
vn -0.4161 -0.9087 -0.0335
vn -0.8610 -0.5039 -0.0693
vn 0.0482 0.4299 -0.9016
vn 0.0482 -0.4299 -0.9016
vn -0.0481 0.4299 -0.9016
vn -0.0481 -0.4299 -0.9016
vt 0.520833 0.500000
vt 0.500000 0.583333
vt 0.500000 0.500000
vt 0.520833 0.666667
vt 0.500000 0.666667
vt 0.500000 0.750000
vt 0.520833 0.750000
vt 0.500000 0.833333
vt 0.520833 0.833333
vt 0.500000 0.916667
vt 0.520833 1.000000
vt 0.500000 1.000000
vt 0.520833 0.000000
vt 0.500000 0.083333
vt 0.500000 0.000000
vt 0.520833 0.083333
vt 0.500000 0.166667
vt 0.520833 0.166667
vt 0.500000 0.250000
vt 0.520833 0.250000
vt 0.500000 0.333333
vt 0.520833 0.333333
vt 0.500000 0.416667
vt 0.520833 0.416667
vt 0.541667 0.500000
vt 0.520833 0.583333
vt 0.541667 0.583333
vt 0.541667 0.666667
vt 0.541667 0.750000
vt 0.541667 0.916667
vt 0.520833 0.916667
vt 0.541667 0.000000
vt 0.541667 0.083333
vt 0.541667 0.250000
vt 0.541667 0.333333
vt 0.541667 0.416667
vt 0.562500 0.583333
vt 0.562500 0.666667
vt 0.562500 0.833333
vt 0.541667 0.833333
vt 0.562500 0.916667
vt 0.562500 1.000000
vt 0.541667 1.000000
vt 0.562500 0.000000
vt 0.562500 0.083333
vt 0.541667 0.166667
vt 0.562500 0.250000
vt 0.562500 0.333333
vt 0.562500 0.416667
vt 0.562500 0.500000
vt 0.583333 0.583333
vt 0.583333 0.666667
vt 0.583333 0.750000
vt 0.562500 0.750000
vt 0.583333 0.916667
vt 0.583333 0.000000
vt 0.583333 0.083333
vt 0.562500 0.166667
vt 0.583333 0.250000
vt 0.583333 0.333333
vt 0.583333 0.416667
vt 0.604167 0.500000
vt 0.583333 0.500000
vt 0.604167 0.666667
vt 0.604167 0.750000
vt 0.583333 0.833333
vt 0.604167 0.916667
vt 0.583333 1.000000
vt 0.604167 0.000000
vt 0.604167 0.083333
vt 0.583333 0.166667
vt 0.604167 0.166667
vt 0.604167 0.250000
vt 0.604167 0.333333
vt 0.625000 0.500000
vt 0.604167 0.583333
vt 0.625000 0.583333
vt 0.625000 0.666667
vt 0.625000 0.750000
vt 0.604167 0.833333
vt 0.625000 0.833333
vt 0.625000 0.916667
vt 0.604167 1.000000
vt 0.625000 0.083333
vt 0.625000 0.166667
vt 0.625000 0.250000
vt 0.625000 0.416667
vt 0.604167 0.416667
vt 0.645833 0.500000
vt 0.645833 0.666667
vt 0.645833 0.750000
vt 0.645833 0.916667
vt 0.625000 1.000000
vt 0.645833 0.000000
vt 0.625000 0.000000
vt 0.645833 0.083333
vt 0.645833 0.250000
vt 0.645833 0.333333
vt 0.625000 0.333333
vt 0.645833 0.416667
vt 0.666667 0.500000
vt 0.645833 0.583333
vt 0.666667 0.666667
vt 0.666667 0.750000
vt 0.645833 0.833333
vt 0.666667 0.916667
vt 0.645833 1.000000
vt 0.666667 0.000000
vt 0.666667 0.083333
vt 0.645833 0.166667
vt 0.666667 0.166667
vt 0.666667 0.250000
vt 0.666667 0.333333
vt 0.666667 0.416667
vt 0.687500 0.583333
vt 0.666667 0.583333
vt 0.687500 0.666667
vt 0.687500 0.750000
vt 0.666667 0.833333
vt 0.687500 0.833333
vt 0.687500 0.916667
vt 0.666667 1.000000
vt 0.687500 0.000000
vt 0.687500 0.083333
vt 0.687500 0.250000
vt 0.687500 0.333333
vt 0.687500 0.416667
vt 0.708333 0.500000
vt 0.687500 0.500000
vt 0.708333 0.583333
vt 0.708333 0.666667
vt 0.708333 0.750000
vt 0.708333 0.916667
vt 0.687500 1.000000
vt 0.708333 0.000000
vt 0.708333 0.083333
vt 0.687500 0.166667
vt 0.708333 0.166667
vt 0.708333 0.250000
vt 0.708333 0.333333
vt 0.708333 0.416667
vt 0.729167 0.500000
vt 0.729167 0.583333
vt 0.729167 0.750000
vt 0.708333 0.833333
vt 0.729167 0.833333
vt 0.729167 0.916667
vt 0.708333 1.000000
vt 0.729167 0.083333
vt 0.729167 0.250000
vt 0.729167 0.333333
vt 0.729167 0.416667
vt 0.750000 0.500000
vt 0.750000 0.583333
vt 0.729167 0.666667
vt 0.750000 0.666667
vt 0.750000 0.833333
vt 0.750000 0.916667
vt 0.729167 1.000000
vt 0.750000 0.000000
vt 0.729167 0.000000
vt 0.750000 0.083333
vt 0.729167 0.166667
vt 0.750000 0.166667
vt 0.750000 0.250000
vt 0.750000 0.333333
vt 0.770833 0.500000
vt 0.770833 0.583333
vt 0.770833 0.666667
vt 0.750000 0.750000
vt 0.770833 0.750000
vt 0.770833 0.833333
vt 0.770833 0.916667
vt 0.750000 1.000000
vt 0.770833 0.083333
vt 0.770833 0.250000
vt 0.770833 0.333333
vt 0.770833 0.416667
vt 0.750000 0.416667
vt 0.791667 0.500000
vt 0.791667 0.666667
vt 0.791667 0.750000
vt 0.791667 0.833333
vt 0.791667 0.916667
vt 0.770833 1.000000
vt 0.791667 0.000000
vt 0.770833 0.000000
vt 0.791667 0.083333
vt 0.770833 0.166667
vt 0.791667 0.166667
vt 0.791667 0.250000
vt 0.791667 0.333333
vt 0.791667 0.416667
vt 0.812500 0.500000
vt 0.791667 0.583333
vt 0.812500 0.583333
vt 0.812500 0.666667
vt 0.812500 0.833333
vt 0.812500 0.916667
vt 0.791667 1.000000
vt 0.812500 0.000000
vt 0.812500 0.083333
vt 0.812500 0.250000
vt 0.812500 0.416667
vt 0.833333 0.500000
vt 0.833333 0.666667
vt 0.812500 0.750000
vt 0.833333 0.750000
vt 0.833333 0.833333
vt 0.833333 0.916667
vt 0.812500 1.000000
vt 0.833333 0.000000
vt 0.833333 0.083333
vt 0.812500 0.166667
vt 0.833333 0.166667
vt 0.833333 0.250000
vt 0.812500 0.333333
vt 0.833333 0.333333
vt 0.833333 0.416667
vt 0.854167 0.500000
vt 0.833333 0.583333
vt 0.854167 0.583333
vt 0.854167 0.666667
vt 0.854167 0.750000
vt 0.854167 0.833333
vt 0.854167 1.000000
vt 0.833333 1.000000
vt 0.854167 0.000000
vt 0.854167 0.166667
vt 0.854167 0.250000
vt 0.854167 0.333333
vt 0.854167 0.416667
vt 0.875000 0.500000
vt 0.875000 0.583333
vt 0.875000 0.750000
vt 0.875000 0.833333
vt 0.854167 0.916667
vt 0.875000 0.916667
vt 0.875000 0.000000
vt 0.854167 0.083333
vt 0.875000 0.166667
vt 0.875000 0.250000
vt 0.875000 0.333333
vt 0.875000 0.416667
vt 0.895833 0.500000
vt 0.895833 0.583333
vt 0.875000 0.666667
vt 0.895833 0.666667
vt 0.895833 0.833333
vt 0.895833 0.916667
vt 0.875000 1.000000
vt 0.895833 0.000000
vt 0.875000 0.083333
vt 0.895833 0.166667
vt 0.895833 0.250000
vt 0.895833 0.416667
vt 0.916667 0.583333
vt 0.916667 0.750000
vt 0.895833 0.750000
vt 0.916667 0.833333
vt 0.916667 0.916667
vt 0.895833 1.000000
vt 0.916667 0.000000
vt 0.895833 0.083333
vt 0.916667 0.083333
vt 0.916667 0.250000
vt 0.895833 0.333333
vt 0.916667 0.333333
vt 0.916667 0.416667
vt 0.937500 0.500000
vt 0.916667 0.500000
vt 0.937500 0.583333
vt 0.916667 0.666667
vt 0.937500 0.666667
vt 0.937500 0.833333
vt 0.937500 0.916667
vt 0.916667 1.000000
vt 0.937500 0.083333
vt 0.916667 0.166667
vt 0.937500 0.166667
vt 0.937500 0.250000
vt 0.937500 0.416667
vt 0.958333 0.583333
vt 0.958333 0.666667
vt 0.937500 0.750000
vt 0.958333 0.833333
vt 0.958333 0.916667
vt 0.937500 1.000000
vt 0.958333 0.000000
vt 0.937500 0.000000
vt 0.958333 0.083333
vt 0.958333 0.166667
vt 0.958333 0.333333
vt 0.937500 0.333333
vt 0.958333 0.416667
vt 0.979167 0.500000
vt 0.958333 0.500000
vt 0.979167 0.583333
vt 0.979167 0.666667
vt 0.958333 0.750000
vt 0.979167 0.750000
vt 0.979167 0.833333
vt 0.979167 0.916667
vt 0.958333 1.000000
vt 0.979167 0.000000
vt 0.979167 0.166667
vt 0.979167 0.250000
vt 0.958333 0.250000
vt 0.979167 0.333333
vt 0.979167 0.416667
vt 1.000000 0.583333
vt 1.000000 0.666667
vt 1.000000 0.750000
vt 1.000000 0.833333
vt 1.000000 0.916667
vt 0.979167 1.000000
vt 1.000000 0.000000
vt 0.979167 0.083333
vt 1.000000 0.166667
vt 1.000000 0.250000
vt 1.000000 0.333333
vt 1.000000 0.416667
vt 0.020833 0.500000
vt 0.000000 0.583333
vt 0.000000 0.500000
vt 0.020833 0.583333
vt 0.000000 0.666667
vt 0.020833 0.666667
vt 0.000000 0.750000
vt 0.020833 0.750000
vt 0.000000 0.833333
vt 0.020833 0.833333
vt 0.000000 0.916667
vt 0.020833 0.916667
vt 0.000000 1.000000
vt 0.000000 0.000000
vt 0.020833 0.083333
vt 0.000000 0.083333
vt 0.000000 0.166667
vt 0.020833 0.250000
vt 0.000000 0.250000
vt 0.020833 0.333333
vt 0.000000 0.333333
vt 0.020833 0.416667
vt 0.000000 0.416667
vt 0.041667 0.583333
vt 0.041667 0.666667
vt 0.041667 0.750000
vt 0.041667 0.833333
vt 0.041667 0.916667
vt 0.020833 1.000000
vt 0.041667 0.000000
vt 0.020833 0.000000
vt 0.041667 0.083333
vt 0.020833 0.166667
vt 0.041667 0.166667
vt 0.041667 0.250000
vt 0.041667 0.333333
vt 0.041667 0.500000
vt 0.062500 0.500000
vt 0.062500 0.583333
vt 0.062500 0.750000
vt 0.062500 0.833333
vt 0.062500 0.916667
vt 0.041667 1.000000
vt 0.062500 0.000000
vt 0.062500 0.166667
vt 0.062500 0.250000
vt 0.062500 0.416667
vt 0.041667 0.416667
vt 0.083333 0.500000
vt 0.083333 0.583333
vt 0.062500 0.666667
vt 0.083333 0.666667
vt 0.083333 0.750000
vt 0.083333 0.833333
vt 0.083333 1.000000
vt 0.062500 1.000000
vt 0.083333 0.000000
vt 0.062500 0.083333
vt 0.083333 0.083333
vt 0.083333 0.166667
vt 0.083333 0.333333
vt 0.062500 0.333333
vt 0.083333 0.416667
vt 0.104167 0.500000
vt 0.104167 0.583333
vt 0.104167 0.666667
vt 0.104167 0.833333
vt 0.083333 0.916667
vt 0.104167 0.916667
vt 0.104167 0.000000
vt 0.104167 0.166667
vt 0.083333 0.250000
vt 0.104167 0.250000
vt 0.104167 0.416667
vt 0.125000 0.500000
vt 0.125000 0.666667
vt 0.104167 0.750000
vt 0.125000 0.750000
vt 0.125000 0.833333
vt 0.125000 0.916667
vt 0.104167 1.000000
vt 0.125000 0.000000
vt 0.104167 0.083333
vt 0.125000 0.083333
vt 0.125000 0.250000
vt 0.104167 0.333333
vt 0.125000 0.333333
vt 0.125000 0.416667
vt 0.145833 0.583333
vt 0.125000 0.583333
vt 0.145833 0.666667
vt 0.145833 0.833333
vt 0.145833 0.916667
vt 0.125000 1.000000
vt 0.145833 0.000000
vt 0.145833 0.083333
vt 0.125000 0.166667
vt 0.145833 0.166667
vt 0.145833 0.250000
vt 0.145833 0.333333
vt 0.145833 0.416667
vt 0.145833 0.500000
vt 0.166667 0.583333
vt 0.166667 0.666667
vt 0.145833 0.750000
vt 0.166667 0.750000
vt 0.166667 0.916667
vt 0.145833 1.000000
vt 0.166667 0.000000
vt 0.166667 0.083333
vt 0.166667 0.166667
vt 0.166667 0.333333
vt 0.166667 0.416667
vt 0.187500 0.500000
vt 0.166667 0.500000
vt 0.187500 0.583333
vt 0.187500 0.666667
vt 0.187500 0.750000
vt 0.166667 0.833333
vt 0.187500 0.833333
vt 0.187500 0.916667
vt 0.166667 1.000000
vt 0.187500 0.000000
vt 0.187500 0.083333
vt 0.187500 0.250000
vt 0.166667 0.250000
vt 0.187500 0.416667
vt 0.208333 0.500000
vt 0.208333 0.583333
vt 0.208333 0.666667
vt 0.208333 0.750000
vt 0.208333 0.916667
vt 0.187500 1.000000
vt 0.208333 0.000000
vt 0.208333 0.083333
vt 0.187500 0.166667
vt 0.208333 0.166667
vt 0.208333 0.250000
vt 0.187500 0.333333
vt 0.208333 0.416667
vt 0.229167 0.500000
vt 0.229167 0.666667
vt 0.229167 0.750000
vt 0.208333 0.833333
vt 0.229167 0.916667
vt 0.208333 1.000000
vt 0.229167 0.000000
vt 0.229167 0.083333
vt 0.229167 0.250000
vt 0.208333 0.333333
vt 0.229167 0.333333
vt 0.229167 0.416667
vt 0.250000 0.500000
vt 0.229167 0.583333
vt 0.250000 0.583333
vt 0.250000 0.750000
vt 0.250000 0.833333
vt 0.229167 0.833333
vt 0.250000 1.000000
vt 0.229167 1.000000
vt 0.250000 0.000000
vt 0.250000 0.083333
vt 0.229167 0.166667
vt 0.250000 0.166667
vt 0.250000 0.250000
vt 0.250000 0.333333
vt 0.250000 0.416667
vt 0.270833 0.583333
vt 0.250000 0.666667
vt 0.270833 0.666667
vt 0.270833 0.750000
vt 0.270833 0.833333
vt 0.250000 0.916667
vt 0.270833 0.916667
vt 0.270833 0.000000
vt 0.270833 0.166667
vt 0.270833 0.250000
vt 0.270833 0.333333
vt 0.270833 0.416667
vt 0.291667 0.500000
vt 0.270833 0.500000
vt 0.291667 0.583333
vt 0.291667 0.666667
vt 0.291667 0.750000
vt 0.291667 0.833333
vt 0.291667 1.000000
vt 0.270833 1.000000
vt 0.291667 0.000000
vt 0.270833 0.083333
vt 0.291667 0.083333
vt 0.291667 0.250000
vt 0.291667 0.333333
vt 0.291667 0.416667
vt 0.312500 0.500000
vt 0.312500 0.583333
vt 0.312500 0.666667
vt 0.312500 0.750000
vt 0.312500 0.833333
vt 0.291667 0.916667
vt 0.312500 0.916667
vt 0.312500 0.000000
vt 0.312500 0.083333
vt 0.291667 0.166667
vt 0.312500 0.166667
vt 0.312500 0.333333
vt 0.312500 0.416667
vt 0.333333 0.500000
vt 0.333333 0.583333
vt 0.333333 0.750000
vt 0.333333 0.833333
vt 0.333333 0.916667
vt 0.312500 1.000000
vt 0.333333 0.000000
vt 0.333333 0.083333
vt 0.333333 0.166667
vt 0.312500 0.250000
vt 0.333333 0.250000
vt 0.333333 0.333333
vt 0.354167 0.583333
vt 0.333333 0.666667
vt 0.354167 0.666667
vt 0.354167 0.750000
vt 0.354167 0.833333
vt 0.354167 0.916667
vt 0.333333 1.000000
vt 0.354167 0.000000
vt 0.354167 0.083333
vt 0.354167 0.166667
vt 0.354167 0.250000
vt 0.354167 0.416667
vt 0.333333 0.416667
vt 0.354167 0.500000
vt 0.375000 0.583333
vt 0.375000 0.750000
vt 0.375000 0.833333
vt 0.375000 0.916667
vt 0.354167 1.000000
vt 0.375000 0.000000
vt 0.375000 0.083333
vt 0.375000 0.166667
vt 0.375000 0.250000
vt 0.354167 0.333333
vt 0.375000 0.416667
vt 0.375000 0.500000
vt 0.395833 0.583333
vt 0.375000 0.666667
vt 0.395833 0.750000
vt 0.395833 0.833333
vt 0.395833 0.916667
vt 0.375000 1.000000
vt 0.395833 0.000000
vt 0.395833 0.166667
vt 0.395833 0.250000
vt 0.375000 0.333333
vt 0.395833 0.333333
vt 0.395833 0.416667
vt 0.416667 0.500000
vt 0.395833 0.500000
vt 0.416667 0.583333
vt 0.395833 0.666667
vt 0.416667 0.666667
vt 0.416667 0.750000
vt 0.416667 0.833333
vt 0.416667 0.916667
vt 0.395833 1.000000
vt 0.416667 0.000000
vt 0.395833 0.083333
vt 0.416667 0.166667
vt 0.416667 0.250000
vt 0.416667 0.416667
vt 0.437500 0.500000
vt 0.437500 0.583333
vt 0.437500 0.750000
vt 0.437500 0.833333
vt 0.437500 0.916667
vt 0.416667 1.000000
vt 0.437500 0.000000
vt 0.416667 0.083333
vt 0.437500 0.083333
vt 0.437500 0.166667
vt 0.437500 0.250000
vt 0.416667 0.333333
vt 0.437500 0.333333
vt 0.437500 0.416667
vt 0.458333 0.500000
vt 0.458333 0.583333
vt 0.437500 0.666667
vt 0.458333 0.666667
vt 0.458333 0.750000
vt 0.458333 0.833333
vt 0.458333 0.916667
vt 0.437500 1.000000
vt 0.458333 0.000000
vt 0.458333 0.166667
vt 0.458333 0.250000
vt 0.458333 0.333333
vt 0.458333 0.416667
vt 0.479167 0.583333
vt 0.479167 0.666667
vt 0.479167 0.750000
vt 0.479167 0.833333
vt 0.479167 1.000000
vt 0.458333 1.000000
vt 0.479167 0.000000
vt 0.458333 0.083333
vt 0.479167 0.083333
vt 0.479167 0.250000
vt 0.479167 0.333333
vt 0.479167 0.416667
vt 0.479167 0.500000
vt 0.479167 0.916667
vt 0.479167 0.166667
vt 1.000000 0.500000
vt 1.000000 1.000000
vt 1.000000 0.083333
s 0
f 334/427/292 323/428/292 322/429/292
f 323/428/293 336/430/293 324/431/293
f 336/430/294 325/432/294 324/431/294
f 337/433/295 326/434/295 325/432/295
f 338/435/296 327/436/296 326/434/296
f 327/436/297 340/437/297 328/438/297
f 340/439/298 329/440/298 328/441/298
f 341/442/299 330/443/299 329/440/299
f 342/444/300 331/445/300 330/443/300
f 343/446/301 332/447/301 331/445/301
f 344/448/302 333/449/302 332/447/302
f 345/450/303 322/429/303 333/449/303
f 346/451/304 335/452/304 334/427/304
f 347/453/305 336/430/305 335/452/305
f 348/454/306 337/433/306 336/430/306
f 349/455/307 338/435/307 337/433/307
f 338/435/308 351/456/308 339/457/308
f 351/456/309 340/437/309 339/457/309
f 352/458/310 341/442/310 340/439/310
f 353/459/311 342/444/311 341/442/311
f 342/444/312 355/460/312 343/446/312
f 343/446/313 356/461/313 344/448/313
f 344/448/314 357/462/314 345/450/314
f 357/462/315 334/427/315 345/450/315
f 346/451/316 359/463/316 347/453/316
f 359/463/317 348/454/317 347/453/317
f 360/464/318 349/455/318 348/454/318
f 349/455/319 362/465/319 350/466/319
f 350/466/320 363/467/320 351/456/320
f 351/456/321 364/468/321 352/469/321
f 364/470/322 353/459/322 352/458/322
f 365/471/323 354/472/323 353/459/323
f 354/472/324 367/473/324 355/460/324
f 355/460/325 368/474/325 356/461/325
f 356/461/326 369/475/326 357/462/326
f 369/475/327 346/451/327 357/462/327
f 358/476/328 371/477/328 359/463/328
f 359/463/329 372/478/329 360/464/329
f 360/464/330 373/479/330 361/480/330
f 373/479/331 362/465/331 361/480/331
f 362/465/332 375/481/332 363/467/332
f 375/481/333 364/468/333 363/467/333
f 376/482/334 365/471/334 364/470/334
f 377/483/335 366/484/335 365/471/335
f 366/484/336 379/485/336 367/473/336
f 379/485/337 368/474/337 367/473/337
f 380/486/338 369/475/338 368/474/338
f 381/487/339 358/476/339 369/475/339
f 382/488/340 371/477/340 370/489/340
f 371/477/341 384/490/341 372/478/341
f 384/490/342 373/479/342 372/478/342
f 385/491/343 374/492/343 373/479/343
f 374/492/344 387/493/344 375/481/344
f 387/493/345 376/494/345 375/481/345
f 388/495/346 377/483/346 376/482/346
f 389/496/347 378/497/347 377/483/347
f 390/498/348 379/485/348 378/497/348
f 391/499/349 380/486/349 379/485/349
f 392/500/350 381/487/350 380/486/350
f 381/487/351 382/488/351 370/489/351
f 394/501/352 383/502/352 382/488/352
f 395/503/353 384/490/353 383/502/353
f 396/504/354 385/491/354 384/490/354
f 397/505/355 386/506/355 385/491/355
f 398/507/356 387/493/356 386/506/356
f 399/508/357 388/509/357 387/493/357
f 388/495/358 401/510/358 389/496/358
f 401/510/359 390/498/359 389/496/359
f 402/511/360 391/499/360 390/498/360
f 403/512/361 392/500/361 391/499/361
f 392/500/362 405/513/362 393/514/362
f 405/513/363 382/488/363 393/514/363
f 406/515/364 395/503/364 394/501/364
f 395/503/365 408/516/365 396/504/365
f 408/516/366 397/505/366 396/504/366
f 409/517/367 398/507/367 397/505/367
f 398/507/368 411/518/368 399/508/368
f 411/518/369 400/519/369 399/508/369
f 412/520/370 401/510/370 400/521/370
f 413/522/371 402/511/371 401/510/371
f 402/511/372 415/523/372 403/512/372
f 403/512/373 416/524/373 404/525/373
f 416/524/374 405/513/374 404/525/374
f 417/526/375 394/501/375 405/513/375
f 418/527/376 407/528/376 406/515/376
f 407/528/377 420/529/377 408/516/377
f 408/516/378 421/530/378 409/517/378
f 421/530/379 410/531/379 409/517/379
f 410/531/380 423/532/380 411/518/380
f 423/532/381 412/533/381 411/518/381
f 424/534/382 413/522/382 412/520/382
f 425/535/383 414/536/383 413/522/383
f 426/537/384 415/523/384 414/536/384
f 427/538/385 416/524/385 415/523/385
f 428/539/386 417/526/386 416/524/386
f 429/540/387 406/515/387 417/526/387
f 418/527/388 431/541/388 419/542/388
f 431/541/389 420/529/389 419/542/389
f 432/543/390 421/530/390 420/529/390
f 433/544/391 422/545/391 421/530/391
f 434/546/392 423/532/392 422/545/392
f 435/547/393 424/548/393 423/532/393
f 436/549/394 425/535/394 424/534/394
f 437/550/395 426/537/395 425/535/395
f 426/537/396 439/551/396 427/538/396
f 427/538/397 440/552/397 428/539/397
f 440/552/398 429/540/398 428/539/398
f 441/553/399 418/527/399 429/540/399
f 442/554/400 431/541/400 430/555/400
f 443/556/401 432/543/401 431/541/401
f 444/557/402 433/544/402 432/543/402
f 445/558/403 434/546/403 433/544/403
f 434/546/404 447/559/404 435/547/404
f 447/559/405 436/560/405 435/547/405
f 448/561/406 437/550/406 436/549/406
f 449/562/407 438/563/407 437/550/407
f 450/564/408 439/551/408 438/563/408
f 451/565/409 440/552/409 439/551/409
f 452/566/410 441/553/410 440/552/410
f 453/567/411 430/555/411 441/553/411
f 454/568/412 443/556/412 442/554/412
f 455/569/413 444/557/413 443/556/413
f 444/557/414 457/570/414 445/558/414
f 457/570/415 446/571/415 445/558/415
f 458/572/416 447/559/416 446/571/416
f 459/573/417 448/574/417 447/559/417
f 448/561/418 461/575/418 449/562/418
f 461/575/419 450/564/419 449/562/419
f 450/564/420 463/576/420 451/565/420
f 463/576/421 452/566/421 451/565/421
f 464/577/422 453/567/422 452/566/422
f 465/578/423 442/554/423 453/567/423
f 466/579/424 455/569/424 454/568/424
f 467/580/425 456/581/425 455/569/425
f 468/582/426 457/570/426 456/581/426
f 457/570/427 470/583/427 458/572/427
f 458/572/428 471/584/428 459/573/428
f 471/584/429 460/585/429 459/573/429
f 472/586/430 461/575/430 460/587/430
f 473/588/431 462/589/431 461/575/431
f 474/590/432 463/576/432 462/589/432
f 475/591/433 464/577/433 463/576/433
f 476/592/434 465/578/434 464/577/434
f 465/578/435 466/579/435 454/568/435
f 478/593/436 467/580/436 466/579/436
f 479/594/437 468/582/437 467/580/437
f 480/595/438 469/596/438 468/582/438
f 481/597/439 470/583/439 469/596/439
f 482/598/440 471/584/440 470/583/440
f 483/599/441 472/600/441 471/584/441
f 472/586/442 485/601/442 473/588/442
f 485/601/443 474/590/443 473/588/443
f 474/590/444 487/602/444 475/591/444
f 475/591/445 488/603/445 476/592/445
f 476/592/446 489/604/446 477/605/446
f 477/605/447 478/593/447 466/579/447
f 490/606/448 479/594/448 478/593/448
f 479/594/449 492/607/449 480/595/449
f 480/595/450 493/608/450 481/597/450
f 493/608/451 482/598/451 481/597/451
f 494/609/452 483/599/452 482/598/452
f 495/610/453 484/611/453 483/599/453
f 496/612/454 485/601/454 484/613/454
f 497/614/455 486/615/455 485/601/455
f 498/616/456 487/602/456 486/615/456
f 499/617/457 488/603/457 487/602/457
f 500/618/458 489/604/458 488/603/458
f 501/619/459 478/593/459 489/604/459
f 502/620/460 491/621/460 490/606/460
f 503/622/461 492/607/461 491/621/461
f 504/623/462 493/608/462 492/607/462
f 493/608/463 506/624/463 494/609/463
f 506/624/464 495/610/464 494/609/464
f 507/625/465 496/626/465 495/610/465
f 508/627/466 497/614/466 496/612/466
f 509/628/467 498/616/467 497/614/467
f 498/616/468 511/629/468 499/617/468
f 511/629/469 500/618/469 499/617/469
f 500/618/470 513/630/470 501/619/470
f 513/630/471 490/606/471 501/619/471
f 514/631/472 503/622/472 502/620/472
f 503/622/473 516/632/473 504/623/473
f 516/632/474 505/633/474 504/623/474
f 517/634/475 506/624/475 505/633/475
f 518/635/476 507/625/476 506/624/476
f 519/636/477 508/637/477 507/625/477
f 520/638/478 509/628/478 508/627/478
f 521/639/479 510/640/479 509/628/479
f 522/641/480 511/629/480 510/640/480
f 523/642/481 512/643/481 511/629/481
f 524/644/482 513/630/482 512/643/482
f 525/645/483 502/620/483 513/630/483
f 526/646/484 515/647/484 514/631/484
f 527/648/485 516/632/485 515/647/485
f 528/649/486 517/634/486 516/632/486
f 529/650/487 518/635/487 517/634/487
f 530/651/488 519/636/488 518/635/488
f 519/636/489 532/652/489 520/653/489
f 532/654/490 521/639/490 520/638/490
f 521/639/491 534/655/491 522/641/491
f 522/641/492 535/656/492 523/642/492
f 523/642/493 536/657/493 524/644/493
f 524/644/494 537/658/494 525/645/494
f 537/658/495 514/631/495 525/645/495
f 538/659/496 527/648/496 526/646/496
f 539/660/497 528/649/497 527/648/497
f 528/649/498 541/661/498 529/650/498
f 541/661/499 530/651/499 529/650/499
f 542/662/500 531/663/500 530/651/500
f 543/664/501 532/652/501 531/663/501
f 544/665/502 533/666/502 532/654/502
f 533/666/503 546/667/503 534/655/503
f 546/667/504 535/656/504 534/655/504
f 547/668/505 536/657/505 535/656/505
f 548/669/506 537/658/506 536/657/506
f 549/670/507 526/646/507 537/658/507
f 550/671/508 539/660/508 538/659/508
f 551/672/509 540/673/509 539/660/509
f 552/674/510 541/661/510 540/673/510
f 541/661/511 554/675/511 542/662/511
f 554/675/512 543/664/512 542/662/512
f 555/676/513 544/677/513 543/664/513
f 556/678/514 545/679/514 544/665/514
f 545/679/515 558/680/515 546/667/515
f 558/680/516 547/668/516 546/667/516
f 559/681/517 548/669/517 547/668/517
f 548/669/518 561/682/518 549/670/518
f 561/682/519 538/659/519 549/670/519
f 550/671/520 563/683/520 551/672/520
f 563/683/521 552/674/521 551/672/521
f 552/674/522 565/684/522 553/685/522
f 565/684/523 554/675/523 553/685/523
f 566/686/524 555/676/524 554/675/524
f 567/687/525 556/688/525 555/676/525
f 568/689/526 557/690/526 556/678/526
f 569/691/527 558/680/527 557/690/527
f 558/680/528 571/692/528 559/681/528
f 571/692/529 560/693/529 559/681/529
f 572/694/530 561/682/530 560/693/530
f 573/695/531 550/671/531 561/682/531
f 574/696/532 563/683/532 562/697/532
f 575/698/533 564/699/533 563/683/533
f 576/700/534 565/684/534 564/699/534
f 565/684/535 578/701/535 566/686/535
f 578/701/536 567/687/536 566/686/536
f 579/702/537 568/703/537 567/687/537
f 568/689/538 581/704/538 569/691/538
f 581/704/539 570/705/539 569/691/539
f 582/706/540 571/692/540 570/705/540
f 583/707/541 572/694/541 571/692/541
f 572/694/542 585/708/542 573/695/542
f 585/708/543 562/697/543 573/695/543
f 574/696/544 587/709/544 575/698/544
f 587/709/545 576/700/545 575/698/545
f 588/710/546 577/711/546 576/700/546
f 577/711/547 590/712/547 578/701/547
f 590/712/548 579/702/548 578/701/548
f 591/713/549 580/714/549 579/702/549
f 592/715/550 581/704/550 580/716/550
f 593/717/551 582/706/551 581/704/551
f 594/718/552 583/707/552 582/706/552
f 583/707/553 596/719/553 584/720/553
f 596/719/554 585/708/554 584/720/554
f 597/721/555 574/696/555 585/708/555
f 598/722/556 587/709/556 586/723/556
f 599/724/557 588/710/557 587/709/557
f 600/725/558 589/726/558 588/710/558
f 601/727/559 590/712/559 589/726/559
f 602/728/560 591/713/560 590/712/560
f 603/729/561 592/730/561 591/713/561
f 604/731/562 593/717/562 592/715/562
f 593/717/563 606/732/563 594/718/563
f 594/718/564 607/733/564 595/734/564
f 595/734/565 608/735/565 596/719/565
f 596/719/566 609/736/566 597/721/566
f 597/721/567 598/722/567 586/723/567
f 598/722/568 611/737/568 599/724/568
f 611/737/569 600/725/569 599/724/569
f 612/738/570 601/727/570 600/725/570
f 613/739/571 602/728/571 601/727/571
f 614/740/572 603/729/572 602/728/572
f 615/741/573 604/742/573 603/729/573
f 616/743/574 605/744/574 604/731/574
f 605/744/575 618/745/575 606/732/575
f 618/745/576 607/733/576 606/732/576
f 619/746/577 608/735/577 607/733/577
f 620/747/578 609/736/578 608/735/578
f 621/748/579 598/722/579 609/736/579
f 622/749/297 611/750/297 610/751/297
f 623/752/296 612/753/296 611/750/296
f 624/754/295 613/755/295 612/753/295
f 625/756/294 614/757/294 613/755/294
f 626/758/293 615/759/293 614/757/293
f 627/760/292 616/761/292 615/759/292
f 616/762/303 629/763/303 617/764/303
f 629/763/302 618/765/302 617/764/302
f 618/765/301 631/766/301 619/767/301
f 619/767/300 632/768/300 620/769/300
f 620/769/299 633/770/299 621/771/299
f 621/771/298 622/749/298 610/751/298
f 622/749/309 635/772/309 623/752/309
f 623/752/308 636/773/308 624/754/308
f 624/754/307 637/774/307 625/756/307
f 625/756/306 638/775/306 626/758/306
f 626/758/305 639/776/305 627/760/305
f 639/776/304 628/777/304 627/760/304
f 640/778/315 629/763/315 628/779/315
f 641/780/314 630/781/314 629/763/314
f 642/782/313 631/766/313 630/781/313
f 643/783/312 632/768/312 631/766/312
f 644/784/311 633/770/311 632/768/311
f 633/770/310 634/785/310 622/749/310
f 646/786/321 635/772/321 634/785/321
f 647/787/320 636/773/320 635/772/320
f 636/773/319 649/788/319 637/774/319
f 649/788/318 638/775/318 637/774/318
f 650/789/317 639/776/317 638/775/317
f 651/790/316 640/791/316 639/776/316
f 652/792/327 641/780/327 640/778/327
f 641/780/326 654/793/326 642/782/326
f 654/793/325 643/783/325 642/782/325
f 655/794/324 644/784/324 643/783/324
f 644/784/323 657/795/323 645/796/323
f 645/796/322 646/786/322 634/785/322
f 658/797/333 647/787/333 646/786/333
f 659/798/332 648/799/332 647/787/332
f 660/800/331 649/788/331 648/799/331
f 661/801/330 650/789/330 649/788/330
f 662/802/329 651/790/329 650/789/329
f 651/790/328 664/803/328 652/804/328
f 664/805/339 653/806/339 652/792/339
f 665/807/338 654/793/338 653/806/338
f 666/808/337 655/794/337 654/793/337
f 655/794/336 668/809/336 656/810/336
f 656/810/335 669/811/335 657/795/335
f 669/811/334 646/786/334 657/795/334
f 670/812/345 659/798/345 658/797/345
f 671/813/344 660/800/344 659/798/344
f 672/814/343 661/801/343 660/800/343
f 661/801/342 674/815/342 662/802/342
f 674/815/341 663/816/341 662/802/341
f 675/817/340 664/803/340 663/816/340
f 676/818/351 665/807/351 664/805/351
f 665/807/350 678/819/350 666/808/350
f 678/819/349 667/820/349 666/808/349
f 679/821/348 668/809/348 667/820/348
f 668/809/347 681/822/347 669/811/347
f 681/822/346 658/797/346 669/811/346
f 682/823/357 671/813/357 670/812/357
f 671/813/356 684/824/356 672/814/356
f 684/824/355 673/825/355 672/814/355
f 685/826/354 674/815/354 673/825/354
f 686/827/353 675/817/353 674/815/353
f 687/828/352 676/829/352 675/817/352
f 688/830/363 677/831/363 676/818/363
f 689/832/362 678/819/362 677/831/362
f 678/819/361 691/833/361 679/821/361
f 691/833/360 680/834/360 679/821/360
f 692/835/359 681/822/359 680/834/359
f 693/836/358 670/812/358 681/822/358
f 682/823/369 695/837/369 683/838/369
f 683/838/368 696/839/368 684/824/368
f 696/839/367 685/826/367 684/824/367
f 685/826/366 698/840/366 686/827/366
f 698/840/365 687/828/365 686/827/365
f 699/841/364 688/842/364 687/828/364
f 700/843/375 689/832/375 688/830/375
f 701/844/374 690/845/374 689/832/374
f 702/846/373 691/833/373 690/845/373
f 703/847/372 692/835/372 691/833/372
f 704/848/371 693/836/371 692/835/371
f 705/849/370 682/823/370 693/836/370
f 694/850/381 707/851/381 695/837/381
f 707/851/380 696/839/380 695/837/380
f 708/852/379 697/853/379 696/839/379
f 709/854/378 698/840/378 697/853/378
f 698/840/377 711/855/377 699/841/377
f 711/855/376 700/856/376 699/841/376
f 712/857/387 701/844/387 700/843/387
f 713/858/386 702/846/386 701/844/386
f 714/859/385 703/847/385 702/846/385
f 703/847/384 716/860/384 704/848/384
f 704/848/383 717/861/383 705/849/383
f 717/861/382 694/850/382 705/849/382
f 718/862/393 707/851/393 706/863/393
f 719/864/392 708/852/392 707/851/392
f 720/865/391 709/854/391 708/852/391
f 721/866/390 710/867/390 709/854/390
f 722/868/389 711/855/389 710/867/389
f 723/869/388 712/870/388 711/855/388
f 724/871/399 713/858/399 712/857/399
f 725/872/398 714/859/398 713/858/398
f 714/859/397 727/873/397 715/874/397
f 727/873/396 716/860/396 715/874/396
f 716/860/395 729/875/395 717/861/395
f 729/875/394 706/863/394 717/861/394
f 730/876/405 719/864/405 718/862/405
f 731/877/404 720/865/404 719/864/404
f 732/878/403 721/866/403 720/865/403
f 733/879/402 722/868/402 721/866/402
f 722/868/401 735/880/401 723/869/401
f 735/880/400 724/881/400 723/869/400
f 736/882/411 725/872/411 724/871/411
f 737/883/410 726/884/410 725/872/410
f 738/885/409 727/873/409 726/884/409
f 739/886/408 728/887/408 727/873/408
f 728/887/407 741/888/407 729/875/407
f 741/888/406 718/862/406 729/875/406
f 742/889/417 731/877/417 730/876/417
f 731/877/416 744/890/416 732/878/416
f 744/890/415 733/879/415 732/878/415
f 745/891/414 734/892/414 733/879/414
f 734/892/413 747/893/413 735/880/413
f 747/893/412 736/894/412 735/880/412
f 748/895/423 737/883/423 736/882/423
f 749/896/422 738/885/422 737/883/422
f 738/885/421 751/897/421 739/886/421
f 751/897/420 740/898/420 739/886/420
f 752/899/419 741/888/419 740/898/419
f 753/900/418 730/876/418 741/888/418
f 754/901/429 743/902/429 742/889/429
f 755/903/428 744/890/428 743/902/428
f 744/890/427 757/904/427 745/891/427
f 745/891/426 758/905/426 746/906/426
f 758/905/425 747/893/425 746/906/425
f 747/893/580 760/907/580 748/908/580
f 760/909/581 749/896/581 748/895/581
f 761/910/434 750/911/434 749/896/434
f 762/912/433 751/897/433 750/911/433
f 763/913/432 752/899/432 751/897/432
f 764/914/431 753/900/431 752/899/431
f 765/915/430 742/889/430 753/900/430
f 754/901/441 767/916/441 755/903/441
f 767/916/440 756/917/440 755/903/440
f 768/918/439 757/904/439 756/917/439
f 769/919/438 758/905/438 757/904/438
f 770/920/437 759/921/437 758/905/437
f 771/922/582 760/907/582 759/921/582
f 772/923/583 761/910/583 760/909/583
f 761/910/446 774/924/446 762/912/446
f 762/912/445 775/925/445 763/913/445
f 775/925/444 764/914/444 763/913/444
f 776/926/443 765/915/443 764/914/443
f 777/927/442 754/901/442 765/915/442
f 778/928/453 767/916/453 766/929/453
f 779/930/452 768/918/452 767/916/452
f 780/931/451 769/919/451 768/918/451
f 781/932/450 770/920/450 769/919/450
f 782/933/449 771/922/449 770/920/449
f 771/922/448 784/934/448 772/935/448
f 784/936/459 773/937/459 772/923/459
f 785/938/458 774/924/458 773/937/458
f 774/924/457 787/939/457 775/925/457
f 775/925/456 788/940/456 776/926/456
f 788/940/455 777/927/455 776/926/455
f 789/941/454 766/929/454 777/927/454
f 790/942/465 779/930/465 778/928/465
f 791/943/464 780/931/464 779/930/464
f 792/944/463 781/932/463 780/931/463
f 793/945/462 782/933/462 781/932/462
f 794/946/461 783/947/461 782/933/461
f 795/948/460 784/934/460 783/947/460
f 796/949/471 785/938/471 784/936/471
f 797/950/470 786/951/470 785/938/470
f 798/952/469 787/939/469 786/951/469
f 787/939/468 800/953/468 788/940/468
f 788/940/467 801/954/467 789/941/467
f 801/954/466 778/928/466 789/941/466
f 802/955/477 791/943/477 790/942/477
f 803/956/476 792/944/476 791/943/476
f 792/944/475 805/957/475 793/945/475
f 793/945/474 806/958/474 794/946/474
f 806/958/473 795/948/473 794/946/473
f 807/959/472 796/960/472 795/948/472
f 808/961/483 797/950/483 796/949/483
f 809/962/482 798/952/482 797/950/482
f 810/963/481 799/964/481 798/952/481
f 811/965/480 800/953/480 799/964/480
f 812/966/479 801/954/479 800/953/479
f 801/954/478 802/955/478 790/942/478
f 802/955/489 815/967/489 803/956/489
f 815/967/488 804/968/488 803/956/488
f 816/969/487 805/957/487 804/968/487
f 817/970/486 806/958/486 805/957/486
f 818/971/485 807/959/485 806/958/485
f 819/972/484 808/973/484 807/959/484
f 820/974/495 809/962/495 808/961/495
f 821/975/494 810/963/494 809/962/494
f 822/976/493 811/965/493 810/963/493
f 823/977/492 812/966/492 811/965/492
f 812/966/491 825/978/491 813/979/491
f 825/978/490 802/955/490 813/979/490
f 814/980/501 827/981/501 815/967/501
f 827/981/500 816/969/500 815/967/500
f 816/969/499 829/982/499 817/970/499
f 817/970/498 830/983/498 818/971/498
f 818/971/497 831/984/497 819/972/497
f 831/984/496 820/985/496 819/972/496
f 832/986/507 821/975/507 820/974/507
f 833/987/506 822/976/506 821/975/506
f 834/988/505 823/977/505 822/976/505
f 835/989/504 824/990/504 823/977/504
f 824/990/503 837/991/503 825/978/503
f 837/991/502 814/980/502 825/978/502
f 826/992/513 839/993/513 827/981/513
f 839/993/512 828/994/512 827/981/512
f 828/994/511 841/995/511 829/982/511
f 841/995/510 830/983/510 829/982/510
f 842/996/509 831/984/509 830/983/509
f 843/997/508 832/998/508 831/984/508
f 844/999/519 833/987/519 832/986/519
f 833/987/518 846/1000/518 834/988/518
f 834/988/517 847/1001/517 835/989/517
f 847/1001/516 836/1002/516 835/989/516
f 848/1003/515 837/991/515 836/1002/515
f 849/1004/514 826/992/514 837/991/514
f 850/1005/525 839/993/525 838/1006/525
f 851/1007/524 840/1008/524 839/993/524
f 852/1009/523 841/995/523 840/1008/523
f 853/1010/522 842/996/522 841/995/522
f 854/1011/521 843/997/521 842/996/521
f 855/1012/520 844/1013/520 843/997/520
f 856/1014/531 845/1015/531 844/999/531
f 845/1015/530 858/1016/530 846/1000/530
f 858/1016/529 847/1001/529 846/1000/529
f 859/1017/528 848/1003/528 847/1001/528
f 848/1003/527 861/1018/527 849/1004/527
f 861/1018/526 838/1006/526 849/1004/526
f 862/1019/537 851/1007/537 850/1005/537
f 863/1020/536 852/1009/536 851/1007/536
f 852/1009/535 865/1021/535 853/1010/535
f 865/1021/534 854/1011/534 853/1010/534
f 866/1022/533 855/1012/533 854/1011/533
f 867/1023/532 856/1024/532 855/1012/532
f 868/1025/543 857/1026/543 856/1014/543
f 869/1027/542 858/1016/542 857/1026/542
f 870/1028/541 859/1017/541 858/1016/541
f 871/1029/540 860/1030/540 859/1017/540
f 872/1031/539 861/1018/539 860/1030/539
f 873/1032/538 850/1005/538 861/1018/538
f 874/1033/549 863/1020/549 862/1019/549
f 875/1034/548 864/1035/548 863/1020/548
f 876/1036/547 865/1021/547 864/1035/547
f 877/1037/546 866/1022/546 865/1021/546
f 878/1038/545 867/1023/545 866/1022/545
f 879/1039/544 868/1040/544 867/1023/544
f 880/1041/555 869/1027/555 868/1025/555
f 869/1027/554 882/1042/554 870/1028/554
f 882/1042/553 871/1029/553 870/1028/553
f 883/1043/552 872/1031/552 871/1029/552
f 884/1044/551 873/1032/551 872/1031/551
f 885/1045/550 862/1019/550 873/1032/550
f 874/1033/561 887/1046/561 875/1034/561
f 875/1034/560 888/1047/560 876/1036/560
f 876/1036/559 889/1048/559 877/1037/559
f 889/1048/558 878/1038/558 877/1037/558
f 890/1049/557 879/1039/557 878/1038/557
f 879/1039/556 892/1050/556 880/1051/556
f 892/1052/567 881/1053/567 880/1041/567
f 893/1054/566 882/1042/566 881/1053/566
f 882/1042/565 895/1055/565 883/1043/565
f 895/1055/564 884/1044/564 883/1043/564
f 896/1056/563 885/1045/563 884/1044/563
f 897/1057/562 874/1033/562 885/1045/562
f 322/429/573 887/1046/573 886/1058/573
f 323/428/572 888/1047/572 887/1046/572
f 324/431/571 889/1048/571 888/1047/571
f 325/432/570 890/1049/570 889/1048/570
f 326/434/569 891/1059/569 890/1049/569
f 327/436/568 892/1050/568 891/1059/568
f 892/1052/579 329/440/579 893/1054/579
f 329/440/578 894/1060/578 893/1054/578
f 330/443/577 895/1055/577 894/1060/577
f 331/445/576 896/1056/576 895/1055/576
f 896/1056/575 333/449/575 897/1057/575
f 897/1057/574 322/429/574 886/1058/574
f 334/427/292 335/452/292 323/428/292
f 323/428/293 335/452/293 336/430/293
f 336/430/294 337/433/294 325/432/294
f 337/433/295 338/435/295 326/434/295
f 338/435/296 339/457/296 327/436/296
f 327/436/297 339/457/297 340/437/297
f 340/439/298 341/442/298 329/440/298
f 341/442/299 342/444/299 330/443/299
f 342/444/300 343/446/300 331/445/300
f 343/446/301 344/448/301 332/447/301
f 344/448/302 345/450/302 333/449/302
f 345/450/303 334/427/303 322/429/303
f 346/451/304 347/453/304 335/452/304
f 347/453/305 348/454/305 336/430/305
f 348/454/306 349/455/306 337/433/306
f 349/455/307 350/466/307 338/435/307
f 338/435/308 350/466/308 351/456/308
f 351/456/309 352/469/309 340/437/309
f 352/458/310 353/459/310 341/442/310
f 353/459/311 354/472/311 342/444/311
f 342/444/312 354/472/312 355/460/312
f 343/446/313 355/460/313 356/461/313
f 344/448/314 356/461/314 357/462/314
f 357/462/315 346/451/315 334/427/315
f 346/451/316 358/476/316 359/463/316
f 359/463/317 360/464/317 348/454/317
f 360/464/318 361/480/318 349/455/318
f 349/455/319 361/480/319 362/465/319
f 350/466/320 362/465/320 363/467/320
f 351/456/321 363/467/321 364/468/321
f 364/470/322 365/471/322 353/459/322
f 365/471/323 366/484/323 354/472/323
f 354/472/324 366/484/324 367/473/324
f 355/460/325 367/473/325 368/474/325
f 356/461/326 368/474/326 369/475/326
f 369/475/327 358/476/327 346/451/327
f 358/476/328 370/489/328 371/477/328
f 359/463/329 371/477/329 372/478/329
f 360/464/330 372/478/330 373/479/330
f 373/479/331 374/492/331 362/465/331
f 362/465/332 374/492/332 375/481/332
f 375/481/333 376/494/333 364/468/333
f 376/482/334 377/483/334 365/471/334
f 377/483/335 378/497/335 366/484/335
f 366/484/336 378/497/336 379/485/336
f 379/485/337 380/486/337 368/474/337
f 380/486/338 381/487/338 369/475/338
f 381/487/339 370/489/339 358/476/339
f 382/488/340 383/502/340 371/477/340
f 371/477/341 383/502/341 384/490/341
f 384/490/342 385/491/342 373/479/342
f 385/491/343 386/506/343 374/492/343
f 374/492/344 386/506/344 387/493/344
f 387/493/345 388/509/345 376/494/345
f 388/495/346 389/496/346 377/483/346
f 389/496/347 390/498/347 378/497/347
f 390/498/348 391/499/348 379/485/348
f 391/499/349 392/500/349 380/486/349
f 392/500/350 393/514/350 381/487/350
f 381/487/351 393/514/351 382/488/351
f 394/501/352 395/503/352 383/502/352
f 395/503/353 396/504/353 384/490/353
f 396/504/354 397/505/354 385/491/354
f 397/505/355 398/507/355 386/506/355
f 398/507/356 399/508/356 387/493/356
f 399/508/357 400/519/357 388/509/357
f 388/495/358 400/521/358 401/510/358
f 401/510/359 402/511/359 390/498/359
f 402/511/360 403/512/360 391/499/360
f 403/512/361 404/525/361 392/500/361
f 392/500/362 404/525/362 405/513/362
f 405/513/363 394/501/363 382/488/363
f 406/515/364 407/528/364 395/503/364
f 395/503/365 407/528/365 408/516/365
f 408/516/366 409/517/366 397/505/366
f 409/517/367 410/531/367 398/507/367
f 398/507/368 410/531/368 411/518/368
f 411/518/369 412/533/369 400/519/369
f 412/520/370 413/522/370 401/510/370
f 413/522/371 414/536/371 402/511/371
f 402/511/372 414/536/372 415/523/372
f 403/512/373 415/523/373 416/524/373
f 416/524/374 417/526/374 405/513/374
f 417/526/375 406/515/375 394/501/375
f 418/527/376 419/542/376 407/528/376
f 407/528/377 419/542/377 420/529/377
f 408/516/378 420/529/378 421/530/378
f 421/530/379 422/545/379 410/531/379
f 410/531/380 422/545/380 423/532/380
f 423/532/381 424/548/381 412/533/381
f 424/534/382 425/535/382 413/522/382
f 425/535/383 426/537/383 414/536/383
f 426/537/384 427/538/384 415/523/384
f 427/538/385 428/539/385 416/524/385
f 428/539/386 429/540/386 417/526/386
f 429/540/387 418/527/387 406/515/387
f 418/527/388 430/555/388 431/541/388
f 431/541/389 432/543/389 420/529/389
f 432/543/390 433/544/390 421/530/390
f 433/544/391 434/546/391 422/545/391
f 434/546/392 435/547/392 423/532/392
f 435/547/393 436/560/393 424/548/393
f 436/549/394 437/550/394 425/535/394
f 437/550/395 438/563/395 426/537/395
f 426/537/396 438/563/396 439/551/396
f 427/538/397 439/551/397 440/552/397
f 440/552/398 441/553/398 429/540/398
f 441/553/399 430/555/399 418/527/399
f 442/554/400 443/556/400 431/541/400
f 443/556/401 444/557/401 432/543/401
f 444/557/402 445/558/402 433/544/402
f 445/558/403 446/571/403 434/546/403
f 434/546/404 446/571/404 447/559/404
f 447/559/405 448/574/405 436/560/405
f 448/561/406 449/562/406 437/550/406
f 449/562/407 450/564/407 438/563/407
f 450/564/408 451/565/408 439/551/408
f 451/565/409 452/566/409 440/552/409
f 452/566/410 453/567/410 441/553/410
f 453/567/411 442/554/411 430/555/411
f 454/568/412 455/569/412 443/556/412
f 455/569/413 456/581/413 444/557/413
f 444/557/414 456/581/414 457/570/414
f 457/570/415 458/572/415 446/571/415
f 458/572/416 459/573/416 447/559/416
f 459/573/417 460/585/417 448/574/417
f 448/561/418 460/587/418 461/575/418
f 461/575/419 462/589/419 450/564/419
f 450/564/420 462/589/420 463/576/420
f 463/576/421 464/577/421 452/566/421
f 464/577/422 465/578/422 453/567/422
f 465/578/423 454/568/423 442/554/423
f 466/579/424 467/580/424 455/569/424
f 467/580/425 468/582/425 456/581/425
f 468/582/426 469/596/426 457/570/426
f 457/570/427 469/596/427 470/583/427
f 458/572/428 470/583/428 471/584/428
f 471/584/429 472/600/429 460/585/429
f 472/586/430 473/588/430 461/575/430
f 473/588/431 474/590/431 462/589/431
f 474/590/432 475/591/432 463/576/432
f 475/591/433 476/592/433 464/577/433
f 476/592/434 477/605/434 465/578/434
f 465/578/435 477/605/435 466/579/435
f 478/593/582 479/594/582 467/580/582
f 479/594/437 480/595/437 468/582/437
f 480/595/438 481/597/438 469/596/438
f 481/597/439 482/598/439 470/583/439
f 482/598/440 483/599/440 471/584/440
f 483/599/441 484/611/441 472/600/441
f 472/586/442 484/613/442 485/601/442
f 485/601/443 486/615/443 474/590/443
f 474/590/444 486/615/444 487/602/444
f 475/591/445 487/602/445 488/603/445
f 476/592/446 488/603/446 489/604/446
f 477/605/583 489/604/583 478/593/583
f 490/606/448 491/621/448 479/594/448
f 479/594/449 491/621/449 492/607/449
f 480/595/450 492/607/450 493/608/450
f 493/608/451 494/609/451 482/598/451
f 494/609/452 495/610/452 483/599/452
f 495/610/453 496/626/453 484/611/453
f 496/612/454 497/614/454 485/601/454
f 497/614/455 498/616/455 486/615/455
f 498/616/456 499/617/456 487/602/456
f 499/617/457 500/618/457 488/603/457
f 500/618/458 501/619/458 489/604/458
f 501/619/459 490/606/459 478/593/459
f 502/620/460 503/622/460 491/621/460
f 503/622/461 504/623/461 492/607/461
f 504/623/462 505/633/462 493/608/462
f 493/608/463 505/633/463 506/624/463
f 506/624/464 507/625/464 495/610/464
f 507/625/465 508/637/465 496/626/465
f 508/627/466 509/628/466 497/614/466
f 509/628/467 510/640/467 498/616/467
f 498/616/468 510/640/468 511/629/468
f 511/629/469 512/643/469 500/618/469
f 500/618/470 512/643/470 513/630/470
f 513/630/471 502/620/471 490/606/471
f 514/631/472 515/647/472 503/622/472
f 503/622/473 515/647/473 516/632/473
f 516/632/474 517/634/474 505/633/474
f 517/634/475 518/635/475 506/624/475
f 518/635/476 519/636/476 507/625/476
f 519/636/477 520/653/477 508/637/477
f 520/638/478 521/639/478 509/628/478
f 521/639/479 522/641/479 510/640/479
f 522/641/480 523/642/480 511/629/480
f 523/642/481 524/644/481 512/643/481
f 524/644/482 525/645/482 513/630/482
f 525/645/483 514/631/483 502/620/483
f 526/646/484 527/648/484 515/647/484
f 527/648/485 528/649/485 516/632/485
f 528/649/486 529/650/486 517/634/486
f 529/650/487 530/651/487 518/635/487
f 530/651/488 531/663/488 519/636/488
f 519/636/489 531/663/489 532/652/489
f 532/654/490 533/666/490 521/639/490
f 521/639/491 533/666/491 534/655/491
f 522/641/492 534/655/492 535/656/492
f 523/642/493 535/656/493 536/657/493
f 524/644/494 536/657/494 537/658/494
f 537/658/495 526/646/495 514/631/495
f 538/659/496 539/660/496 527/648/496
f 539/660/497 540/673/497 528/649/497
f 528/649/498 540/673/498 541/661/498
f 541/661/499 542/662/499 530/651/499
f 542/662/500 543/664/500 531/663/500
f 543/664/501 544/677/501 532/652/501
f 544/665/502 545/679/502 533/666/502
f 533/666/503 545/679/503 546/667/503
f 546/667/504 547/668/504 535/656/504
f 547/668/505 548/669/505 536/657/505
f 548/669/506 549/670/506 537/658/506
f 549/670/507 538/659/507 526/646/507
f 550/671/508 551/672/508 539/660/508
f 551/672/509 552/674/509 540/673/509
f 552/674/510 553/685/510 541/661/510
f 541/661/511 553/685/511 554/675/511
f 554/675/512 555/676/512 543/664/512
f 555/676/513 556/688/513 544/677/513
f 556/678/514 557/690/514 545/679/514
f 545/679/515 557/690/515 558/680/515
f 558/680/516 559/681/516 547/668/516
f 559/681/517 560/693/517 548/669/517
f 548/669/518 560/693/518 561/682/518
f 561/682/519 550/671/519 538/659/519
f 550/671/520 562/697/520 563/683/520
f 563/683/521 564/699/521 552/674/521
f 552/674/522 564/699/522 565/684/522
f 565/684/523 566/686/523 554/675/523
f 566/686/524 567/687/524 555/676/524
f 567/687/525 568/703/525 556/688/525
f 568/689/526 569/691/526 557/690/526
f 569/691/527 570/705/527 558/680/527
f 558/680/528 570/705/528 571/692/528
f 571/692/529 572/694/529 560/693/529
f 572/694/530 573/695/530 561/682/530
f 573/695/531 562/697/531 550/671/531
f 574/696/532 575/698/532 563/683/532
f 575/698/533 576/700/533 564/699/533
f 576/700/534 577/711/534 565/684/534
f 565/684/535 577/711/535 578/701/535
f 578/701/536 579/702/536 567/687/536
f 579/702/537 580/714/537 568/703/537
f 568/689/538 580/716/538 581/704/538
f 581/704/539 582/706/539 570/705/539
f 582/706/540 583/707/540 571/692/540
f 583/707/541 584/720/541 572/694/541
f 572/694/542 584/720/542 585/708/542
f 585/708/543 574/696/543 562/697/543
f 574/696/544 586/723/544 587/709/544
f 587/709/545 588/710/545 576/700/545
f 588/710/546 589/726/546 577/711/546
f 577/711/547 589/726/547 590/712/547
f 590/712/548 591/713/548 579/702/548
f 591/713/549 592/730/549 580/714/549
f 592/715/550 593/717/550 581/704/550
f 593/717/551 594/718/551 582/706/551
f 594/718/552 595/734/552 583/707/552
f 583/707/553 595/734/553 596/719/553
f 596/719/554 597/721/554 585/708/554
f 597/721/555 586/723/555 574/696/555
f 598/722/556 599/724/556 587/709/556
f 599/724/557 600/725/557 588/710/557
f 600/725/558 601/727/558 589/726/558
f 601/727/559 602/728/559 590/712/559
f 602/728/560 603/729/560 591/713/560
f 603/729/561 604/742/561 592/730/561
f 604/731/562 605/744/562 593/717/562
f 593/717/563 605/744/563 606/732/563
f 594/718/564 606/732/564 607/733/564
f 595/734/565 607/733/565 608/735/565
f 596/719/566 608/735/566 609/736/566
f 597/721/567 609/736/567 598/722/567
f 598/722/568 610/1061/568 611/737/568
f 611/737/569 612/738/569 600/725/569
f 612/738/570 613/739/570 601/727/570
f 613/739/571 614/740/571 602/728/571
f 614/740/572 615/741/572 603/729/572
f 615/741/573 616/1062/573 604/742/573
f 616/743/574 617/1063/574 605/744/574
f 605/744/575 617/1063/575 618/745/575
f 618/745/576 619/746/576 607/733/576
f 619/746/577 620/747/577 608/735/577
f 620/747/578 621/748/578 609/736/578
f 621/748/579 610/1061/579 598/722/579
f 622/749/297 623/752/297 611/750/297
f 623/752/296 624/754/296 612/753/296
f 624/754/295 625/756/295 613/755/295
f 625/756/294 626/758/294 614/757/294
f 626/758/293 627/760/293 615/759/293
f 627/760/292 628/777/292 616/761/292
f 616/762/303 628/779/303 629/763/303
f 629/763/302 630/781/302 618/765/302
f 618/765/301 630/781/301 631/766/301
f 619/767/300 631/766/300 632/768/300
f 620/769/299 632/768/299 633/770/299
f 621/771/298 633/770/298 622/749/298
f 622/749/309 634/785/309 635/772/309
f 623/752/308 635/772/308 636/773/308
f 624/754/307 636/773/307 637/774/307
f 625/756/306 637/774/306 638/775/306
f 626/758/305 638/775/305 639/776/305
f 639/776/304 640/791/304 628/777/304
f 640/778/315 641/780/315 629/763/315
f 641/780/314 642/782/314 630/781/314
f 642/782/313 643/783/313 631/766/313
f 643/783/312 644/784/312 632/768/312
f 644/784/311 645/796/311 633/770/311
f 633/770/310 645/796/310 634/785/310
f 646/786/321 647/787/321 635/772/321
f 647/787/320 648/799/320 636/773/320
f 636/773/319 648/799/319 649/788/319
f 649/788/318 650/789/318 638/775/318
f 650/789/317 651/790/317 639/776/317
f 651/790/316 652/804/316 640/791/316
f 652/792/327 653/806/327 641/780/327
f 641/780/326 653/806/326 654/793/326
f 654/793/325 655/794/325 643/783/325
f 655/794/324 656/810/324 644/784/324
f 644/784/323 656/810/323 657/795/323
f 645/796/322 657/795/322 646/786/322
f 658/797/333 659/798/333 647/787/333
f 659/798/332 660/800/332 648/799/332
f 660/800/331 661/801/331 649/788/331
f 661/801/330 662/802/330 650/789/330
f 662/802/329 663/816/329 651/790/329
f 651/790/328 663/816/328 664/803/328
f 664/805/339 665/807/339 653/806/339
f 665/807/338 666/808/338 654/793/338
f 666/808/337 667/820/337 655/794/337
f 655/794/336 667/820/336 668/809/336
f 656/810/335 668/809/335 669/811/335
f 669/811/334 658/797/334 646/786/334
f 670/812/345 671/813/345 659/798/345
f 671/813/344 672/814/344 660/800/344
f 672/814/343 673/825/343 661/801/343
f 661/801/342 673/825/342 674/815/342
f 674/815/341 675/817/341 663/816/341
f 675/817/340 676/829/340 664/803/340
f 676/818/351 677/831/351 665/807/351
f 665/807/350 677/831/350 678/819/350
f 678/819/349 679/821/349 667/820/349
f 679/821/348 680/834/348 668/809/348
f 668/809/347 680/834/347 681/822/347
f 681/822/346 670/812/346 658/797/346
f 682/823/357 683/838/357 671/813/357
f 671/813/356 683/838/356 684/824/356
f 684/824/355 685/826/355 673/825/355
f 685/826/354 686/827/354 674/815/354
f 686/827/353 687/828/353 675/817/353
f 687/828/352 688/842/352 676/829/352
f 688/830/363 689/832/363 677/831/363
f 689/832/362 690/845/362 678/819/362
f 678/819/361 690/845/361 691/833/361
f 691/833/360 692/835/360 680/834/360
f 692/835/359 693/836/359 681/822/359
f 693/836/358 682/823/358 670/812/358
f 682/823/369 694/850/369 695/837/369
f 683/838/368 695/837/368 696/839/368
f 696/839/367 697/853/367 685/826/367
f 685/826/366 697/853/366 698/840/366
f 698/840/365 699/841/365 687/828/365
f 699/841/364 700/856/364 688/842/364
f 700/843/375 701/844/375 689/832/375
f 701/844/374 702/846/374 690/845/374
f 702/846/373 703/847/373 691/833/373
f 703/847/372 704/848/372 692/835/372
f 704/848/371 705/849/371 693/836/371
f 705/849/370 694/850/370 682/823/370
f 694/850/381 706/863/381 707/851/381
f 707/851/380 708/852/380 696/839/380
f 708/852/379 709/854/379 697/853/379
f 709/854/378 710/867/378 698/840/378
f 698/840/377 710/867/377 711/855/377
f 711/855/376 712/870/376 700/856/376
f 712/857/387 713/858/387 701/844/387
f 713/858/386 714/859/386 702/846/386
f 714/859/385 715/874/385 703/847/385
f 703/847/384 715/874/384 716/860/384
f 704/848/383 716/860/383 717/861/383
f 717/861/382 706/863/382 694/850/382
f 718/862/393 719/864/393 707/851/393
f 719/864/392 720/865/392 708/852/392
f 720/865/391 721/866/391 709/854/391
f 721/866/390 722/868/390 710/867/390
f 722/868/389 723/869/389 711/855/389
f 723/869/388 724/881/388 712/870/388
f 724/871/399 725/872/399 713/858/399
f 725/872/398 726/884/398 714/859/398
f 714/859/397 726/884/397 727/873/397
f 727/873/396 728/887/396 716/860/396
f 716/860/395 728/887/395 729/875/395
f 729/875/394 718/862/394 706/863/394
f 730/876/405 731/877/405 719/864/405
f 731/877/404 732/878/404 720/865/404
f 732/878/403 733/879/403 721/866/403
f 733/879/402 734/892/402 722/868/402
f 722/868/401 734/892/401 735/880/401
f 735/880/400 736/894/400 724/881/400
f 736/882/411 737/883/411 725/872/411
f 737/883/410 738/885/410 726/884/410
f 738/885/409 739/886/409 727/873/409
f 739/886/408 740/898/408 728/887/408
f 728/887/407 740/898/407 741/888/407
f 741/888/406 730/876/406 718/862/406
f 742/889/417 743/902/417 731/877/417
f 731/877/416 743/902/416 744/890/416
f 744/890/415 745/891/415 733/879/415
f 745/891/414 746/906/414 734/892/414
f 734/892/413 746/906/413 747/893/413
f 747/893/412 748/908/412 736/894/412
f 748/895/423 749/896/423 737/883/423
f 749/896/422 750/911/422 738/885/422
f 738/885/421 750/911/421 751/897/421
f 751/897/420 752/899/420 740/898/420
f 752/899/419 753/900/419 741/888/419
f 753/900/418 742/889/418 730/876/418
f 754/901/429 755/903/429 743/902/429
f 755/903/428 756/917/428 744/890/428
f 744/890/427 756/917/427 757/904/427
f 745/891/426 757/904/426 758/905/426
f 758/905/425 759/921/425 747/893/425
f 747/893/424 759/921/424 760/907/424
f 760/909/435 761/910/435 749/896/435
f 761/910/434 762/912/434 750/911/434
f 762/912/433 763/913/433 751/897/433
f 763/913/432 764/914/432 752/899/432
f 764/914/431 765/915/431 753/900/431
f 765/915/430 754/901/430 742/889/430
f 754/901/441 766/929/441 767/916/441
f 767/916/440 768/918/440 756/917/440
f 768/918/439 769/919/439 757/904/439
f 769/919/438 770/920/438 758/905/438
f 770/920/437 771/922/437 759/921/437
f 771/922/582 772/935/582 760/907/582
f 772/923/583 773/937/583 761/910/583
f 761/910/446 773/937/446 774/924/446
f 762/912/445 774/924/445 775/925/445
f 775/925/444 776/926/444 764/914/444
f 776/926/443 777/927/443 765/915/443
f 777/927/442 766/929/442 754/901/442
f 778/928/453 779/930/453 767/916/453
f 779/930/452 780/931/452 768/918/452
f 780/931/451 781/932/451 769/919/451
f 781/932/450 782/933/450 770/920/450
f 782/933/449 783/947/449 771/922/449
f 771/922/448 783/947/448 784/934/448
f 784/936/459 785/938/459 773/937/459
f 785/938/458 786/951/458 774/924/458
f 774/924/457 786/951/457 787/939/457
f 775/925/456 787/939/456 788/940/456
f 788/940/455 789/941/455 777/927/455
f 789/941/454 778/928/454 766/929/454
f 790/942/465 791/943/465 779/930/465
f 791/943/464 792/944/464 780/931/464
f 792/944/463 793/945/463 781/932/463
f 793/945/462 794/946/462 782/933/462
f 794/946/461 795/948/461 783/947/461
f 795/948/460 796/960/460 784/934/460
f 796/949/471 797/950/471 785/938/471
f 797/950/470 798/952/470 786/951/470
f 798/952/469 799/964/469 787/939/469
f 787/939/468 799/964/468 800/953/468
f 788/940/467 800/953/467 801/954/467
f 801/954/466 790/942/466 778/928/466
f 802/955/477 803/956/477 791/943/477
f 803/956/476 804/968/476 792/944/476
f 792/944/475 804/968/475 805/957/475
f 793/945/474 805/957/474 806/958/474
f 806/958/473 807/959/473 795/948/473
f 807/959/472 808/973/472 796/960/472
f 808/961/483 809/962/483 797/950/483
f 809/962/482 810/963/482 798/952/482
f 810/963/481 811/965/481 799/964/481
f 811/965/480 812/966/480 800/953/480
f 812/966/479 813/979/479 801/954/479
f 801/954/478 813/979/478 802/955/478
f 802/955/489 814/980/489 815/967/489
f 815/967/488 816/969/488 804/968/488
f 816/969/487 817/970/487 805/957/487
f 817/970/486 818/971/486 806/958/486
f 818/971/485 819/972/485 807/959/485
f 819/972/484 820/985/484 808/973/484
f 820/974/495 821/975/495 809/962/495
f 821/975/494 822/976/494 810/963/494
f 822/976/493 823/977/493 811/965/493
f 823/977/492 824/990/492 812/966/492
f 812/966/491 824/990/491 825/978/491
f 825/978/490 814/980/490 802/955/490
f 814/980/501 826/992/501 827/981/501
f 827/981/500 828/994/500 816/969/500
f 816/969/499 828/994/499 829/982/499
f 817/970/498 829/982/498 830/983/498
f 818/971/497 830/983/497 831/984/497
f 831/984/496 832/998/496 820/985/496
f 832/986/507 833/987/507 821/975/507
f 833/987/506 834/988/506 822/976/506
f 834/988/505 835/989/505 823/977/505
f 835/989/504 836/1002/504 824/990/504
f 824/990/503 836/1002/503 837/991/503
f 837/991/502 826/992/502 814/980/502
f 826/992/513 838/1006/513 839/993/513
f 839/993/512 840/1008/512 828/994/512
f 828/994/511 840/1008/511 841/995/511
f 841/995/510 842/996/510 830/983/510
f 842/996/509 843/997/509 831/984/509
f 843/997/508 844/1013/508 832/998/508
f 844/999/519 845/1015/519 833/987/519
f 833/987/518 845/1015/518 846/1000/518
f 834/988/517 846/1000/517 847/1001/517
f 847/1001/516 848/1003/516 836/1002/516
f 848/1003/515 849/1004/515 837/991/515
f 849/1004/514 838/1006/514 826/992/514
f 850/1005/525 851/1007/525 839/993/525
f 851/1007/524 852/1009/524 840/1008/524
f 852/1009/523 853/1010/523 841/995/523
f 853/1010/522 854/1011/522 842/996/522
f 854/1011/521 855/1012/521 843/997/521
f 855/1012/520 856/1024/520 844/1013/520
f 856/1014/531 857/1026/531 845/1015/531
f 845/1015/530 857/1026/530 858/1016/530
f 858/1016/529 859/1017/529 847/1001/529
f 859/1017/528 860/1030/528 848/1003/528
f 848/1003/527 860/1030/527 861/1018/527
f 861/1018/526 850/1005/526 838/1006/526
f 862/1019/537 863/1020/537 851/1007/537
f 863/1020/536 864/1035/536 852/1009/536
f 852/1009/535 864/1035/535 865/1021/535
f 865/1021/534 866/1022/534 854/1011/534
f 866/1022/533 867/1023/533 855/1012/533
f 867/1023/532 868/1040/532 856/1024/532
f 868/1025/543 869/1027/543 857/1026/543
f 869/1027/542 870/1028/542 858/1016/542
f 870/1028/541 871/1029/541 859/1017/541
f 871/1029/540 872/1031/540 860/1030/540
f 872/1031/539 873/1032/539 861/1018/539
f 873/1032/538 862/1019/538 850/1005/538
f 874/1033/549 875/1034/549 863/1020/549
f 875/1034/548 876/1036/548 864/1035/548
f 876/1036/547 877/1037/547 865/1021/547
f 877/1037/546 878/1038/546 866/1022/546
f 878/1038/545 879/1039/545 867/1023/545
f 879/1039/544 880/1051/544 868/1040/544
f 880/1041/555 881/1053/555 869/1027/555
f 869/1027/554 881/1053/554 882/1042/554
f 882/1042/553 883/1043/553 871/1029/553
f 883/1043/552 884/1044/552 872/1031/552
f 884/1044/551 885/1045/551 873/1032/551
f 885/1045/550 874/1033/550 862/1019/550
f 874/1033/561 886/1058/561 887/1046/561
f 875/1034/560 887/1046/560 888/1047/560
f 876/1036/559 888/1047/559 889/1048/559
f 889/1048/558 890/1049/558 878/1038/558
f 890/1049/557 891/1059/557 879/1039/557
f 879/1039/556 891/1059/556 892/1050/556
f 892/1052/567 893/1054/567 881/1053/567
f 893/1054/566 894/1060/566 882/1042/566
f 882/1042/565 894/1060/565 895/1055/565
f 895/1055/564 896/1056/564 884/1044/564
f 896/1056/563 897/1057/563 885/1045/563
f 897/1057/562 886/1058/562 874/1033/562
f 322/429/573 323/428/573 887/1046/573
f 323/428/572 324/431/572 888/1047/572
f 324/431/571 325/432/571 889/1048/571
f 325/432/570 326/434/570 890/1049/570
f 326/434/569 327/436/569 891/1059/569
f 327/436/568 328/438/568 892/1050/568
f 892/1052/579 328/441/579 329/440/579
f 329/440/578 330/443/578 894/1060/578
f 330/443/577 331/445/577 895/1055/577
f 331/445/576 332/447/576 896/1056/576
f 896/1056/575 332/447/575 333/449/575
f 897/1057/574 333/449/574 322/429/574
o Cylinder.001
v 6.276885 2.541381 -33.471493
v 6.326042 2.674038 -33.465096
v 6.500664 2.453024 -33.358856
v 6.549821 2.585682 -33.352459
v 6.701051 2.371594 -33.210102
v 6.750208 2.504251 -33.203701
v 6.870343 2.300218 -33.030937
v 6.919500 2.432876 -33.024540
v 7.002036 2.241641 -32.828259
v 7.051193 2.374299 -32.821861
v 7.091069 2.198113 -32.609848
v 7.140226 2.330771 -32.603451
v 7.134020 2.171308 -32.384102
v 7.183177 2.303965 -32.377705
v 7.129239 2.162254 -32.159695
v 7.178396 2.294911 -32.153294
v 7.076909 2.171300 -31.945248
v 7.126066 2.303958 -31.938848
v 6.979041 2.198099 -31.749006
v 7.028198 2.330756 -31.742607
v 6.839397 2.241620 -31.578510
v 6.888554 2.374278 -31.572111
v 6.663342 2.300192 -31.440310
v 6.712500 2.432849 -31.433910
v 6.457644 2.371562 -31.339718
v 6.506801 2.504220 -31.333319
v 6.230205 2.452990 -31.280600
v 6.279363 2.585647 -31.274200
v 5.989768 2.541344 -31.265228
v 6.038925 2.674001 -31.258829
v 5.745570 2.633230 -31.294191
v 5.794727 2.765888 -31.287792
v 5.506998 2.725117 -31.366379
v 5.556155 2.857775 -31.359980
v 5.283219 2.813474 -31.479015
v 5.332376 2.946131 -31.472616
v 5.082832 2.894904 -31.627773
v 5.131989 3.027562 -31.621374
v 4.913540 2.966280 -31.806934
v 4.962697 3.098937 -31.800535
v 4.781847 3.024857 -32.009613
v 4.831004 3.157515 -32.003216
v 4.692814 3.068385 -32.228024
v 4.741971 3.201042 -32.221626
v 4.649863 3.095191 -32.453770
v 4.699020 3.227848 -32.447372
v 4.654644 3.104244 -32.678181
v 4.703801 3.236902 -32.671780
v 4.706974 3.095198 -32.892624
v 4.756131 3.227855 -32.886227
v 4.804842 3.068399 -33.088867
v 4.853999 3.201057 -33.082466
v 4.944486 3.024878 -33.259365
v 4.993643 3.157535 -33.252964
v 5.120541 2.966306 -33.397564
v 5.169698 3.098964 -33.391163
v 5.326239 2.894936 -33.498154
v 5.375396 3.027593 -33.491756
v 5.553678 2.813509 -33.557274
v 5.602835 2.946166 -33.550873
v 5.794116 2.725154 -33.572647
v 5.843273 2.857811 -33.566246
v 6.038313 2.633268 -33.543682
v 6.087470 2.765925 -33.537281
vn 0.4122 -0.1091 -0.9045
vn 0.5448 -0.1622 -0.8227
vn 0.6666 -0.2125 -0.7145
vn 0.7740 -0.2590 -0.5778
vn 0.8612 -0.2993 -0.4107
vn 0.9193 -0.3303 -0.2141
vn 0.9376 -0.3477 0.0059
vn 0.9074 -0.3476 0.2361
vn 0.8266 -0.3284 0.4571
vn 0.7022 -0.2915 0.6496
vn 0.5481 -0.2417 0.8007
vn 0.3794 -0.1843 0.9067
vn 0.2079 -0.1238 0.9703
vn 0.0406 -0.0631 0.9972
vn -0.1192 -0.0037 0.9929
vn -0.2702 0.0537 0.9613
vn -0.4122 0.1091 0.9045
vn -0.5448 0.1622 0.8227
vn -0.6666 0.2125 0.7145
vn -0.7740 0.2590 0.5778
vn -0.8612 0.2993 0.4107
vn -0.9193 0.3303 0.2141
vn -0.9376 0.3477 -0.0059
vn -0.9074 0.3476 -0.2361
vn -0.8266 0.3284 -0.4571
vn -0.7022 0.2915 -0.6496
vn -0.5481 0.2417 -0.8007
vn -0.3794 0.1843 -0.9067
vn -0.2079 0.1238 -0.9703
vn -0.0406 0.0631 -0.9972
vn 0.3471 0.9367 0.0452
vn 0.1192 0.0037 -0.9929
vn 0.2702 -0.0537 -0.9613
vn -0.3471 -0.9367 -0.0452
vt 1.000000 1.000000
vt 0.968750 0.500000
vt 1.000000 0.500000
vt 0.968750 1.000000
vt 0.937500 0.500000
vt 0.937500 1.000000
vt 0.906250 0.500000
vt 0.906250 1.000000
vt 0.875000 0.500000
vt 0.875000 1.000000
vt 0.843750 0.500000
vt 0.843750 1.000000
vt 0.812500 0.500000
vt 0.812500 1.000000
vt 0.781250 0.500000
vt 0.781250 1.000000
vt 0.750000 0.500000
vt 0.750000 1.000000
vt 0.718750 0.500000
vt 0.718750 1.000000
vt 0.687500 0.500000
vt 0.687500 1.000000
vt 0.656250 0.500000
vt 0.656250 1.000000
vt 0.625000 0.500000
vt 0.625000 1.000000
vt 0.593750 0.500000
vt 0.593750 1.000000
vt 0.562500 0.500000
vt 0.562500 1.000000
vt 0.531250 0.500000
vt 0.531250 1.000000
vt 0.500000 0.500000
vt 0.500000 1.000000
vt 0.468750 0.500000
vt 0.468750 1.000000
vt 0.437500 0.500000
vt 0.437500 1.000000
vt 0.406250 0.500000
vt 0.406250 1.000000
vt 0.375000 0.500000
vt 0.375000 1.000000
vt 0.343750 0.500000
vt 0.343750 1.000000
vt 0.312500 0.500000
vt 0.312500 1.000000
vt 0.281250 0.500000
vt 0.281250 1.000000
vt 0.250000 0.500000
vt 0.250000 1.000000
vt 0.218750 0.500000
vt 0.218750 1.000000
vt 0.187500 0.500000
vt 0.187500 1.000000
vt 0.156250 0.500000
vt 0.156250 1.000000
vt 0.125000 0.500000
vt 0.125000 1.000000
vt 0.093750 0.500000
vt 0.093750 1.000000
vt 0.062500 0.500000
vt 0.158156 0.028269
vt 0.471731 0.158156
vt 0.341844 0.471731
vt 0.062500 1.000000
vt 0.031250 0.500000
vt 0.031250 1.000000
vt 0.000000 0.500000
vt 0.796822 0.014612
vt 0.514612 0.203178
vt 0.703178 0.485388
vt 0.296822 0.485388
vt 0.250000 0.490000
vt 0.203178 0.485388
vt 0.158156 0.471731
vt 0.116663 0.449553
vt 0.080294 0.419706
vt 0.050447 0.383337
vt 0.028269 0.341844
vt 0.014612 0.296822
vt 0.010000 0.250000
vt 0.014612 0.203178
vt 0.028269 0.158156
vt 0.050447 0.116663
vt 0.080294 0.080294
vt 0.116663 0.050447
vt 0.203178 0.014612
vt 0.250000 0.010000
vt 0.296822 0.014612
vt 0.341844 0.028269
vt 0.383337 0.050447
vt 0.419706 0.080294
vt 0.449553 0.116663
vt 0.485388 0.203178
vt 0.490000 0.250000
vt 0.485388 0.296822
vt 0.471731 0.341844
vt 0.449553 0.383337
vt 0.419706 0.419706
vt 0.383337 0.449553
vt 0.000000 1.000000
vt 0.750000 0.490000
vt 0.796822 0.485388
vt 0.841844 0.471731
vt 0.883337 0.449553
vt 0.919706 0.419706
vt 0.949553 0.383337
vt 0.971731 0.341844
vt 0.985388 0.296822
vt 0.990000 0.250000
vt 0.985388 0.203178
vt 0.971731 0.158156
vt 0.949553 0.116663
vt 0.919706 0.080294
vt 0.883337 0.050447
vt 0.841844 0.028269
vt 0.750000 0.010000
vt 0.703178 0.014612
vt 0.658156 0.028269
vt 0.616663 0.050447
vt 0.580294 0.080294
vt 0.550447 0.116663
vt 0.528269 0.158156
vt 0.510000 0.250000
vt 0.514612 0.296822
vt 0.528269 0.341844
vt 0.550447 0.383337
vt 0.580294 0.419706
vt 0.616663 0.449553
vt 0.658156 0.471731
s 0
f 899/1064/584 900/1065/584 898/1066/584
f 901/1067/585 902/1068/585 900/1065/585
f 903/1069/586 904/1070/586 902/1068/586
f 905/1071/587 906/1072/587 904/1070/587
f 907/1073/588 908/1074/588 906/1072/588
f 909/1075/589 910/1076/589 908/1074/589
f 911/1077/590 912/1078/590 910/1076/590
f 913/1079/591 914/1080/591 912/1078/591
f 915/1081/592 916/1082/592 914/1080/592
f 917/1083/593 918/1084/593 916/1082/593
f 919/1085/594 920/1086/594 918/1084/594
f 921/1087/595 922/1088/595 920/1086/595
f 923/1089/596 924/1090/596 922/1088/596
f 925/1091/597 926/1092/597 924/1090/597
f 927/1093/598 928/1094/598 926/1092/598
f 929/1095/599 930/1096/599 928/1094/599
f 931/1097/600 932/1098/600 930/1096/600
f 933/1099/601 934/1100/601 932/1098/601
f 935/1101/602 936/1102/602 934/1100/602
f 937/1103/603 938/1104/603 936/1102/603
f 939/1105/604 940/1106/604 938/1104/604
f 941/1107/605 942/1108/605 940/1106/605
f 943/1109/606 944/1110/606 942/1108/606
f 945/1111/607 946/1112/607 944/1110/607
f 947/1113/608 948/1114/608 946/1112/608
f 949/1115/609 950/1116/609 948/1114/609
f 951/1117/610 952/1118/610 950/1116/610
f 953/1119/611 954/1120/611 952/1118/611
f 955/1121/612 956/1122/612 954/1120/612
f 957/1123/613 958/1124/613 956/1122/613
f 935/1125/614 919/1126/614 903/1127/614
f 959/1128/615 960/1129/615 958/1124/615
f 961/1130/616 898/1131/616 960/1129/616
f 928/1132/617 944/1133/617 960/1134/617
f 899/1064/584 901/1067/584 900/1065/584
f 901/1067/585 903/1069/585 902/1068/585
f 903/1069/586 905/1071/586 904/1070/586
f 905/1071/587 907/1073/587 906/1072/587
f 907/1073/588 909/1075/588 908/1074/588
f 909/1075/589 911/1077/589 910/1076/589
f 911/1077/590 913/1079/590 912/1078/590
f 913/1079/591 915/1081/591 914/1080/591
f 915/1081/592 917/1083/592 916/1082/592
f 917/1083/593 919/1085/593 918/1084/593
f 919/1085/594 921/1087/594 920/1086/594
f 921/1087/595 923/1089/595 922/1088/595
f 923/1089/596 925/1091/596 924/1090/596
f 925/1091/597 927/1093/597 926/1092/597
f 927/1093/598 929/1095/598 928/1094/598
f 929/1095/599 931/1097/599 930/1096/599
f 931/1097/600 933/1099/600 932/1098/600
f 933/1099/601 935/1101/601 934/1100/601
f 935/1101/602 937/1103/602 936/1102/602
f 937/1103/603 939/1105/603 938/1104/603
f 939/1105/604 941/1107/604 940/1106/604
f 941/1107/605 943/1109/605 942/1108/605
f 943/1109/606 945/1111/606 944/1110/606
f 945/1111/607 947/1113/607 946/1112/607
f 947/1113/608 949/1115/608 948/1114/608
f 949/1115/609 951/1117/609 950/1116/609
f 951/1117/610 953/1119/610 952/1118/610
f 953/1119/611 955/1121/611 954/1120/611
f 955/1121/612 957/1123/612 956/1122/612
f 957/1123/613 959/1128/613 958/1124/613
f 903/1127/614 901/1135/614 899/1136/614
f 899/1136/614 961/1137/614 959/1138/614
f 959/1138/614 957/1139/614 955/1140/614
f 955/1140/614 953/1141/614 951/1142/614
f 951/1142/614 949/1143/614 947/1144/614
f 947/1144/614 945/1145/614 943/1146/614
f 943/1146/614 941/1147/614 939/1148/614
f 939/1148/614 937/1149/614 935/1125/614
f 935/1125/614 933/1150/614 931/1151/614
f 931/1151/614 929/1152/614 927/1153/614
f 927/1153/614 925/1154/614 923/1155/614
f 923/1155/614 921/1156/614 919/1126/614
f 919/1126/614 917/1157/614 915/1158/614
f 915/1158/614 913/1159/614 911/1160/614
f 911/1160/614 909/1161/614 907/1162/614
f 907/1162/614 905/1163/614 903/1127/614
f 903/1127/614 899/1136/614 959/1138/614
f 959/1138/614 955/1140/614 951/1142/614
f 951/1142/614 947/1144/614 943/1146/614
f 943/1146/614 939/1148/614 935/1125/614
f 935/1125/614 931/1151/614 927/1153/614
f 927/1153/614 923/1155/614 919/1126/614
f 919/1126/614 915/1158/614 911/1160/614
f 911/1160/614 907/1162/614 903/1127/614
f 903/1127/614 959/1138/614 951/1142/614
f 951/1142/614 943/1146/614 935/1125/614
f 935/1125/614 927/1153/614 919/1126/614
f 919/1126/614 911/1160/614 903/1127/614
f 903/1127/614 951/1142/614 935/1125/614
f 959/1128/615 961/1130/615 960/1129/615
f 961/1130/616 899/1164/616 898/1131/616
f 960/1134/617 898/1165/617 900/1166/617
f 900/1166/617 902/1167/617 904/1168/617
f 904/1168/617 906/1169/617 908/1170/617
f 908/1170/617 910/1171/617 912/1172/617
f 912/1172/617 914/1173/617 916/1174/617
f 916/1174/617 918/1175/617 920/1176/617
f 920/1176/617 922/1177/617 924/1178/617
f 924/1178/617 926/1179/617 928/1132/617
f 928/1132/617 930/1180/617 932/1181/617
f 932/1181/617 934/1182/617 936/1183/617
f 936/1183/617 938/1184/617 940/1185/617
f 940/1185/617 942/1186/617 944/1133/617
f 944/1133/617 946/1187/617 948/1188/617
f 948/1188/617 950/1189/617 952/1190/617
f 952/1190/617 954/1191/617 956/1192/617
f 956/1192/617 958/1193/617 960/1134/617
f 960/1134/617 900/1166/617 904/1168/617
f 904/1168/617 908/1170/617 912/1172/617
f 912/1172/617 916/1174/617 920/1176/617
f 920/1176/617 924/1178/617 928/1132/617
f 928/1132/617 932/1181/617 936/1183/617
f 936/1183/617 940/1185/617 944/1133/617
f 944/1133/617 948/1188/617 952/1190/617
f 952/1190/617 956/1192/617 960/1134/617
f 960/1134/617 904/1168/617 912/1172/617
f 912/1172/617 920/1176/617 928/1132/617
f 928/1132/617 936/1183/617 944/1133/617
f 944/1133/617 952/1190/617 960/1134/617
f 960/1134/617 912/1172/617 928/1132/617
